/* Auto-generated by polyfill/build.js — do not edit */
#include <stdint.h>
#include <stddef.h>

const uint8_t qwrt_default_polyfill[] = {
0x1a,0x85,0x76,0xc8,0x5b,0xee,0x0c,0x01,0x06,0x70,0x61,0x6c,0x01,0x18,0x73,0x65,
0x74,0x75,0x70,0x43,0x6f,0x6e,0x73,0x6f,0x6c,0x65,0x01,0x20,0x73,0x65,0x74,0x75,
0x70,0x50,0x65,0x72,0x66,0x6f,0x72,0x6d,0x61,0x6e,0x63,0x65,0x01,0x16,0x73,0x65,
0x74,0x75,0x70,0x54,0x69,0x6d,0x65,0x72,0x73,0x01,0x20,0x73,0x65,0x74,0x75,0x70,
0x45,0x76,0x65,0x6e,0x74,0x54,0x61,0x72,0x67,0x65,0x74,0x01,0x14,0x73,0x65,0x74,
0x75,0x70,0x41,0x62,0x6f,0x72,0x74,0x01,0x10,0x73,0x65,0x74,0x75,0x70,0x55,0x52,
0x4c,0x01,0x1a,0x73,0x65,0x74,0x75,0x70,0x45,0x6e,0x63,0x6f,0x64,0x69,0x6e,0x67,
0x01,0x14,0x73,0x65,0x74,0x75,0x70,0x46,0x65,0x74,0x63,0x68,0x01,0x0e,0x73,0x65,
0x74,0x75,0x70,0x46,0x53,0x01,0x18,0x73,0x65,0x74,0x75,0x70,0x53,0x74,0x6f,0x72,
0x61,0x67,0x65,0x01,0x22,0x73,0x65,0x74,0x75,0x70,0x4c,0x6f,0x63,0x61,0x6c,0x53,
0x74,0x6f,0x72,0x61,0x67,0x65,0x01,0x22,0x73,0x65,0x74,0x75,0x70,0x54,0x65,0x78,
0x74,0x45,0x6e,0x63,0x6f,0x64,0x69,0x6e,0x67,0x01,0x16,0x73,0x65,0x74,0x75,0x70,
0x43,0x72,0x79,0x70,0x74,0x6f,0x01,0x20,0x73,0x65,0x74,0x75,0x70,0x45,0x72,0x72,
0x6f,0x72,0x45,0x76,0x65,0x6e,0x74,0x73,0x01,0x26,0x73,0x65,0x74,0x75,0x70,0x4d,
0x65,0x73,0x73,0x61,0x67,0x65,0x43,0x68,0x61,0x6e,0x6e,0x65,0x6c,0x01,0x2a,0x73,
0x65,0x74,0x75,0x70,0x42,0x72,0x6f,0x61,0x64,0x63,0x61,0x73,0x74,0x43,0x68,0x61,
0x6e,0x6e,0x65,0x6c,0x01,0x22,0x73,0x65,0x74,0x75,0x70,0x43,0x61,0x63,0x68,0x65,
0x53,0x74,0x6f,0x72,0x61,0x67,0x65,0x01,0x20,0x73,0x65,0x74,0x75,0x70,0x45,0x76,
0x65,0x6e,0x74,0x53,0x6f,0x75,0x72,0x63,0x65,0x01,0x1c,0x73,0x65,0x74,0x75,0x70,
0x57,0x65,0x62,0x53,0x6f,0x63,0x6b,0x65,0x74,0x01,0x1e,0x73,0x65,0x74,0x75,0x70,
0x48,0x74,0x74,0x70,0x53,0x65,0x72,0x76,0x65,0x72,0x01,0x24,0x73,0x65,0x74,0x75,
0x70,0x48,0x6f,0x73,0x74,0x4d,0x65,0x73,0x73,0x61,0x67,0x69,0x6e,0x67,0x01,0x18,
0x73,0x65,0x74,0x75,0x70,0x53,0x74,0x72,0x65,0x61,0x6d,0x73,0x01,0x2a,0x73,0x65,
0x74,0x75,0x70,0x42,0x6c,0x6f,0x62,0x46,0x69,0x6c,0x65,0x46,0x6f,0x72,0x6d,0x44,
0x61,0x74,0x61,0x01,0x1e,0x73,0x65,0x74,0x75,0x70,0x55,0x52,0x4c,0x50,0x61,0x74,
0x74,0x65,0x72,0x6e,0x01,0x32,0x73,0x65,0x74,0x75,0x70,0x4e,0x61,0x76,0x69,0x67,
0x61,0x74,0x6f,0x72,0x52,0x65,0x70,0x6f,0x72,0x74,0x45,0x72,0x72,0x6f,0x72,0x01,
0x22,0x73,0x65,0x74,0x75,0x70,0x43,0x72,0x79,0x70,0x74,0x6f,0x53,0x75,0x62,0x74,
0x6c,0x65,0x01,0x26,0x69,0x6e,0x73,0x74,0x61,0x6c,0x6c,0x43,0x72,0x79,0x70,0x74,
0x6f,0x53,0x75,0x62,0x74,0x6c,0x65,0x01,0x28,0x73,0x65,0x74,0x75,0x70,0x53,0x74,
0x72,0x75,0x63,0x74,0x75,0x72,0x65,0x64,0x43,0x6c,0x6f,0x6e,0x65,0x01,0x16,0x73,
0x65,0x74,0x75,0x70,0x57,0x6f,0x72,0x6b,0x65,0x72,0x01,0x18,0x73,0x65,0x74,0x75,
0x70,0x43,0x6f,0x6e,0x74,0x65,0x78,0x74,0x01,0x08,0x70,0x61,0x6c,0x32,0x01,0x0c,
0x74,0x69,0x6d,0x65,0x72,0x73,0x01,0x0c,0x4c,0x45,0x56,0x45,0x4c,0x53,0x01,0x14,
0x66,0x6f,0x72,0x6d,0x61,0x74,0x41,0x72,0x67,0x73,0x01,0x10,0x63,0x6f,0x6e,0x73,
0x6f,0x6c,0x65,0x32,0x01,0x08,0x61,0x72,0x67,0x73,0x01,0x06,0x61,0x72,0x67,0x01,
0x02,0x65,0x01,0x12,0x73,0x74,0x72,0x69,0x6e,0x67,0x69,0x66,0x79,0x01,0x4e,0x2f,
0x68,0x6f,0x6d,0x65,0x2f,0x67,0x65,0x6d,0x2f,0x70,0x72,0x6f,0x6a,0x65,0x63,0x74,
0x2f,0x71,0x77,0x72,0x74,0x2f,0x64,0x69,0x73,0x74,0x2f,0x70,0x6f,0x6c,0x79,0x66,
0x69,0x6c,0x6c,0x2e,0x6a,0x73,0x01,0x06,0x6d,0x61,0x70,0x01,0x02,0x20,0x01,0x06,
0x6c,0x6f,0x67,0x01,0x08,0x69,0x6e,0x66,0x6f,0x01,0x08,0x77,0x61,0x72,0x6e,0x01,
0x0a,0x64,0x65,0x62,0x75,0x67,0x01,0x0e,0x54,0x72,0x61,0x63,0x65,0x3a,0x20,0x01,
0x06,0x6f,0x62,0x6a,0x01,0x0e,0x6f,0x70,0x74,0x69,0x6f,0x6e,0x73,0x01,0x0a,0x64,
0x65,0x70,0x74,0x68,0x01,0x0a,0x6c,0x61,0x62,0x65,0x6c,0x01,0x0e,0x74,0x69,0x6d,
0x65,0x4e,0x6f,0x77,0x01,0x0a,0x73,0x74,0x61,0x72,0x74,0x01,0x0e,0x65,0x6c,0x61,
0x70,0x73,0x65,0x64,0x01,0x0e,0x54,0x69,0x6d,0x65,0x72,0x20,0x27,0x01,0x20,0x27,
0x20,0x64,0x6f,0x65,0x73,0x20,0x6e,0x6f,0x74,0x20,0x65,0x78,0x69,0x73,0x74,0x01,
0x04,0x3a,0x20,0x01,0x0e,0x74,0x6f,0x46,0x69,0x78,0x65,0x64,0x01,0x04,0x6d,0x73,
0x01,0x12,0x63,0x6f,0x6e,0x64,0x69,0x74,0x69,0x6f,0x6e,0x01,0x24,0x41,0x73,0x73,
0x65,0x72,0x74,0x69,0x6f,0x6e,0x20,0x66,0x61,0x69,0x6c,0x65,0x64,0x3a,0x20,0x01,
0x0c,0x63,0x6f,0x75,0x6e,0x74,0x73,0x01,0x0a,0x63,0x6f,0x75,0x6e,0x74,0x01,0x0e,
0x5f,0x63,0x6f,0x75,0x6e,0x74,0x73,0x01,0x0a,0x47,0x72,0x6f,0x75,0x70,0x01,0x08,
0x64,0x61,0x74,0x61,0x01,0x0a,0x74,0x72,0x61,0x63,0x65,0x01,0x06,0x64,0x69,0x72,
0x01,0x08,0x74,0x69,0x6d,0x65,0x01,0x0e,0x74,0x69,0x6d,0x65,0x45,0x6e,0x64,0x01,
0x0c,0x61,0x73,0x73,0x65,0x72,0x74,0x01,0x0a,0x63,0x6c,0x65,0x61,0x72,0x01,0x14,
0x63,0x6f,0x75,0x6e,0x74,0x52,0x65,0x73,0x65,0x74,0x01,0x0a,0x67,0x72,0x6f,0x75,
0x70,0x01,0x10,0x67,0x72,0x6f,0x75,0x70,0x45,0x6e,0x64,0x01,0x0a,0x74,0x61,0x62,
0x6c,0x65,0x01,0x0e,0x63,0x6f,0x6e,0x73,0x6f,0x6c,0x65,0x01,0x0a,0x6d,0x61,0x72,
0x6b,0x73,0x01,0x10,0x6d,0x65,0x61,0x73,0x75,0x72,0x65,0x73,0x01,0x12,0x6f,0x62,
0x73,0x65,0x72,0x76,0x65,0x72,0x73,0x01,0x16,0x6e,0x6f,0x74,0x69,0x66,0x79,0x45,
0x6e,0x74,0x72,0x79,0x01,0x12,0x68,0x61,0x73,0x48,0x72,0x74,0x69,0x6d,0x65,0x01,
0x1a,0x5f,0x68,0x72,0x74,0x69,0x6d,0x65,0x4f,0x72,0x69,0x67,0x69,0x6e,0x01,0x0a,
0x6e,0x6f,0x77,0x4d,0x73,0x01,0x16,0x50,0x65,0x72,0x66,0x6f,0x72,0x6d,0x61,0x6e,
0x63,0x65,0x01,0x38,0x50,0x65,0x72,0x66,0x6f,0x72,0x6d,0x61,0x6e,0x63,0x65,0x4f,
0x62,0x73,0x65,0x72,0x76,0x65,0x72,0x45,0x6e,0x74,0x72,0x79,0x4c,0x69,0x73,0x74,
0x01,0x26,0x50,0x65,0x72,0x66,0x6f,0x72,0x6d,0x61,0x6e,0x63,0x65,0x4f,0x62,0x73,
0x65,0x72,0x76,0x65,0x72,0x01,0x0a,0x65,0x6e,0x74,0x72,0x79,0x01,0x06,0x6f,0x62,
0x73,0x01,0x0e,0x65,0x6e,0x74,0x72,0x69,0x65,0x73,0x01,0x14,0x5f,0x63,0x6f,0x6e,
0x6e,0x65,0x63,0x74,0x65,0x64,0x01,0x16,0x5f,0x65,0x6e,0x74,0x72,0x79,0x54,0x79,
0x70,0x65,0x73,0x01,0x0e,0x69,0x6e,0x64,0x65,0x78,0x4f,0x66,0x01,0x12,0x65,0x6e,
0x74,0x72,0x79,0x54,0x79,0x70,0x65,0x01,0x0e,0x5f,0x62,0x75,0x66,0x66,0x65,0x72,
0x01,0x08,0x70,0x75,0x73,0x68,0x01,0x14,0x5f,0x73,0x63,0x68,0x65,0x64,0x75,0x6c,
0x65,0x64,0x01,0x16,0x74,0x61,0x6b,0x65,0x52,0x65,0x63,0x6f,0x72,0x64,0x73,0x01,
0x10,0x63,0x61,0x6c,0x6c,0x62,0x61,0x63,0x6b,0x01,0x0e,0x66,0x6f,0x72,0x45,0x61,
0x63,0x68,0x01,0x0c,0x68,0x72,0x74,0x69,0x6d,0x65,0x01,0x48,0x4d,0x61,0x72,0x6b,
0x20,0x6e,0x61,0x6d,0x65,0x20,0x6d,0x75,0x73,0x74,0x20,0x62,0x65,0x20,0x61,0x20,
0x6e,0x6f,0x6e,0x2d,0x65,0x6d,0x70,0x74,0x79,0x20,0x73,0x74,0x72,0x69,0x6e,0x67,
0x01,0x08,0x6d,0x61,0x72,0x6b,0x01,0x12,0x73,0x74,0x61,0x72,0x74,0x54,0x69,0x6d,
0x65,0x01,0x10,0x64,0x75,0x72,0x61,0x74,0x69,0x6f,0x6e,0x01,0x12,0x73,0x74,0x61,
0x72,0x74,0x4d,0x61,0x72,0x6b,0x01,0x0e,0x65,0x6e,0x64,0x4d,0x61,0x72,0x6b,0x01,
0x0e,0x65,0x6e,0x64,0x54,0x69,0x6d,0x65,0x01,0x14,0x73,0x74,0x61,0x72,0x74,0x45,
0x6e,0x74,0x72,0x79,0x01,0x10,0x65,0x6e,0x64,0x45,0x6e,0x74,0x72,0x79,0x01,0x4e,
0x4d,0x65,0x61,0x73,0x75,0x72,0x65,0x20,0x6e,0x61,0x6d,0x65,0x20,0x6d,0x75,0x73,
0x74,0x20,0x62,0x65,0x20,0x61,0x20,0x6e,0x6f,0x6e,0x2d,0x65,0x6d,0x70,0x74,0x79,
0x20,0x73,0x74,0x72,0x69,0x6e,0x67,0x01,0x06,0x65,0x6e,0x64,0x01,0x0c,0x4d,0x61,
0x72,0x6b,0x20,0x27,0x01,0x16,0x27,0x20,0x6e,0x6f,0x74,0x20,0x66,0x6f,0x75,0x6e,
0x64,0x01,0x0e,0x6d,0x65,0x61,0x73,0x75,0x72,0x65,0x01,0x02,0x69,0x01,0x0c,0x73,
0x70,0x6c,0x69,0x63,0x65,0x01,0x0c,0x72,0x65,0x73,0x75,0x6c,0x74,0x01,0x02,0x61,
0x01,0x02,0x62,0x01,0x08,0x73,0x6f,0x72,0x74,0x01,0x08,0x74,0x79,0x70,0x65,0x01,
0x14,0x67,0x65,0x74,0x45,0x6e,0x74,0x72,0x69,0x65,0x73,0x01,0x0c,0x66,0x69,0x6c,
0x74,0x65,0x72,0x01,0x10,0x5f,0x65,0x6e,0x74,0x72,0x69,0x65,0x73,0x01,0x14,0x65,
0x6e,0x74,0x72,0x79,0x54,0x79,0x70,0x65,0x73,0x01,0x60,0x50,0x65,0x72,0x66,0x6f,
0x72,0x6d,0x61,0x6e,0x63,0x65,0x4f,0x62,0x73,0x65,0x72,0x76,0x65,0x72,0x2e,0x6f,
0x62,0x73,0x65,0x72,0x76,0x65,0x3a,0x20,0x65,0x6e,0x74,0x72,0x79,0x54,0x79,0x70,
0x65,0x73,0x20,0x72,0x65,0x71,0x75,0x69,0x72,0x65,0x64,0x01,0x06,0x69,0x64,0x78,
0x01,0x02,0x72,0x01,0x06,0x6e,0x6f,0x77,0x01,0x14,0x74,0x69,0x6d,0x65,0x4f,0x72,
0x69,0x67,0x69,0x6e,0x01,0x14,0x63,0x6c,0x65,0x61,0x72,0x4d,0x61,0x72,0x6b,0x73,
0x01,0x1a,0x63,0x6c,0x65,0x61,0x72,0x4d,0x65,0x61,0x73,0x75,0x72,0x65,0x73,0x01,
0x20,0x67,0x65,0x74,0x45,0x6e,0x74,0x72,0x69,0x65,0x73,0x42,0x79,0x4e,0x61,0x6d,
0x65,0x01,0x20,0x67,0x65,0x74,0x45,0x6e,0x74,0x72,0x69,0x65,0x73,0x42,0x79,0x54,
0x79,0x70,0x65,0x01,0x16,0x70,0x65,0x72,0x66,0x6f,0x72,0x6d,0x61,0x6e,0x63,0x65,
0x01,0x0e,0x6f,0x62,0x73,0x65,0x72,0x76,0x65,0x01,0x14,0x64,0x69,0x73,0x63,0x6f,
0x6e,0x6e,0x65,0x63,0x74,0x01,0x18,0x74,0x69,0x6d,0x65,0x72,0x45,0x6e,0x74,0x72,
0x69,0x65,0x73,0x01,0x24,0x6e,0x65,0x78,0x74,0x49,0x6e,0x74,0x65,0x72,0x76,0x61,
0x6c,0x48,0x61,0x6e,0x64,0x6c,0x65,0x01,0x0a,0x64,0x65,0x6c,0x61,0x79,0x01,0x0c,
0x68,0x61,0x6e,0x64,0x6c,0x65,0x01,0x06,0x65,0x72,0x72,0x01,0x0e,0x73,0x74,0x6f,
0x70,0x70,0x65,0x64,0x01,0x16,0x72,0x65,0x70,0x6f,0x72,0x74,0x45,0x72,0x72,0x6f,
0x72,0x01,0x4c,0x55,0x6e,0x63,0x61,0x75,0x67,0x68,0x74,0x20,0x65,0x72,0x72,0x6f,
0x72,0x20,0x69,0x6e,0x20,0x73,0x65,0x74,0x54,0x69,0x6d,0x65,0x6f,0x75,0x74,0x20,
0x63,0x61,0x6c,0x6c,0x62,0x61,0x63,0x6b,0x3a,0x01,0x4c,0x73,0x65,0x74,0x54,0x69,
0x6d,0x65,0x6f,0x75,0x74,0x20,0x63,0x61,0x6c,0x6c,0x62,0x61,0x63,0x6b,0x20,0x6d,
0x75,0x73,0x74,0x20,0x62,0x65,0x20,0x61,0x20,0x66,0x75,0x6e,0x63,0x74,0x69,0x6f,
0x6e,0x01,0x06,0x6d,0x69,0x6e,0x01,0x06,0x6d,0x61,0x78,0x01,0x14,0x74,0x69,0x6d,
0x65,0x72,0x53,0x74,0x61,0x72,0x74,0x01,0x14,0x69,0x73,0x49,0x6e,0x74,0x65,0x72,
0x76,0x61,0x6c,0x01,0x20,0x63,0x75,0x72,0x72,0x65,0x6e,0x74,0x50,0x61,0x6c,0x48,
0x61,0x6e,0x64,0x6c,0x65,0x01,0x18,0x73,0x63,0x68,0x65,0x64,0x75,0x6c,0x65,0x4e,
0x65,0x78,0x74,0x01,0x4e,0x55,0x6e,0x63,0x61,0x75,0x67,0x68,0x74,0x20,0x65,0x72,
0x72,0x6f,0x72,0x20,0x69,0x6e,0x20,0x73,0x65,0x74,0x49,0x6e,0x74,0x65,0x72,0x76,
0x61,0x6c,0x20,0x63,0x61,0x6c,0x6c,0x62,0x61,0x63,0x6b,0x3a,0x01,0x4e,0x73,0x65,
0x74,0x49,0x6e,0x74,0x65,0x72,0x76,0x61,0x6c,0x20,0x63,0x61,0x6c,0x6c,0x62,0x61,
0x63,0x6b,0x20,0x6d,0x75,0x73,0x74,0x20,0x62,0x65,0x20,0x61,0x20,0x66,0x75,0x6e,
0x63,0x74,0x69,0x6f,0x6e,0x01,0x12,0x74,0x69,0x6d,0x65,0x72,0x53,0x74,0x6f,0x70,
0x01,0x18,0x63,0x6c,0x65,0x61,0x72,0x54,0x69,0x6d,0x65,0x6f,0x75,0x74,0x01,0x14,
0x73,0x65,0x74,0x54,0x69,0x6d,0x65,0x6f,0x75,0x74,0x01,0x16,0x73,0x65,0x74,0x49,
0x6e,0x74,0x65,0x72,0x76,0x61,0x6c,0x01,0x1a,0x63,0x6c,0x65,0x61,0x72,0x49,0x6e,
0x74,0x65,0x72,0x76,0x61,0x6c,0x01,0x26,0x5f,0x6c,0x69,0x73,0x74,0x65,0x6e,0x65,
0x72,0x45,0x72,0x72,0x6f,0x72,0x44,0x65,0x70,0x74,0x68,0x01,0x0c,0x45,0x76,0x65,
0x6e,0x74,0x32,0x01,0x16,0x43,0x75,0x73,0x74,0x6f,0x6d,0x45,0x76,0x65,0x6e,0x74,
0x01,0x18,0x45,0x76,0x65,0x6e,0x74,0x54,0x61,0x72,0x67,0x65,0x74,0x32,0x01,0x18,
0x67,0x6c,0x6f,0x62,0x61,0x6c,0x54,0x61,0x72,0x67,0x65,0x74,0x01,0x0a,0x5f,0x74,
0x79,0x70,0x65,0x01,0x0e,0x62,0x75,0x62,0x62,0x6c,0x65,0x73,0x01,0x10,0x5f,0x62,
0x75,0x62,0x62,0x6c,0x65,0x73,0x01,0x14,0x63,0x61,0x6e,0x63,0x65,0x6c,0x61,0x62,
0x6c,0x65,0x01,0x16,0x5f,0x63,0x61,0x6e,0x63,0x65,0x6c,0x61,0x62,0x6c,0x65,0x01,
0x10,0x63,0x6f,0x6d,0x70,0x6f,0x73,0x65,0x64,0x01,0x12,0x5f,0x63,0x6f,0x6d,0x70,
0x6f,0x73,0x65,0x64,0x01,0x22,0x5f,0x64,0x65,0x66,0x61,0x75,0x6c,0x74,0x50,0x72,
0x65,0x76,0x65,0x6e,0x74,0x65,0x64,0x01,0x26,0x5f,0x70,0x72,0x6f,0x70,0x61,0x67,
0x61,0x74,0x69,0x6f,0x6e,0x53,0x74,0x6f,0x70,0x70,0x65,0x64,0x01,0x38,0x5f,0x69,
0x6d,0x6d,0x65,0x64,0x69,0x61,0x74,0x65,0x50,0x72,0x6f,0x70,0x61,0x67,0x61,0x74,
0x69,0x6f,0x6e,0x53,0x74,0x6f,0x70,0x70,0x65,0x64,0x01,0x0e,0x5f,0x74,0x61,0x72,
0x67,0x65,0x74,0x01,0x1c,0x5f,0x63,0x75,0x72,0x72,0x65,0x6e,0x74,0x54,0x61,0x72,
0x67,0x65,0x74,0x01,0x08,0x4e,0x4f,0x4e,0x45,0x01,0x16,0x5f,0x65,0x76,0x65,0x6e,
0x74,0x50,0x68,0x61,0x73,0x65,0x01,0x14,0x5f,0x74,0x69,0x6d,0x65,0x53,0x74,0x61,
0x6d,0x70,0x01,0x1e,0x43,0x41,0x50,0x54,0x55,0x52,0x49,0x4e,0x47,0x5f,0x50,0x48,
0x41,0x53,0x45,0x01,0x12,0x41,0x54,0x5f,0x54,0x41,0x52,0x47,0x45,0x54,0x01,0x1c,
0x42,0x55,0x42,0x42,0x4c,0x49,0x4e,0x47,0x5f,0x50,0x48,0x41,0x53,0x45,0x01,0x0a,
0x70,0x68,0x61,0x73,0x65,0x01,0x08,0x70,0x61,0x74,0x68,0x01,0x14,0x5f,0x67,0x65,
0x74,0x50,0x61,0x72,0x65,0x6e,0x74,0x01,0x0c,0x64,0x65,0x74,0x61,0x69,0x6c,0x01,
0x0e,0x5f,0x64,0x65,0x74,0x61,0x69,0x6c,0x01,0x14,0x5f,0x6c,0x69,0x73,0x74,0x65,
0x6e,0x65,0x72,0x73,0x01,0x1c,0x5f,0x6f,0x6e,0x63,0x65,0x4c,0x69,0x73,0x74,0x65,
0x6e,0x65,0x72,0x73,0x01,0x0e,0x63,0x61,0x70,0x74,0x75,0x72,0x65,0x01,0x08,0x6f,
0x6e,0x63,0x65,0x01,0x0e,0x70,0x61,0x73,0x73,0x69,0x76,0x65,0x01,0x06,0x6b,0x65,
0x79,0x01,0x18,0x6c,0x69,0x73,0x74,0x65,0x6e,0x65,0x72,0x4c,0x69,0x73,0x74,0x01,
0x36,0x45,0x76,0x65,0x6e,0x74,0x20,0x74,0x79,0x70,0x65,0x20,0x6d,0x75,0x73,0x74,
0x20,0x62,0x65,0x20,0x61,0x20,0x73,0x74,0x72,0x69,0x6e,0x67,0x01,0x4a,0x43,0x61,
0x6c,0x6c,0x62,0x61,0x63,0x6b,0x20,0x6d,0x75,0x73,0x74,0x20,0x62,0x65,0x20,0x61,
0x20,0x66,0x75,0x6e,0x63,0x74,0x69,0x6f,0x6e,0x20,0x6f,0x72,0x20,0x6f,0x62,0x6a,
0x65,0x63,0x74,0x01,0x10,0x3a,0x63,0x61,0x70,0x74,0x75,0x72,0x65,0x01,0x0a,0x65,
0x76,0x65,0x6e,0x74,0x01,0x14,0x63,0x61,0x70,0x74,0x75,0x72,0x65,0x4b,0x65,0x79,
0x01,0x12,0x62,0x75,0x62,0x62,0x6c,0x65,0x4b,0x65,0x79,0x01,0x10,0x74,0x6f,0x52,
0x65,0x6d,0x6f,0x76,0x65,0x01,0x12,0x6c,0x69,0x73,0x74,0x65,0x6e,0x65,0x72,0x73,
0x01,0x08,0x6c,0x69,0x73,0x74,0x01,0x40,0x41,0x72,0x67,0x75,0x6d,0x65,0x6e,0x74,
0x20,0x6d,0x75,0x73,0x74,0x20,0x62,0x65,0x20,0x61,0x6e,0x20,0x45,0x76,0x65,0x6e,
0x74,0x20,0x6f,0x62,0x6a,0x65,0x63,0x74,0x01,0x14,0x5f,0x73,0x65,0x74,0x54,0x61,
0x72,0x67,0x65,0x74,0x01,0x22,0x5f,0x73,0x65,0x74,0x43,0x75,0x72,0x72,0x65,0x6e,
0x74,0x54,0x61,0x72,0x67,0x65,0x74,0x01,0x1c,0x5f,0x73,0x65,0x74,0x45,0x76,0x65,
0x6e,0x74,0x50,0x68,0x61,0x73,0x65,0x01,0x0a,0x73,0x6c,0x69,0x63,0x65,0x01,0x16,
0x68,0x61,0x6e,0x64,0x6c,0x65,0x45,0x76,0x65,0x6e,0x74,0x01,0x08,0x63,0x61,0x6c,
0x6c,0x01,0x30,0x45,0x72,0x72,0x6f,0x72,0x20,0x69,0x6e,0x20,0x65,0x76,0x65,0x6e,
0x74,0x20,0x6c,0x69,0x73,0x74,0x65,0x6e,0x65,0x72,0x3a,0x01,0x20,0x64,0x65,0x66,
0x61,0x75,0x6c,0x74,0x50,0x72,0x65,0x76,0x65,0x6e,0x74,0x65,0x64,0x01,0x1a,0x63,
0x75,0x72,0x72,0x65,0x6e,0x74,0x54,0x61,0x72,0x67,0x65,0x74,0x01,0x14,0x65,0x76,
0x65,0x6e,0x74,0x50,0x68,0x61,0x73,0x65,0x01,0x12,0x74,0x69,0x6d,0x65,0x53,0x74,
0x61,0x6d,0x70,0x01,0x1c,0x70,0x72,0x65,0x76,0x65,0x6e,0x74,0x44,0x65,0x66,0x61,
0x75,0x6c,0x74,0x01,0x1e,0x73,0x74,0x6f,0x70,0x50,0x72,0x6f,0x70,0x61,0x67,0x61,
0x74,0x69,0x6f,0x6e,0x01,0x30,0x73,0x74,0x6f,0x70,0x49,0x6d,0x6d,0x65,0x64,0x69,
0x61,0x74,0x65,0x50,0x72,0x6f,0x70,0x61,0x67,0x61,0x74,0x69,0x6f,0x6e,0x01,0x14,
0x5f,0x69,0x6e,0x69,0x74,0x45,0x76,0x65,0x6e,0x74,0x01,0x18,0x63,0x6f,0x6d,0x70,
0x6f,0x73,0x65,0x64,0x50,0x61,0x74,0x68,0x01,0x20,0x61,0x64,0x64,0x45,0x76,0x65,
0x6e,0x74,0x4c,0x69,0x73,0x74,0x65,0x6e,0x65,0x72,0x01,0x26,0x72,0x65,0x6d,0x6f,
0x76,0x65,0x45,0x76,0x65,0x6e,0x74,0x4c,0x69,0x73,0x74,0x65,0x6e,0x65,0x72,0x01,
0x1a,0x64,0x69,0x73,0x70,0x61,0x74,0x63,0x68,0x45,0x76,0x65,0x6e,0x74,0x01,0x0a,
0x45,0x76,0x65,0x6e,0x74,0x01,0x16,0x45,0x76,0x65,0x6e,0x74,0x54,0x61,0x72,0x67,
0x65,0x74,0x01,0x08,0x62,0x69,0x6e,0x64,0x01,0x16,0x41,0x62,0x6f,0x72,0x74,0x53,
0x69,0x67,0x6e,0x61,0x6c,0x01,0x1e,0x41,0x62,0x6f,0x72,0x74,0x43,0x6f,0x6e,0x74,
0x72,0x6f,0x6c,0x6c,0x65,0x72,0x01,0x1a,0x44,0x4f,0x4d,0x45,0x78,0x63,0x65,0x70,
0x74,0x69,0x6f,0x6e,0x32,0x01,0x10,0x5f,0x61,0x62,0x6f,0x72,0x74,0x65,0x64,0x01,
0x0e,0x5f,0x72,0x65,0x61,0x73,0x6f,0x6e,0x01,0x32,0x54,0x68,0x65,0x20,0x6f,0x70,
0x65,0x72,0x61,0x74,0x69,0x6f,0x6e,0x20,0x77,0x61,0x73,0x20,0x61,0x62,0x6f,0x72,
0x74,0x65,0x64,0x01,0x14,0x41,0x62,0x6f,0x72,0x74,0x45,0x72,0x72,0x6f,0x72,0x01,
0x08,0x73,0x65,0x6c,0x66,0x01,0x0a,0x61,0x62,0x6f,0x72,0x74,0x01,0x0c,0x73,0x69,
0x67,0x6e,0x61,0x6c,0x01,0x0a,0x74,0x69,0x6d,0x65,0x72,0x01,0x0c,0x5f,0x61,0x62,
0x6f,0x72,0x74,0x01,0x2e,0x54,0x68,0x65,0x20,0x6f,0x70,0x65,0x72,0x61,0x74,0x69,
0x6f,0x6e,0x20,0x74,0x69,0x6d,0x65,0x64,0x20,0x6f,0x75,0x74,0x01,0x18,0x54,0x69,
0x6d,0x65,0x6f,0x75,0x74,0x45,0x72,0x72,0x6f,0x72,0x01,0x0e,0x73,0x69,0x67,0x6e,
0x61,0x6c,0x73,0x01,0x02,0x6c,0x01,0x04,0x66,0x6e,0x01,0x0e,0x69,0x73,0x41,0x72,
0x72,0x61,0x79,0x01,0x30,0x73,0x69,0x67,0x6e,0x61,0x6c,0x73,0x20,0x6d,0x75,0x73,
0x74,0x20,0x62,0x65,0x20,0x61,0x6e,0x20,0x61,0x72,0x72,0x61,0x79,0x01,0x52,0x41,
0x6c,0x6c,0x20,0x73,0x69,0x67,0x6e,0x61,0x6c,0x73,0x20,0x6d,0x75,0x73,0x74,0x20,
0x62,0x65,0x20,0x41,0x62,0x6f,0x72,0x74,0x53,0x69,0x67,0x6e,0x61,0x6c,0x20,0x69,
0x6e,0x73,0x74,0x61,0x6e,0x63,0x65,0x73,0x01,0x0e,0x61,0x62,0x6f,0x72,0x74,0x65,
0x64,0x01,0x0e,0x5f,0x73,0x69,0x67,0x6e,0x61,0x6c,0x01,0x0c,0x5f,0x63,0x6f,0x64,
0x65,0x73,0x01,0x08,0x63,0x6f,0x64,0x65,0x01,0x6e,0x41,0x62,0x6f,0x72,0x74,0x43,
0x6f,0x6e,0x74,0x72,0x6f,0x6c,0x6c,0x65,0x72,0x20,0x72,0x65,0x71,0x75,0x69,0x72,
0x65,0x73,0x20,0x45,0x76,0x65,0x6e,0x74,0x54,0x61,0x72,0x67,0x65,0x74,0x20,0x74,
0x6f,0x20,0x62,0x65,0x20,0x6c,0x6f,0x61,0x64,0x65,0x64,0x20,0x66,0x69,0x72,0x73,
0x74,0x01,0x1c,0x74,0x68,0x72,0x6f,0x77,0x49,0x66,0x41,0x62,0x6f,0x72,0x74,0x65,
0x64,0x01,0x0e,0x74,0x69,0x6d,0x65,0x6f,0x75,0x74,0x01,0x06,0x61,0x6e,0x79,0x01,
0x1c,0x49,0x6e,0x64,0x65,0x78,0x53,0x69,0x7a,0x65,0x45,0x72,0x72,0x6f,0x72,0x01,
0x24,0x44,0x4f,0x4d,0x53,0x74,0x72,0x69,0x6e,0x67,0x53,0x69,0x7a,0x65,0x45,0x72,
0x72,0x6f,0x72,0x01,0x2a,0x48,0x69,0x65,0x72,0x61,0x72,0x63,0x68,0x79,0x52,0x65,
0x71,0x75,0x65,0x73,0x74,0x45,0x72,0x72,0x6f,0x72,0x01,0x24,0x57,0x72,0x6f,0x6e,
0x67,0x44,0x6f,0x63,0x75,0x6d,0x65,0x6e,0x74,0x45,0x72,0x72,0x6f,0x72,0x01,0x2a,
0x49,0x6e,0x76,0x61,0x6c,0x69,0x64,0x43,0x68,0x61,0x72,0x61,0x63,0x74,0x65,0x72,
0x45,0x72,0x72,0x6f,0x72,0x01,0x24,0x4e,0x6f,0x44,0x61,0x74,0x61,0x41,0x6c,0x6c,
0x6f,0x77,0x65,0x64,0x45,0x72,0x72,0x6f,0x72,0x01,0x34,0x4e,0x6f,0x4d,0x6f,0x64,
0x69,0x66,0x69,0x63,0x61,0x74,0x69,0x6f,0x6e,0x41,0x6c,0x6c,0x6f,0x77,0x65,0x64,
0x45,0x72,0x72,0x6f,0x72,0x01,0x1a,0x4e,0x6f,0x74,0x46,0x6f,0x75,0x6e,0x64,0x45,
0x72,0x72,0x6f,0x72,0x01,0x22,0x4e,0x6f,0x74,0x53,0x75,0x70,0x70,0x6f,0x72,0x74,
0x65,0x64,0x45,0x72,0x72,0x6f,0x72,0x01,0x26,0x49,0x6e,0x55,0x73,0x65,0x41,0x74,
0x74,0x72,0x69,0x62,0x75,0x74,0x65,0x45,0x72,0x72,0x6f,0x72,0x01,0x22,0x49,0x6e,
0x76,0x61,0x6c,0x69,0x64,0x53,0x74,0x61,0x74,0x65,0x45,0x72,0x72,0x6f,0x72,0x01,
0x30,0x49,0x6e,0x76,0x61,0x6c,0x69,0x64,0x4d,0x6f,0x64,0x69,0x66,0x69,0x63,0x61,
0x74,0x69,0x6f,0x6e,0x45,0x72,0x72,0x6f,0x72,0x01,0x1c,0x4e,0x61,0x6d,0x65,0x73,
0x70,0x61,0x63,0x65,0x45,0x72,0x72,0x6f,0x72,0x01,0x24,0x49,0x6e,0x76,0x61,0x6c,
0x69,0x64,0x41,0x63,0x63,0x65,0x73,0x73,0x45,0x72,0x72,0x6f,0x72,0x01,0x1e,0x56,
0x61,0x6c,0x69,0x64,0x61,0x74,0x69,0x6f,0x6e,0x45,0x72,0x72,0x6f,0x72,0x01,0x22,
0x54,0x79,0x70,0x65,0x4d,0x69,0x73,0x6d,0x61,0x74,0x63,0x68,0x45,0x72,0x72,0x6f,
0x72,0x01,0x1a,0x53,0x65,0x63,0x75,0x72,0x69,0x74,0x79,0x45,0x72,0x72,0x6f,0x72,
0x01,0x18,0x4e,0x65,0x74,0x77,0x6f,0x72,0x6b,0x45,0x72,0x72,0x6f,0x72,0x01,0x20,
0x55,0x52,0x4c,0x4d,0x69,0x73,0x6d,0x61,0x74,0x63,0x68,0x45,0x72,0x72,0x6f,0x72,
0x01,0x24,0x51,0x75,0x6f,0x74,0x61,0x45,0x78,0x63,0x65,0x65,0x64,0x65,0x64,0x45,
0x72,0x72,0x6f,0x72,0x01,0x28,0x49,0x6e,0x76,0x61,0x6c,0x69,0x64,0x4e,0x6f,0x64,
0x65,0x54,0x79,0x70,0x65,0x45,0x72,0x72,0x6f,0x72,0x01,0x1c,0x44,0x61,0x74,0x61,
0x43,0x6c,0x6f,0x6e,0x65,0x45,0x72,0x72,0x6f,0x72,0x01,0x1e,0x55,0x52,0x4c,0x53,
0x65,0x61,0x72,0x63,0x68,0x50,0x61,0x72,0x61,0x6d,0x73,0x01,0x08,0x55,0x52,0x4c,
0x32,0x01,0x08,0x69,0x6e,0x69,0x74,0x01,0x08,0x70,0x61,0x69,0x72,0x01,0x0e,0x5f,
0x70,0x61,0x72,0x61,0x6d,0x73,0x01,0x08,0x5f,0x75,0x72,0x6c,0x01,0x0c,0x5f,0x70,
0x61,0x72,0x73,0x65,0x01,0x10,0x69,0x74,0x65,0x72,0x61,0x74,0x6f,0x72,0x01,0x06,
0x73,0x74,0x72,0x01,0x0a,0x70,0x61,0x69,0x72,0x73,0x01,0x0a,0x65,0x71,0x49,0x64,
0x78,0x01,0x02,0x3f,0x01,0x02,0x26,0x01,0x02,0x3d,0x01,0x0e,0x5f,0x64,0x65,0x63,
0x6f,0x64,0x65,0x01,0x24,0x64,0x65,0x63,0x6f,0x64,0x65,0x55,0x52,0x49,0x43,0x6f,
0x6d,0x70,0x6f,0x6e,0x65,0x6e,0x74,0x01,0x0e,0x72,0x65,0x70,0x6c,0x61,0x63,0x65,
0x01,0x02,0x63,0x01,0x02,0x25,0x01,0x14,0x63,0x68,0x61,0x72,0x43,0x6f,0x64,0x65,
0x41,0x74,0x01,0x16,0x74,0x6f,0x55,0x70,0x70,0x65,0x72,0x43,0x61,0x73,0x65,0x01,
0x24,0x65,0x6e,0x63,0x6f,0x64,0x65,0x55,0x52,0x49,0x43,0x6f,0x6d,0x70,0x6f,0x6e,
0x65,0x6e,0x74,0x01,0x02,0x2b,0x01,0x0e,0x5f,0x73,0x65,0x61,0x72,0x63,0x68,0x01,
0x0a,0x5f,0x73,0x79,0x6e,0x63,0x01,0x02,0x70,0x01,0x0a,0x66,0x6f,0x75,0x6e,0x64,
0x01,0x1a,0x6c,0x6f,0x63,0x61,0x6c,0x65,0x43,0x6f,0x6d,0x70,0x61,0x72,0x65,0x01,
0x0a,0x70,0x61,0x72,0x74,0x73,0x01,0x0e,0x5f,0x65,0x6e,0x63,0x6f,0x64,0x65,0x01,
0x0e,0x74,0x68,0x69,0x73,0x41,0x72,0x67,0x01,0x0c,0x70,0x61,0x72,0x61,0x6d,0x73,
0x01,0x06,0x75,0x72,0x6c,0x01,0x08,0x62,0x61,0x73,0x65,0x01,0x0e,0x62,0x61,0x73,
0x65,0x55,0x72,0x6c,0x01,0x12,0x55,0x52,0x4c,0x5f,0x52,0x45,0x47,0x45,0x58,0x01,
0x0a,0x6d,0x61,0x74,0x63,0x68,0x01,0x10,0x70,0x72,0x6f,0x74,0x6f,0x63,0x6f,0x6c,
0x01,0x10,0x75,0x73,0x65,0x72,0x6e,0x61,0x6d,0x65,0x01,0x10,0x70,0x61,0x73,0x73,
0x77,0x6f,0x72,0x64,0x01,0x08,0x68,0x6f,0x73,0x74,0x01,0x08,0x70,0x6f,0x72,0x74,
0x01,0x0a,0x71,0x75,0x65,0x72,0x79,0x01,0x08,0x68,0x61,0x73,0x68,0x01,0x1e,0x53,
0x50,0x45,0x43,0x49,0x41,0x4c,0x5f,0x53,0x43,0x48,0x45,0x4d,0x45,0x53,0x01,0x12,
0x70,0x72,0x6f,0x74,0x6f,0x4e,0x61,0x6d,0x65,0x01,0x08,0x72,0x65,0x73,0x74,0x01,
0x04,0x73,0x6c,0x01,0x10,0x62,0x61,0x73,0x65,0x50,0x61,0x74,0x68,0x01,0x0e,0x62,
0x61,0x73,0x65,0x44,0x69,0x72,0x01,0x10,0x68,0x6f,0x73,0x74,0x4e,0x61,0x6d,0x65,
0x01,0x0e,0x70,0x6f,0x72,0x74,0x53,0x74,0x72,0x01,0x0e,0x70,0x6f,0x72,0x74,0x4e,
0x75,0x6d,0x01,0x28,0x55,0x52,0x4c,0x20,0x6d,0x75,0x73,0x74,0x20,0x62,0x65,0x20,
0x61,0x20,0x73,0x74,0x72,0x69,0x6e,0x67,0x01,0x08,0x74,0x72,0x69,0x6d,0x01,0x1a,
0x49,0x6e,0x76,0x61,0x6c,0x69,0x64,0x20,0x55,0x52,0x4c,0x3a,0x20,0x01,0x36,0x52,
0x65,0x6c,0x61,0x74,0x69,0x76,0x65,0x20,0x55,0x52,0x4c,0x20,0x77,0x69,0x74,0x68,
0x6f,0x75,0x74,0x20,0x62,0x61,0x73,0x65,0x3a,0x20,0x01,0x08,0x68,0x74,0x74,0x70,
0x01,0x0a,0x68,0x74,0x74,0x70,0x73,0x01,0x04,0x77,0x73,0x01,0x06,0x77,0x73,0x73,
0x01,0x06,0x66,0x74,0x70,0x01,0x16,0x74,0x6f,0x4c,0x6f,0x77,0x65,0x72,0x43,0x61,
0x73,0x65,0x01,0x02,0x2f,0x01,0x08,0x66,0x69,0x6c,0x65,0x01,0x12,0x5f,0x70,0x72,
0x6f,0x74,0x6f,0x63,0x6f,0x6c,0x01,0x0a,0x5f,0x68,0x6f,0x73,0x74,0x01,0x0a,0x5f,
0x70,0x6f,0x72,0x74,0x01,0x12,0x5f,0x75,0x73,0x65,0x72,0x6e,0x61,0x6d,0x65,0x01,
0x12,0x5f,0x70,0x61,0x73,0x73,0x77,0x6f,0x72,0x64,0x01,0x12,0x5f,0x70,0x61,0x74,
0x68,0x6e,0x61,0x6d,0x65,0x01,0x12,0x73,0x75,0x62,0x73,0x74,0x72,0x69,0x6e,0x67,
0x01,0x16,0x6c,0x61,0x73,0x74,0x49,0x6e,0x64,0x65,0x78,0x4f,0x66,0x01,0x18,0x5f,
0x72,0x65,0x73,0x6f,0x6c,0x76,0x65,0x50,0x61,0x74,0x68,0x01,0x12,0x69,0x73,0x49,
0x6e,0x74,0x65,0x67,0x65,0x72,0x01,0x0a,0x5f,0x68,0x61,0x73,0x68,0x01,0x1a,0x5f,
0x73,0x65,0x61,0x72,0x63,0x68,0x50,0x61,0x72,0x61,0x6d,0x73,0x01,0x08,0x70,0x61,
0x72,0x74,0x01,0x10,0x72,0x65,0x73,0x6f,0x6c,0x76,0x65,0x64,0x01,0x04,0x2e,0x2e,
0x01,0x06,0x70,0x6f,0x70,0x01,0x02,0x2e,0x01,0x04,0x2f,0x2f,0x01,0x02,0x3a,0x01,
0x02,0x23,0x01,0x02,0x76,0x01,0x10,0x65,0x6e,0x64,0x73,0x57,0x69,0x74,0x68,0x01,
0x10,0x68,0x6f,0x73,0x74,0x50,0x61,0x72,0x74,0x01,0x10,0x70,0x6f,0x72,0x74,0x50,
0x61,0x72,0x74,0x01,0x0a,0x63,0x6c,0x6f,0x73,0x65,0x01,0x0a,0x61,0x66,0x74,0x65,
0x72,0x01,0x10,0x63,0x6f,0x6c,0x6f,0x6e,0x49,0x64,0x78,0x01,0x04,0x70,0x6e,0x01,
0x02,0x5b,0x01,0x02,0x5d,0x01,0x02,0x40,0x01,0x0c,0x61,0x70,0x70,0x65,0x6e,0x64,
0x01,0x0c,0x67,0x65,0x74,0x41,0x6c,0x6c,0x01,0x08,0x68,0x72,0x65,0x66,0x01,0x0c,
0x6f,0x72,0x69,0x67,0x69,0x6e,0x01,0x10,0x68,0x6f,0x73,0x74,0x6e,0x61,0x6d,0x65,
0x01,0x10,0x70,0x61,0x74,0x68,0x6e,0x61,0x6d,0x65,0x01,0x0c,0x73,0x65,0x61,0x72,
0x63,0x68,0x01,0x18,0x73,0x65,0x61,0x72,0x63,0x68,0x50,0x61,0x72,0x61,0x6d,0x73,
0x01,0x10,0x63,0x61,0x6e,0x50,0x61,0x72,0x73,0x65,0x01,0x06,0x55,0x52,0x4c,0x01,
0x1a,0x75,0x73,0x65,0x4e,0x61,0x74,0x69,0x76,0x65,0x42,0x74,0x6f,0x61,0x01,0x1a,
0x75,0x73,0x65,0x4e,0x61,0x74,0x69,0x76,0x65,0x41,0x74,0x6f,0x62,0x01,0x18,0x42,
0x41,0x53,0x45,0x36,0x34,0x5f,0x43,0x48,0x41,0x52,0x53,0x01,0x1a,0x42,0x41,0x53,
0x45,0x36,0x34,0x5f,0x44,0x45,0x43,0x4f,0x44,0x45,0x01,0x18,0x62,0x69,0x6e,0x61,
0x72,0x79,0x53,0x74,0x72,0x69,0x6e,0x67,0x01,0x04,0x69,0x32,0x01,0x06,0x6c,0x65,
0x6e,0x01,0x12,0x62,0x79,0x74,0x65,0x43,0x6f,0x75,0x6e,0x74,0x01,0x0e,0x74,0x72,
0x69,0x70,0x6c,0x65,0x74,0x01,0x3e,0x62,0x74,0x6f,0x61,0x20,0x72,0x65,0x71,0x75,
0x69,0x72,0x65,0x73,0x20,0x61,0x20,0x73,0x74,0x72,0x69,0x6e,0x67,0x20,0x61,0x72,
0x67,0x75,0x6d,0x65,0x6e,0x74,0x01,0x14,0x6e,0x61,0x74,0x69,0x76,0x65,0x42,0x74,
0x6f,0x61,0x01,0xc6,0x01,0x46,0x61,0x69,0x6c,0x65,0x64,0x20,0x74,0x6f,0x20,0x65,
0x78,0x65,0x63,0x75,0x74,0x65,0x20,0x27,0x62,0x74,0x6f,0x61,0x27,0x3a,0x20,0x54,
0x68,0x65,0x20,0x73,0x74,0x72,0x69,0x6e,0x67,0x20,0x74,0x6f,0x20,0x62,0x65,0x20,
0x65,0x6e,0x63,0x6f,0x64,0x65,0x64,0x20,0x63,0x6f,0x6e,0x74,0x61,0x69,0x6e,0x73,
0x20,0x63,0x68,0x61,0x72,0x61,0x63,0x74,0x65,0x72,0x73,0x20,0x6f,0x75,0x74,0x73,
0x69,0x64,0x65,0x20,0x6f,0x66,0x20,0x74,0x68,0x65,0x20,0x4c,0x61,0x74,0x69,0x6e,
0x31,0x20,0x72,0x61,0x6e,0x67,0x65,0x2e,0x01,0x18,0x62,0x61,0x73,0x65,0x36,0x34,
0x53,0x74,0x72,0x69,0x6e,0x67,0x01,0x14,0x76,0x61,0x6c,0x69,0x64,0x43,0x68,0x61,
0x72,0x73,0x01,0x02,0x64,0x01,0x3e,0x61,0x74,0x6f,0x62,0x20,0x72,0x65,0x71,0x75,
0x69,0x72,0x65,0x73,0x20,0x61,0x20,0x73,0x74,0x72,0x69,0x6e,0x67,0x20,0x61,0x72,
0x67,0x75,0x6d,0x65,0x6e,0x74,0x01,0x14,0x6e,0x61,0x74,0x69,0x76,0x65,0x41,0x74,
0x6f,0x62,0x01,0x98,0x01,0x46,0x61,0x69,0x6c,0x65,0x64,0x20,0x74,0x6f,0x20,0x65,
0x78,0x65,0x63,0x75,0x74,0x65,0x20,0x27,0x61,0x74,0x6f,0x62,0x27,0x3a,0x20,0x54,
0x68,0x65,0x20,0x73,0x74,0x72,0x69,0x6e,0x67,0x20,0x74,0x6f,0x20,0x62,0x65,0x20,
0x64,0x65,0x63,0x6f,0x64,0x65,0x64,0x20,0x69,0x73,0x20,0x6e,0x6f,0x74,0x20,0x63,
0x6f,0x72,0x72,0x65,0x63,0x74,0x6c,0x79,0x20,0x65,0x6e,0x63,0x6f,0x64,0x65,0x64,
0x2e,0x01,0x08,0x74,0x65,0x73,0x74,0x01,0x18,0x66,0x72,0x6f,0x6d,0x43,0x68,0x61,
0x72,0x43,0x6f,0x64,0x65,0x01,0x80,0x01,0x41,0x42,0x43,0x44,0x45,0x46,0x47,0x48,
0x49,0x4a,0x4b,0x4c,0x4d,0x4e,0x4f,0x50,0x51,0x52,0x53,0x54,0x55,0x56,0x57,0x58,
0x59,0x5a,0x61,0x62,0x63,0x64,0x65,0x66,0x67,0x68,0x69,0x6a,0x6b,0x6c,0x6d,0x6e,
0x6f,0x70,0x71,0x72,0x73,0x74,0x75,0x76,0x77,0x78,0x79,0x7a,0x30,0x31,0x32,0x33,
0x34,0x35,0x36,0x37,0x38,0x39,0x2b,0x2f,0x01,0x08,0x62,0x74,0x6f,0x61,0x01,0x08,
0x61,0x74,0x6f,0x62,0x01,0x18,0x53,0x54,0x41,0x54,0x55,0x53,0x5f,0x54,0x45,0x58,
0x54,0x53,0x01,0x1a,0x6e,0x6f,0x72,0x6d,0x61,0x6c,0x69,0x7a,0x65,0x4e,0x61,0x6d,
0x65,0x01,0x1c,0x6e,0x6f,0x72,0x6d,0x61,0x6c,0x69,0x7a,0x65,0x56,0x61,0x6c,0x75,
0x65,0x01,0x1e,0x6e,0x6f,0x72,0x6d,0x61,0x6c,0x69,0x7a,0x65,0x4d,0x65,0x74,0x68,
0x6f,0x64,0x01,0x1c,0x76,0x61,0x6c,0x69,0x64,0x61,0x74,0x65,0x53,0x74,0x61,0x74,
0x75,0x73,0x01,0x18,0x6e,0x6f,0x72,0x6d,0x61,0x6c,0x69,0x7a,0x65,0x55,0x72,0x6c,
0x01,0x24,0x73,0x74,0x72,0x69,0x6e,0x67,0x54,0x6f,0x55,0x69,0x6e,0x74,0x38,0x41,
0x72,0x72,0x61,0x79,0x01,0x1a,0x73,0x65,0x72,0x69,0x61,0x6c,0x69,0x7a,0x65,0x42,
0x6f,0x64,0x79,0x01,0x0e,0x48,0x65,0x61,0x64,0x65,0x72,0x73,0x01,0x16,0x63,0x6f,
0x6e,0x73,0x75,0x6d,0x65,0x42,0x6f,0x64,0x79,0x01,0x10,0x52,0x65,0x71,0x75,0x65,
0x73,0x74,0x32,0x01,0x24,0x6d,0x61,0x6b,0x65,0x52,0x65,0x61,0x64,0x61,0x62,0x6c,
0x65,0x53,0x74,0x72,0x65,0x61,0x6d,0x01,0x12,0x52,0x65,0x73,0x70,0x6f,0x6e,0x73,
0x65,0x32,0x01,0x0a,0x66,0x65,0x74,0x63,0x68,0x01,0x12,0x64,0x6f,0x52,0x65,0x71,
0x75,0x65,0x73,0x74,0x01,0x14,0x6e,0x6f,0x72,0x6d,0x61,0x6c,0x69,0x7a,0x65,0x64,
0x01,0x2a,0x49,0x6e,0x76,0x61,0x6c,0x69,0x64,0x20,0x68,0x65,0x61,0x64,0x65,0x72,
0x20,0x6e,0x61,0x6d,0x65,0x3a,0x20,0x01,0x28,0x49,0x6e,0x76,0x61,0x6c,0x69,0x64,
0x20,0x68,0x65,0x61,0x64,0x65,0x72,0x20,0x76,0x61,0x6c,0x75,0x65,0x01,0x2c,0x49,
0x6e,0x76,0x61,0x6c,0x69,0x64,0x20,0x68,0x65,0x61,0x64,0x65,0x72,0x20,0x76,0x61,
0x6c,0x75,0x65,0x3a,0x20,0x01,0x0c,0x6d,0x65,0x74,0x68,0x6f,0x64,0x01,0x02,0x6d,
0x01,0x2a,0x49,0x6e,0x76,0x61,0x6c,0x69,0x64,0x20,0x48,0x54,0x54,0x50,0x20,0x6d,
0x65,0x74,0x68,0x6f,0x64,0x3a,0x20,0x01,0x2a,0x49,0x6e,0x76,0x61,0x6c,0x69,0x64,
0x20,0x73,0x74,0x61,0x74,0x75,0x73,0x20,0x63,0x6f,0x64,0x65,0x3a,0x20,0x01,0x16,
0x54,0x65,0x78,0x74,0x45,0x6e,0x63,0x6f,0x64,0x65,0x72,0x01,0x0c,0x65,0x6e,0x63,
0x6f,0x64,0x65,0x01,0x08,0x62,0x6f,0x64,0x79,0x01,0x08,0x70,0x75,0x6d,0x70,0x01,
0x0c,0x72,0x65,0x61,0x64,0x65,0x72,0x01,0x0c,0x63,0x68,0x75,0x6e,0x6b,0x73,0x01,
0x0a,0x74,0x6f,0x74,0x61,0x6c,0x01,0x06,0x6f,0x75,0x74,0x01,0x06,0x6f,0x66,0x66,
0x01,0x0a,0x63,0x68,0x75,0x6e,0x6b,0x01,0x16,0x72,0x65,0x6c,0x65,0x61,0x73,0x65,
0x4c,0x6f,0x63,0x6b,0x01,0x08,0x72,0x65,0x61,0x64,0x01,0x12,0x67,0x65,0x74,0x52,
0x65,0x61,0x64,0x65,0x72,0x01,0x0a,0x69,0x74,0x65,0x6d,0x73,0x01,0x02,0x6a,0x01,
0x08,0x5f,0x6d,0x61,0x70,0x01,0x3a,0x48,0x65,0x61,0x64,0x65,0x72,0x73,0x20,0x69,
0x6e,0x69,0x74,0x20,0x6d,0x75,0x73,0x74,0x20,0x6e,0x6f,0x74,0x20,0x62,0x65,0x20,
0x6e,0x75,0x6c,0x6c,0x01,0x6c,0x48,0x65,0x61,0x64,0x65,0x72,0x73,0x20,0x69,0x6e,
0x69,0x74,0x3a,0x20,0x65,0x61,0x63,0x68,0x20,0x68,0x65,0x61,0x64,0x65,0x72,0x20,
0x6d,0x75,0x73,0x74,0x20,0x62,0x65,0x20,0x61,0x20,0x5b,0x6e,0x61,0x6d,0x65,0x2c,
0x20,0x76,0x61,0x6c,0x75,0x65,0x5d,0x20,0x70,0x61,0x69,0x72,0x01,0x62,0x48,0x65,
0x61,0x64,0x65,0x72,0x73,0x20,0x69,0x6e,0x69,0x74,0x20,0x6d,0x75,0x73,0x74,0x20,
0x62,0x65,0x20,0x48,0x65,0x61,0x64,0x65,0x72,0x73,0x2c,0x20,0x6f,0x62,0x6a,0x65,
0x63,0x74,0x2c,0x20,0x6f,0x72,0x20,0x69,0x74,0x65,0x72,0x61,0x62,0x6c,0x65,0x01,
0x10,0x65,0x78,0x69,0x73,0x74,0x69,0x6e,0x67,0x01,0x04,0x2c,0x20,0x01,0x0e,0x5f,
0x6d,0x65,0x74,0x68,0x6f,0x64,0x01,0x0e,0x68,0x65,0x61,0x64,0x65,0x72,0x73,0x01,
0x10,0x5f,0x68,0x65,0x61,0x64,0x65,0x72,0x73,0x01,0x0a,0x5f,0x62,0x6f,0x64,0x79,
0x01,0x10,0x72,0x65,0x64,0x69,0x72,0x65,0x63,0x74,0x01,0x0c,0x66,0x6f,0x6c,0x6c,
0x6f,0x77,0x01,0x12,0x5f,0x72,0x65,0x64,0x69,0x72,0x65,0x63,0x74,0x01,0x12,0x6b,
0x65,0x65,0x70,0x61,0x6c,0x69,0x76,0x65,0x01,0x14,0x5f,0x6b,0x65,0x65,0x70,0x61,
0x6c,0x69,0x76,0x65,0x01,0x0a,0x63,0x61,0x63,0x68,0x65,0x01,0x0c,0x5f,0x63,0x61,
0x63,0x68,0x65,0x01,0x08,0x6d,0x6f,0x64,0x65,0x01,0x08,0x63,0x6f,0x72,0x73,0x01,
0x0a,0x5f,0x6d,0x6f,0x64,0x65,0x01,0x16,0x63,0x72,0x65,0x64,0x65,0x6e,0x74,0x69,
0x61,0x6c,0x73,0x01,0x16,0x73,0x61,0x6d,0x65,0x2d,0x6f,0x72,0x69,0x67,0x69,0x6e,
0x01,0x18,0x5f,0x63,0x72,0x65,0x64,0x65,0x6e,0x74,0x69,0x61,0x6c,0x73,0x01,0x06,
0x47,0x45,0x54,0x01,0x12,0x5f,0x62,0x6f,0x64,0x79,0x55,0x73,0x65,0x64,0x01,0x5e,
0x43,0x61,0x6e,0x6e,0x6f,0x74,0x20,0x63,0x6c,0x6f,0x6e,0x65,0x20,0x61,0x20,0x52,
0x65,0x71,0x75,0x65,0x73,0x74,0x20,0x77,0x68,0x6f,0x73,0x65,0x20,0x62,0x6f,0x64,
0x79,0x20,0x68,0x61,0x73,0x20,0x62,0x65,0x65,0x6e,0x20,0x75,0x73,0x65,0x64,0x01,
0x34,0x42,0x6f,0x64,0x79,0x20,0x68,0x61,0x73,0x20,0x61,0x6c,0x72,0x65,0x61,0x64,
0x79,0x20,0x62,0x65,0x65,0x6e,0x20,0x75,0x73,0x65,0x64,0x01,0x08,0x74,0x65,0x78,
0x74,0x01,0x0a,0x70,0x61,0x72,0x73,0x65,0x01,0x04,0x75,0x38,0x01,0x0c,0x62,0x75,
0x66,0x66,0x65,0x72,0x01,0x14,0x62,0x79,0x74,0x65,0x4f,0x66,0x66,0x73,0x65,0x74,
0x01,0x14,0x62,0x79,0x74,0x65,0x4c,0x65,0x6e,0x67,0x74,0x68,0x01,0x06,0x62,0x75,
0x66,0x01,0x08,0x42,0x6c,0x6f,0x62,0x01,0x16,0x61,0x72,0x72,0x61,0x79,0x42,0x75,
0x66,0x66,0x65,0x72,0x01,0x20,0x75,0x6e,0x64,0x65,0x72,0x6c,0x79,0x69,0x6e,0x67,
0x53,0x6f,0x75,0x72,0x63,0x65,0x01,0x1c,0x52,0x65,0x61,0x64,0x61,0x62,0x6c,0x65,
0x53,0x74,0x72,0x65,0x61,0x6d,0x01,0x0e,0x5f,0x73,0x74,0x61,0x74,0x75,0x73,0x01,
0x14,0x73,0x74,0x61,0x74,0x75,0x73,0x54,0x65,0x78,0x74,0x01,0x16,0x5f,0x73,0x74,
0x61,0x74,0x75,0x73,0x54,0x65,0x78,0x74,0x01,0x14,0x72,0x65,0x64,0x69,0x72,0x65,
0x63,0x74,0x65,0x64,0x01,0x16,0x5f,0x72,0x65,0x64,0x69,0x72,0x65,0x63,0x74,0x65,
0x64,0x01,0x16,0x5f,0x62,0x6f,0x64,0x79,0x53,0x74,0x72,0x65,0x61,0x6d,0x01,0x0e,
0x62,0x6f,0x64,0x79,0x53,0x74,0x72,0x01,0x06,0x61,0x72,0x72,0x01,0x14,0x63,0x6f,
0x6e,0x74,0x72,0x6f,0x6c,0x6c,0x65,0x72,0x01,0x0e,0x65,0x6e,0x71,0x75,0x65,0x75,
0x65,0x01,0x0c,0x63,0x6c,0x6f,0x6e,0x65,0x64,0x01,0x60,0x43,0x61,0x6e,0x6e,0x6f,
0x74,0x20,0x63,0x6c,0x6f,0x6e,0x65,0x20,0x61,0x20,0x52,0x65,0x73,0x70,0x6f,0x6e,
0x73,0x65,0x20,0x77,0x68,0x6f,0x73,0x65,0x20,0x62,0x6f,0x64,0x79,0x20,0x68,0x61,
0x73,0x20,0x62,0x65,0x65,0x6e,0x20,0x75,0x73,0x65,0x64,0x01,0x42,0x43,0x61,0x6e,
0x6e,0x6f,0x74,0x20,0x63,0x6c,0x6f,0x6e,0x65,0x20,0x61,0x20,0x73,0x74,0x72,0x65,
0x61,0x6d,0x69,0x6e,0x67,0x20,0x52,0x65,0x73,0x70,0x6f,0x6e,0x73,0x65,0x01,0x10,
0x74,0x6f,0x74,0x61,0x6c,0x4c,0x65,0x6e,0x01,0x10,0x63,0x6f,0x6d,0x62,0x69,0x6e,
0x65,0x64,0x01,0x0c,0x6f,0x66,0x66,0x73,0x65,0x74,0x01,0x16,0x54,0x65,0x78,0x74,
0x44,0x65,0x63,0x6f,0x64,0x65,0x72,0x01,0x0a,0x75,0x74,0x66,0x2d,0x38,0x01,0x0c,
0x64,0x65,0x63,0x6f,0x64,0x65,0x01,0x20,0x5f,0x72,0x65,0x61,0x64,0x53,0x74,0x72,
0x65,0x61,0x6d,0x46,0x75,0x6c,0x6c,0x79,0x01,0x10,0x72,0x65,0x73,0x70,0x6f,0x6e,
0x73,0x65,0x01,0x32,0x49,0x6e,0x76,0x61,0x6c,0x69,0x64,0x20,0x72,0x65,0x64,0x69,
0x72,0x65,0x63,0x74,0x20,0x73,0x74,0x61,0x74,0x75,0x73,0x3a,0x20,0x01,0x10,0x6c,
0x6f,0x63,0x61,0x74,0x69,0x6f,0x6e,0x01,0x1c,0x6f,0x70,0x61,0x71,0x75,0x65,0x72,
0x65,0x64,0x69,0x72,0x65,0x63,0x74,0x01,0x18,0x63,0x6f,0x6e,0x74,0x65,0x6e,0x74,
0x2d,0x74,0x79,0x70,0x65,0x01,0x20,0x61,0x70,0x70,0x6c,0x69,0x63,0x61,0x74,0x69,
0x6f,0x6e,0x2f,0x6a,0x73,0x6f,0x6e,0x01,0x0e,0x72,0x65,0x71,0x75,0x65,0x73,0x74,
0x01,0x34,0x54,0x68,0x65,0x20,0x6f,0x70,0x65,0x72,0x61,0x74,0x69,0x6f,0x6e,0x20,
0x77,0x61,0x73,0x20,0x61,0x62,0x6f,0x72,0x74,0x65,0x64,0x2e,0x01,0x1a,0x72,0x65,
0x64,0x69,0x72,0x65,0x63,0x74,0x43,0x6f,0x75,0x6e,0x74,0x01,0x14,0x68,0x65,0x61,
0x64,0x65,0x72,0x73,0x4f,0x62,0x6a,0x01,0x16,0x68,0x65,0x61,0x64,0x65,0x72,0x73,
0x4a,0x73,0x6f,0x6e,0x01,0x20,0x72,0x65,0x71,0x75,0x65,0x73,0x74,0x42,0x6f,0x64,
0x79,0x42,0x79,0x74,0x65,0x73,0x01,0x0e,0x6f,0x6e,0x41,0x62,0x6f,0x72,0x74,0x01,
0x20,0x73,0x74,0x72,0x65,0x61,0x6d,0x43,0x6f,0x6e,0x74,0x72,0x6f,0x6c,0x6c,0x65,
0x72,0x01,0x12,0x61,0x62,0x61,0x6e,0x64,0x6f,0x6e,0x65,0x64,0x01,0x1e,0x73,0x74,
0x72,0x65,0x61,0x6d,0x43,0x61,0x6e,0x63,0x65,0x6c,0x6c,0x65,0x64,0x01,0x08,0x6f,
0x70,0x49,0x64,0x01,0x1a,0x73,0x65,0x6e,0x74,0x42,0x6f,0x64,0x79,0x42,0x79,0x74,
0x65,0x73,0x01,0x1a,0x73,0x65,0x6e,0x74,0x42,0x6f,0x64,0x79,0x52,0x65,0x61,0x64,
0x79,0x01,0x18,0x63,0x6c,0x65,0x61,0x6e,0x75,0x70,0x41,0x62,0x6f,0x72,0x74,0x01,
0x1a,0x77,0x68,0x65,0x6e,0x42,0x6f,0x64,0x79,0x52,0x65,0x61,0x64,0x79,0x01,0x1c,
0x72,0x65,0x61,0x64,0x61,0x62,0x6c,0x65,0x53,0x74,0x72,0x65,0x61,0x6d,0x01,0x12,
0x6f,0x6e,0x48,0x65,0x61,0x64,0x65,0x72,0x73,0x01,0x0c,0x6f,0x6e,0x44,0x61,0x74,
0x61,0x01,0x0a,0x6f,0x6e,0x45,0x6e,0x64,0x01,0x20,0x68,0x74,0x74,0x70,0x52,0x65,
0x71,0x75,0x65,0x73,0x74,0x41,0x62,0x6f,0x72,0x74,0x01,0x04,0x63,0x62,0x01,0x0e,
0x64,0x65,0x6c,0x69,0x76,0x65,0x72,0x01,0x0a,0x62,0x79,0x74,0x65,0x73,0x01,0x1c,
0x66,0x65,0x74,0x63,0x68,0x20,0x66,0x61,0x69,0x6c,0x65,0x64,0x3a,0x20,0x01,0x1a,
0x75,0x6e,0x6b,0x6e,0x6f,0x77,0x6e,0x20,0x65,0x72,0x72,0x6f,0x72,0x01,0x10,0x72,
0x65,0x73,0x42,0x79,0x74,0x65,0x73,0x01,0x06,0x72,0x65,0x73,0x01,0x16,0x68,0x74,
0x74,0x70,0x52,0x65,0x71,0x75,0x65,0x73,0x74,0x01,0x1c,0x68,0x65,0x61,0x64,0x65,
0x72,0x73,0x4a,0x73,0x6f,0x6e,0x53,0x74,0x72,0x01,0x1a,0x70,0x61,0x72,0x73,0x65,
0x64,0x48,0x65,0x61,0x64,0x65,0x72,0x73,0x01,0x12,0x6d,0x61,0x6e,0x75,0x61,0x6c,
0x52,0x65,0x73,0x01,0x0e,0x6e,0x65,0x78,0x74,0x55,0x72,0x6c,0x01,0x10,0x6e,0x65,
0x78,0x74,0x49,0x6e,0x69,0x74,0x01,0x0e,0x6e,0x65,0x78,0x74,0x52,0x65,0x71,0x01,
0x08,0x72,0x65,0x73,0x70,0x01,0x4c,0x66,0x65,0x74,0x63,0x68,0x20,0x66,0x61,0x69,
0x6c,0x65,0x64,0x3a,0x20,0x72,0x65,0x64,0x69,0x72,0x65,0x63,0x74,0x20,0x6d,0x6f,
0x64,0x65,0x20,0x69,0x73,0x20,0x22,0x65,0x72,0x72,0x6f,0x72,0x22,0x01,0x0c,0x6d,
0x61,0x6e,0x75,0x61,0x6c,0x01,0x40,0x66,0x65,0x74,0x63,0x68,0x20,0x66,0x61,0x69,
0x6c,0x65,0x64,0x3a,0x20,0x74,0x6f,0x6f,0x20,0x6d,0x61,0x6e,0x79,0x20,0x72,0x65,
0x64,0x69,0x72,0x65,0x63,0x74,0x73,0x01,0x10,0x4c,0x6f,0x63,0x61,0x74,0x69,0x6f,
0x6e,0x01,0x4e,0x66,0x65,0x74,0x63,0x68,0x20,0x66,0x61,0x69,0x6c,0x65,0x64,0x3a,
0x20,0x69,0x6e,0x76,0x61,0x6c,0x69,0x64,0x20,0x72,0x65,0x64,0x69,0x72,0x65,0x63,
0x74,0x20,0x6c,0x6f,0x63,0x61,0x74,0x69,0x6f,0x6e,0x01,0x08,0x50,0x4f,0x53,0x54,
0x01,0x16,0x65,0x72,0x72,0x6f,0x72,0x53,0x74,0x61,0x74,0x75,0x73,0x01,0x3e,0x66,
0x65,0x74,0x63,0x68,0x20,0x66,0x61,0x69,0x6c,0x65,0x64,0x3a,0x20,0x70,0x72,0x6f,
0x78,0x79,0x20,0x65,0x72,0x72,0x6f,0x72,0x20,0x48,0x54,0x54,0x50,0x20,0x01,0x3e,
0x66,0x65,0x74,0x63,0x68,0x20,0x66,0x61,0x69,0x6c,0x65,0x64,0x3a,0x20,0x69,0x6e,
0x76,0x61,0x6c,0x69,0x64,0x20,0x70,0x72,0x6f,0x78,0x79,0x20,0x55,0x52,0x4c,0x01,
0x38,0x66,0x65,0x74,0x63,0x68,0x20,0x66,0x61,0x69,0x6c,0x65,0x64,0x3a,0x20,0x6e,
0x65,0x74,0x77,0x6f,0x72,0x6b,0x20,0x65,0x72,0x72,0x6f,0x72,0x20,0x01,0x34,0x66,
0x65,0x74,0x63,0x68,0x20,0x66,0x61,0x69,0x6c,0x65,0x64,0x20,0x77,0x69,0x74,0x68,
0x20,0x73,0x74,0x61,0x74,0x75,0x73,0x3a,0x20,0x01,0x22,0x68,0x74,0x74,0x70,0x52,
0x65,0x71,0x75,0x65,0x73,0x74,0x53,0x74,0x72,0x65,0x61,0x6d,0x01,0x0c,0x63,0x72,
0x65,0x61,0x74,0x65,0x01,0x0c,0x63,0x61,0x6e,0x63,0x65,0x6c,0x01,0x10,0x43,0x6f,
0x6e,0x74,0x69,0x6e,0x75,0x65,0x01,0x26,0x53,0x77,0x69,0x74,0x63,0x68,0x69,0x6e,
0x67,0x20,0x50,0x72,0x6f,0x74,0x6f,0x63,0x6f,0x6c,0x73,0x01,0x04,0x4f,0x4b,0x01,
0x0e,0x43,0x72,0x65,0x61,0x74,0x65,0x64,0x01,0x10,0x41,0x63,0x63,0x65,0x70,0x74,
0x65,0x64,0x01,0x3a,0x4e,0x6f,0x6e,0x2d,0x41,0x75,0x74,0x68,0x6f,0x72,0x69,0x74,
0x61,0x74,0x69,0x76,0x65,0x20,0x49,0x6e,0x66,0x6f,0x72,0x6d,0x61,0x74,0x69,0x6f,
0x6e,0x01,0x14,0x4e,0x6f,0x20,0x43,0x6f,0x6e,0x74,0x65,0x6e,0x74,0x01,0x1a,0x52,
0x65,0x73,0x65,0x74,0x20,0x43,0x6f,0x6e,0x74,0x65,0x6e,0x74,0x01,0x1e,0x50,0x61,
0x72,0x74,0x69,0x61,0x6c,0x20,0x43,0x6f,0x6e,0x74,0x65,0x6e,0x74,0x01,0x20,0x4d,
0x75,0x6c,0x74,0x69,0x70,0x6c,0x65,0x20,0x43,0x68,0x6f,0x69,0x63,0x65,0x73,0x01,
0x22,0x4d,0x6f,0x76,0x65,0x64,0x20,0x50,0x65,0x72,0x6d,0x61,0x6e,0x65,0x6e,0x74,
0x6c,0x79,0x01,0x0a,0x46,0x6f,0x75,0x6e,0x64,0x01,0x12,0x53,0x65,0x65,0x20,0x4f,
0x74,0x68,0x65,0x72,0x01,0x18,0x4e,0x6f,0x74,0x20,0x4d,0x6f,0x64,0x69,0x66,0x69,
0x65,0x64,0x01,0x24,0x54,0x65,0x6d,0x70,0x6f,0x72,0x61,0x72,0x79,0x20,0x52,0x65,
0x64,0x69,0x72,0x65,0x63,0x74,0x01,0x24,0x50,0x65,0x72,0x6d,0x61,0x6e,0x65,0x6e,
0x74,0x20,0x52,0x65,0x64,0x69,0x72,0x65,0x63,0x74,0x01,0x16,0x42,0x61,0x64,0x20,
0x52,0x65,0x71,0x75,0x65,0x73,0x74,0x01,0x18,0x55,0x6e,0x61,0x75,0x74,0x68,0x6f,
0x72,0x69,0x7a,0x65,0x64,0x01,0x20,0x50,0x61,0x79,0x6d,0x65,0x6e,0x74,0x20,0x52,
0x65,0x71,0x75,0x69,0x72,0x65,0x64,0x01,0x12,0x46,0x6f,0x72,0x62,0x69,0x64,0x64,
0x65,0x6e,0x01,0x12,0x4e,0x6f,0x74,0x20,0x46,0x6f,0x75,0x6e,0x64,0x01,0x24,0x4d,
0x65,0x74,0x68,0x6f,0x64,0x20,0x4e,0x6f,0x74,0x20,0x41,0x6c,0x6c,0x6f,0x77,0x65,
0x64,0x01,0x1c,0x4e,0x6f,0x74,0x20,0x41,0x63,0x63,0x65,0x70,0x74,0x61,0x62,0x6c,
0x65,0x01,0x3a,0x50,0x72,0x6f,0x78,0x79,0x20,0x41,0x75,0x74,0x68,0x65,0x6e,0x74,
0x69,0x63,0x61,0x74,0x69,0x6f,0x6e,0x20,0x52,0x65,0x71,0x75,0x69,0x72,0x65,0x64,
0x01,0x1e,0x52,0x65,0x71,0x75,0x65,0x73,0x74,0x20,0x54,0x69,0x6d,0x65,0x6f,0x75,
0x74,0x01,0x10,0x43,0x6f,0x6e,0x66,0x6c,0x69,0x63,0x74,0x01,0x08,0x47,0x6f,0x6e,
0x65,0x01,0x1e,0x4c,0x65,0x6e,0x67,0x74,0x68,0x20,0x52,0x65,0x71,0x75,0x69,0x72,
0x65,0x64,0x01,0x26,0x50,0x72,0x65,0x63,0x6f,0x6e,0x64,0x69,0x74,0x69,0x6f,0x6e,
0x20,0x46,0x61,0x69,0x6c,0x65,0x64,0x01,0x22,0x50,0x61,0x79,0x6c,0x6f,0x61,0x64,
0x20,0x54,0x6f,0x6f,0x20,0x4c,0x61,0x72,0x67,0x65,0x01,0x18,0x55,0x52,0x49,0x20,
0x54,0x6f,0x6f,0x20,0x4c,0x6f,0x6e,0x67,0x01,0x2c,0x55,0x6e,0x73,0x75,0x70,0x70,
0x6f,0x72,0x74,0x65,0x64,0x20,0x4d,0x65,0x64,0x69,0x61,0x20,0x54,0x79,0x70,0x65,
0x01,0x2a,0x52,0x61,0x6e,0x67,0x65,0x20,0x4e,0x6f,0x74,0x20,0x53,0x61,0x74,0x69,
0x73,0x66,0x69,0x61,0x62,0x6c,0x65,0x01,0x24,0x45,0x78,0x70,0x65,0x63,0x74,0x61,
0x74,0x69,0x6f,0x6e,0x20,0x46,0x61,0x69,0x6c,0x65,0x64,0x01,0x18,0x49,0x27,0x6d,
0x20,0x61,0x20,0x54,0x65,0x61,0x70,0x6f,0x74,0x01,0x28,0x55,0x6e,0x70,0x72,0x6f,
0x63,0x65,0x73,0x73,0x61,0x62,0x6c,0x65,0x20,0x45,0x6e,0x74,0x69,0x74,0x79,0x01,
0x12,0x54,0x6f,0x6f,0x20,0x45,0x61,0x72,0x6c,0x79,0x01,0x20,0x55,0x70,0x67,0x72,
0x61,0x64,0x65,0x20,0x52,0x65,0x71,0x75,0x69,0x72,0x65,0x64,0x01,0x2a,0x50,0x72,
0x65,0x63,0x6f,0x6e,0x64,0x69,0x74,0x69,0x6f,0x6e,0x20,0x52,0x65,0x71,0x75,0x69,
0x72,0x65,0x64,0x01,0x22,0x54,0x6f,0x6f,0x20,0x4d,0x61,0x6e,0x79,0x20,0x52,0x65,
0x71,0x75,0x65,0x73,0x74,0x73,0x01,0x3e,0x52,0x65,0x71,0x75,0x65,0x73,0x74,0x20,
0x48,0x65,0x61,0x64,0x65,0x72,0x20,0x46,0x69,0x65,0x6c,0x64,0x73,0x20,0x54,0x6f,
0x6f,0x20,0x4c,0x61,0x72,0x67,0x65,0x01,0x3a,0x55,0x6e,0x61,0x76,0x61,0x69,0x6c,
0x61,0x62,0x6c,0x65,0x20,0x46,0x6f,0x72,0x20,0x4c,0x65,0x67,0x61,0x6c,0x20,0x52,
0x65,0x61,0x73,0x6f,0x6e,0x73,0x01,0x2a,0x49,0x6e,0x74,0x65,0x72,0x6e,0x61,0x6c,
0x20,0x53,0x65,0x72,0x76,0x65,0x72,0x20,0x45,0x72,0x72,0x6f,0x72,0x01,0x1e,0x4e,
0x6f,0x74,0x20,0x49,0x6d,0x70,0x6c,0x65,0x6d,0x65,0x6e,0x74,0x65,0x64,0x01,0x16,
0x42,0x61,0x64,0x20,0x47,0x61,0x74,0x65,0x77,0x61,0x79,0x01,0x26,0x53,0x65,0x72,
0x76,0x69,0x63,0x65,0x20,0x55,0x6e,0x61,0x76,0x61,0x69,0x6c,0x61,0x62,0x6c,0x65,
0x01,0x1e,0x47,0x61,0x74,0x65,0x77,0x61,0x79,0x20,0x54,0x69,0x6d,0x65,0x6f,0x75,
0x74,0x01,0x34,0x48,0x54,0x54,0x50,0x20,0x56,0x65,0x72,0x73,0x69,0x6f,0x6e,0x20,
0x4e,0x6f,0x74,0x20,0x53,0x75,0x70,0x70,0x6f,0x72,0x74,0x65,0x64,0x01,0x2e,0x56,
0x61,0x72,0x69,0x61,0x6e,0x74,0x20,0x41,0x6c,0x73,0x6f,0x20,0x4e,0x65,0x67,0x6f,
0x74,0x69,0x61,0x74,0x65,0x73,0x01,0x28,0x49,0x6e,0x73,0x75,0x66,0x66,0x69,0x63,
0x69,0x65,0x6e,0x74,0x20,0x53,0x74,0x6f,0x72,0x61,0x67,0x65,0x01,0x1a,0x4c,0x6f,
0x6f,0x70,0x20,0x44,0x65,0x74,0x65,0x63,0x74,0x65,0x64,0x01,0x18,0x4e,0x6f,0x74,
0x20,0x45,0x78,0x74,0x65,0x6e,0x64,0x65,0x64,0x01,0x3e,0x4e,0x65,0x74,0x77,0x6f,
0x72,0x6b,0x20,0x41,0x75,0x74,0x68,0x65,0x6e,0x74,0x69,0x63,0x61,0x74,0x69,0x6f,
0x6e,0x20,0x52,0x65,0x71,0x75,0x69,0x72,0x65,0x64,0x01,0x10,0x62,0x6f,0x64,0x79,
0x55,0x73,0x65,0x64,0x01,0x0a,0x63,0x6c,0x6f,0x6e,0x65,0x01,0x08,0x6a,0x73,0x6f,
0x6e,0x01,0x08,0x62,0x6c,0x6f,0x62,0x01,0x0e,0x52,0x65,0x71,0x75,0x65,0x73,0x74,
0x01,0x10,0x52,0x65,0x73,0x70,0x6f,0x6e,0x73,0x65,0x01,0x04,0x66,0x73,0x01,0x0c,
0x66,0x73,0x52,0x65,0x61,0x64,0x01,0x10,0x65,0x6e,0x63,0x6f,0x64,0x69,0x6e,0x67,
0x01,0x18,0x66,0x73,0x52,0x65,0x61,0x64,0x42,0x69,0x6e,0x61,0x72,0x79,0x01,0x0e,
0x66,0x73,0x57,0x72,0x69,0x74,0x65,0x01,0x10,0x66,0x73,0x45,0x78,0x69,0x73,0x74,
0x73,0x01,0x0c,0x66,0x73,0x4c,0x69,0x73,0x74,0x01,0x10,0x66,0x73,0x52,0x65,0x6d,
0x6f,0x76,0x65,0x01,0x5e,0x53,0x79,0x6e,0x63,0x68,0x72,0x6f,0x6e,0x6f,0x75,0x73,
0x20,0x66,0x73,0x20,0x6f,0x70,0x65,0x72,0x61,0x74,0x69,0x6f,0x6e,0x73,0x20,0x6e,
0x6f,0x74,0x20,0x73,0x75,0x70,0x70,0x6f,0x72,0x74,0x65,0x64,0x20,0x69,0x6e,0x20,
0x71,0x77,0x72,0x74,0x01,0x08,0x71,0x77,0x72,0x74,0x01,0x10,0x72,0x65,0x61,0x64,
0x46,0x69,0x6c,0x65,0x01,0x1c,0x72,0x65,0x61,0x64,0x46,0x69,0x6c,0x65,0x42,0x69,
0x6e,0x61,0x72,0x79,0x01,0x12,0x77,0x72,0x69,0x74,0x65,0x46,0x69,0x6c,0x65,0x01,
0x0c,0x65,0x78,0x69,0x73,0x74,0x73,0x01,0x0e,0x72,0x65,0x61,0x64,0x64,0x69,0x72,
0x01,0x0c,0x75,0x6e,0x6c,0x69,0x6e,0x6b,0x01,0x18,0x72,0x65,0x61,0x64,0x46,0x69,
0x6c,0x65,0x53,0x79,0x6e,0x63,0x01,0x0e,0x73,0x74,0x6f,0x72,0x61,0x67,0x65,0x01,
0x14,0x73,0x74,0x6f,0x72,0x61,0x67,0x65,0x47,0x65,0x74,0x01,0x14,0x73,0x74,0x6f,
0x72,0x61,0x67,0x65,0x53,0x65,0x74,0x01,0x14,0x73,0x74,0x6f,0x72,0x61,0x67,0x65,
0x44,0x65,0x6c,0x01,0x0a,0x51,0x55,0x4f,0x54,0x41,0x01,0x08,0x6c,0x6f,0x61,0x64,
0x01,0x0e,0x70,0x65,0x72,0x73,0x69,0x73,0x74,0x01,0x0e,0x67,0x65,0x74,0x49,0x74,
0x65,0x6d,0x01,0x0e,0x73,0x65,0x74,0x49,0x74,0x65,0x6d,0x01,0x14,0x72,0x65,0x6d,
0x6f,0x76,0x65,0x49,0x74,0x65,0x6d,0x01,0x08,0x6b,0x65,0x79,0x32,0x01,0x1c,0x68,
0x61,0x73,0x4f,0x77,0x6e,0x50,0x72,0x6f,0x70,0x65,0x72,0x74,0x79,0x01,0x04,0x6b,
0x73,0x01,0x14,0x66,0x73,0x52,0x65,0x61,0x64,0x53,0x79,0x6e,0x63,0x01,0x16,0x66,
0x73,0x57,0x72,0x69,0x74,0x65,0x53,0x79,0x6e,0x63,0x01,0x0e,0x65,0x78,0x69,0x73,
0x74,0x65,0x64,0x01,0x10,0x6f,0x6c,0x64,0x56,0x61,0x6c,0x75,0x65,0x01,0x80,0x01,
0x46,0x61,0x69,0x6c,0x65,0x64,0x20,0x74,0x6f,0x20,0x65,0x78,0x65,0x63,0x75,0x74,
0x65,0x20,0x27,0x73,0x65,0x74,0x49,0x74,0x65,0x6d,0x27,0x20,0x6f,0x6e,0x20,0x27,
0x53,0x74,0x6f,0x72,0x61,0x67,0x65,0x27,0x3a,0x20,0x73,0x65,0x74,0x74,0x69,0x6e,
0x67,0x20,0x74,0x68,0x65,0x20,0x76,0x61,0x6c,0x75,0x65,0x20,0x6f,0x66,0x20,0x27,
0x01,0x2a,0x27,0x20,0x65,0x78,0x63,0x65,0x65,0x64,0x65,0x64,0x20,0x74,0x68,0x65,
0x20,0x71,0x75,0x6f,0x74,0x61,0x2e,0x01,0x0c,0x6f,0x6c,0x64,0x4d,0x61,0x70,0x01,
0x0e,0x6f,0x6c,0x64,0x4b,0x65,0x79,0x73,0x01,0x10,0x6f,0x6c,0x64,0x54,0x6f,0x74,
0x61,0x6c,0x01,0x10,0x77,0x6f,0x72,0x6b,0x65,0x72,0x49,0x64,0x01,0x18,0x6c,0x6f,
0x63,0x61,0x6c,0x53,0x74,0x6f,0x72,0x61,0x67,0x65,0x01,0x20,0x6c,0x6f,0x63,0x61,
0x6c,0x53,0x74,0x6f,0x72,0x61,0x67,0x65,0x50,0x61,0x74,0x68,0x01,0x1e,0x75,0x73,
0x65,0x4e,0x61,0x74,0x69,0x76,0x65,0x44,0x65,0x63,0x6f,0x64,0x65,0x01,0x18,0x54,
0x65,0x78,0x74,0x45,0x6e,0x63,0x6f,0x64,0x65,0x72,0x32,0x01,0x18,0x54,0x65,0x78,
0x74,0x44,0x65,0x63,0x6f,0x64,0x65,0x72,0x32,0x01,0x16,0x75,0x74,0x66,0x38,0x4c,
0x65,0x61,0x64,0x4c,0x65,0x6e,0x01,0x04,0x68,0x69,0x01,0x04,0x6c,0x6f,0x01,0x12,
0x63,0x6f,0x64,0x65,0x50,0x6f,0x69,0x6e,0x74,0x01,0x20,0x6e,0x61,0x74,0x69,0x76,
0x65,0x45,0x6e,0x63,0x6f,0x64,0x65,0x55,0x74,0x66,0x38,0x01,0x14,0x65,0x6e,0x63,
0x6f,0x64,0x65,0x49,0x6e,0x74,0x6f,0x01,0x06,0x73,0x72,0x63,0x01,0x06,0x64,0x73,
0x74,0x01,0x0c,0x73,0x72,0x63,0x4c,0x65,0x6e,0x01,0x0c,0x64,0x73,0x74,0x4c,0x65,
0x6e,0x01,0x0e,0x77,0x72,0x69,0x74,0x74,0x65,0x6e,0x01,0x02,0x6f,0x01,0x04,0x63,
0x70,0x01,0x58,0x65,0x6e,0x63,0x6f,0x64,0x65,0x49,0x6e,0x74,0x6f,0x3a,0x20,0x64,
0x65,0x73,0x74,0x69,0x6e,0x61,0x74,0x69,0x6f,0x6e,0x20,0x6d,0x75,0x73,0x74,0x20,
0x62,0x65,0x20,0x61,0x20,0x55,0x69,0x6e,0x74,0x38,0x41,0x72,0x72,0x61,0x79,0x01,
0x0a,0x66,0x61,0x74,0x61,0x6c,0x01,0x12,0x69,0x67,0x6e,0x6f,0x72,0x65,0x42,0x4f,
0x4d,0x01,0x10,0x5f,0x42,0x4f,0x4d,0x53,0x65,0x65,0x6e,0x01,0x22,0x75,0x6e,0x69,
0x63,0x6f,0x64,0x65,0x2d,0x31,0x2d,0x31,0x2d,0x75,0x74,0x66,0x2d,0x38,0x01,0x08,
0x75,0x74,0x66,0x38,0x01,0x10,0x5f,0x64,0x65,0x63,0x6f,0x64,0x65,0x72,0x01,0x16,
0x72,0x65,0x70,0x6c,0x61,0x63,0x65,0x6d,0x65,0x6e,0x74,0x01,0x6a,0x54,0x68,0x65,
0x20,0x22,0x72,0x65,0x70,0x6c,0x61,0x63,0x65,0x6d,0x65,0x6e,0x74,0x22,0x20,0x6c,
0x61,0x62,0x65,0x6c,0x20,0x69,0x73,0x20,0x6e,0x6f,0x74,0x20,0x61,0x20,0x76,0x61,
0x6c,0x69,0x64,0x20,0x65,0x6e,0x63,0x6f,0x64,0x69,0x6e,0x67,0x20,0x6c,0x61,0x62,
0x65,0x6c,0x01,0x14,0x45,0x6e,0x63,0x6f,0x64,0x69,0x6e,0x67,0x20,0x22,0x01,0x1e,
0x22,0x20,0x6e,0x6f,0x74,0x20,0x73,0x75,0x70,0x70,0x6f,0x72,0x74,0x65,0x64,0x01,
0x08,0x62,0x79,0x74,0x65,0x01,0x14,0x73,0x74,0x72,0x65,0x61,0x6d,0x4d,0x6f,0x64,
0x65,0x01,0x10,0x61,0x6c,0x6c,0x42,0x79,0x74,0x65,0x73,0x01,0x18,0x6c,0x61,0x73,
0x74,0x43,0x6f,0x6d,0x70,0x6c,0x65,0x74,0x65,0x01,0x08,0x6c,0x65,0x61,0x64,0x01,
0x08,0x77,0x61,0x6e,0x74,0x01,0x04,0x62,0x31,0x01,0x0e,0x62,0x75,0x66,0x57,0x61,
0x6e,0x74,0x01,0x02,0x6b,0x01,0x12,0x61,0x76,0x61,0x69,0x6c,0x43,0x6f,0x6e,0x74,
0x01,0x12,0x63,0x6f,0x64,0x65,0x70,0x6f,0x69,0x6e,0x74,0x01,0x0c,0x73,0x74,0x72,
0x65,0x61,0x6d,0x01,0x0c,0x6c,0x61,0x74,0x69,0x6e,0x31,0x01,0x10,0x73,0x75,0x62,
0x61,0x72,0x72,0x61,0x79,0x01,0x46,0x54,0x65,0x78,0x74,0x44,0x65,0x63,0x6f,0x64,
0x65,0x72,0x3a,0x20,0x69,0x6e,0x76,0x61,0x6c,0x69,0x64,0x20,0x55,0x54,0x46,0x2d,
0x38,0x20,0x73,0x65,0x71,0x75,0x65,0x6e,0x63,0x65,0x01,0x03,0xfd,0xff,0x01,0x4c,
0x54,0x65,0x78,0x74,0x44,0x65,0x63,0x6f,0x64,0x65,0x72,0x3a,0x20,0x69,0x6e,0x63,
0x6f,0x6d,0x70,0x6c,0x65,0x74,0x65,0x20,0x55,0x54,0x46,0x2d,0x38,0x20,0x73,0x65,
0x71,0x75,0x65,0x6e,0x63,0x65,0x01,0x1a,0x66,0x72,0x6f,0x6d,0x43,0x6f,0x64,0x65,
0x50,0x6f,0x69,0x6e,0x74,0x01,0x20,0x6e,0x61,0x74,0x69,0x76,0x65,0x44,0x65,0x63,
0x6f,0x64,0x65,0x55,0x74,0x66,0x38,0x01,0x0c,0x43,0x72,0x79,0x70,0x74,0x6f,0x01,
0x0c,0x73,0x75,0x62,0x74,0x6c,0x65,0x01,0x14,0x74,0x79,0x70,0x65,0x64,0x41,0x72,
0x72,0x61,0x79,0x01,0x14,0x74,0x6f,0x74,0x61,0x6c,0x42,0x79,0x74,0x65,0x73,0x01,
0x04,0x61,0x62,0x01,0x3a,0x41,0x72,0x67,0x75,0x6d,0x65,0x6e,0x74,0x20,0x6d,0x75,
0x73,0x74,0x20,0x62,0x65,0x20,0x61,0x20,0x54,0x79,0x70,0x65,0x64,0x41,0x72,0x72,
0x61,0x79,0x01,0x22,0x42,0x59,0x54,0x45,0x53,0x5f,0x50,0x45,0x52,0x5f,0x45,0x4c,
0x45,0x4d,0x45,0x4e,0x54,0x01,0x6a,0x67,0x65,0x74,0x52,0x61,0x6e,0x64,0x6f,0x6d,
0x56,0x61,0x6c,0x75,0x65,0x73,0x3a,0x20,0x72,0x65,0x71,0x75,0x65,0x73,0x74,0x65,
0x64,0x20,0x6c,0x65,0x6e,0x67,0x74,0x68,0x20,0x65,0x78,0x63,0x65,0x65,0x64,0x73,
0x20,0x36,0x35,0x35,0x33,0x36,0x20,0x62,0x79,0x74,0x65,0x73,0x01,0x16,0x72,0x61,
0x6e,0x64,0x6f,0x6d,0x42,0x79,0x74,0x65,0x73,0x01,0x06,0x68,0x65,0x78,0x01,0x10,
0x70,0x61,0x64,0x53,0x74,0x61,0x72,0x74,0x01,0x1e,0x67,0x65,0x74,0x52,0x61,0x6e,
0x64,0x6f,0x6d,0x56,0x61,0x6c,0x75,0x65,0x73,0x01,0x02,0x2d,0x01,0x14,0x72,0x61,
0x6e,0x64,0x6f,0x6d,0x55,0x55,0x49,0x44,0x01,0x0c,0x63,0x72,0x79,0x70,0x74,0x6f,
0x01,0x16,0x45,0x72,0x72,0x6f,0x72,0x45,0x76,0x65,0x6e,0x74,0x32,0x01,0x2a,0x50,
0x72,0x6f,0x6d,0x69,0x73,0x65,0x52,0x65,0x6a,0x65,0x63,0x74,0x69,0x6f,0x6e,0x45,
0x76,0x65,0x6e,0x74,0x01,0x10,0x5f,0x6d,0x65,0x73,0x73,0x61,0x67,0x65,0x01,0x10,
0x66,0x69,0x6c,0x65,0x6e,0x61,0x6d,0x65,0x01,0x12,0x5f,0x66,0x69,0x6c,0x65,0x6e,
0x61,0x6d,0x65,0x01,0x0c,0x6c,0x69,0x6e,0x65,0x6e,0x6f,0x01,0x0e,0x5f,0x6c,0x69,
0x6e,0x65,0x6e,0x6f,0x01,0x0a,0x63,0x6f,0x6c,0x6e,0x6f,0x01,0x0c,0x5f,0x63,0x6f,
0x6c,0x6e,0x6f,0x01,0x0c,0x5f,0x65,0x72,0x72,0x6f,0x72,0x01,0x24,0x75,0x6e,0x68,
0x61,0x6e,0x64,0x6c,0x65,0x64,0x72,0x65,0x6a,0x65,0x63,0x74,0x69,0x6f,0x6e,0x01,
0x10,0x5f,0x70,0x72,0x6f,0x6d,0x69,0x73,0x65,0x01,0x58,0x45,0x72,0x72,0x6f,0x72,
0x45,0x76,0x65,0x6e,0x74,0x20,0x72,0x65,0x71,0x75,0x69,0x72,0x65,0x73,0x20,0x45,
0x76,0x65,0x6e,0x74,0x20,0x74,0x6f,0x20,0x62,0x65,0x20,0x6c,0x6f,0x61,0x64,0x65,
0x64,0x20,0x66,0x69,0x72,0x73,0x74,0x01,0x14,0x45,0x72,0x72,0x6f,0x72,0x45,0x76,
0x65,0x6e,0x74,0x01,0x18,0x70,0x6f,0x72,0x74,0x52,0x65,0x67,0x69,0x73,0x74,0x72,
0x79,0x01,0x10,0x69,0x6e,0x57,0x6f,0x72,0x6b,0x65,0x72,0x01,0x18,0x72,0x65,0x67,
0x69,0x73,0x74,0x65,0x72,0x50,0x6f,0x72,0x74,0x01,0x14,0x6c,0x6f,0x6f,0x6b,0x75,
0x70,0x50,0x6f,0x72,0x74,0x01,0x1a,0x4d,0x65,0x73,0x73,0x61,0x67,0x65,0x45,0x76,
0x65,0x6e,0x74,0x32,0x01,0x18,0x4d,0x65,0x73,0x73,0x61,0x67,0x65,0x50,0x6f,0x72,
0x74,0x32,0x01,0x1c,0x4d,0x65,0x73,0x73,0x61,0x67,0x65,0x43,0x68,0x61,0x6e,0x6e,
0x65,0x6c,0x01,0x06,0x5f,0x69,0x64,0x01,0x04,0x69,0x64,0x01,0x0a,0x5f,0x64,0x61,
0x74,0x61,0x01,0x0e,0x5f,0x6f,0x72,0x69,0x67,0x69,0x6e,0x01,0x16,0x6c,0x61,0x73,
0x74,0x45,0x76,0x65,0x6e,0x74,0x49,0x64,0x01,0x18,0x5f,0x6c,0x61,0x73,0x74,0x45,
0x76,0x65,0x6e,0x74,0x49,0x64,0x01,0x0e,0x5f,0x73,0x6f,0x75,0x72,0x63,0x65,0x01,
0x0a,0x70,0x6f,0x72,0x74,0x73,0x01,0x0c,0x5f,0x70,0x6f,0x72,0x74,0x73,0x01,0x0c,
0x70,0x65,0x65,0x72,0x49,0x64,0x01,0x0e,0x5f,0x70,0x65,0x65,0x72,0x49,0x64,0x01,
0x1c,0x5f,0x65,0x6e,0x74,0x61,0x6e,0x67,0x6c,0x65,0x64,0x50,0x6f,0x72,0x74,0x01,
0x0a,0x6c,0x6f,0x63,0x61,0x6c,0x01,0x16,0x5f,0x70,0x65,0x65,0x72,0x54,0x68,0x72,
0x65,0x61,0x64,0x01,0x12,0x5f,0x64,0x65,0x74,0x61,0x63,0x68,0x65,0x64,0x01,0x10,
0x5f,0x73,0x74,0x61,0x72,0x74,0x65,0x64,0x01,0x1a,0x5f,0x6d,0x65,0x73,0x73,0x61,
0x67,0x65,0x51,0x75,0x65,0x75,0x65,0x01,0x14,0x5f,0x6f,0x6e,0x6d,0x65,0x73,0x73,
0x61,0x67,0x65,0x01,0x1e,0x5f,0x6f,0x6e,0x6d,0x65,0x73,0x73,0x61,0x67,0x65,0x65,
0x72,0x72,0x6f,0x72,0x01,0x0c,0x5f,0x73,0x74,0x61,0x72,0x74,0x01,0x18,0x6d,0x65,
0x73,0x73,0x61,0x67,0x65,0x65,0x72,0x72,0x6f,0x72,0x01,0x18,0x70,0x61,0x79,0x6c,
0x6f,0x61,0x64,0x42,0x79,0x74,0x65,0x73,0x01,0x0e,0x77,0x72,0x61,0x70,0x70,0x65,
0x64,0x01,0x24,0x5f,0x5f,0x71,0x77,0x72,0x74,0x5f,0x73,0x65,0x72,0x69,0x61,0x6c,
0x69,0x7a,0x65,0x5f,0x5f,0x01,0x0e,0x70,0x61,0x79,0x6c,0x6f,0x61,0x64,0x01,0x1e,
0x5f,0x5f,0x71,0x77,0x72,0x74,0x5f,0x70,0x6f,0x72,0x74,0x5f,0x6d,0x73,0x67,0x01,
0x16,0x70,0x6f,0x73,0x74,0x4d,0x65,0x73,0x73,0x61,0x67,0x65,0x01,0x14,0x77,0x6f,
0x72,0x6b,0x65,0x72,0x50,0x6f,0x73,0x74,0x01,0x5e,0x4d,0x65,0x73,0x73,0x61,0x67,
0x65,0x50,0x6f,0x72,0x74,0x3a,0x20,0x63,0x61,0x6e,0x6e,0x6f,0x74,0x20,0x72,0x6f,
0x75,0x74,0x65,0x20,0x74,0x6f,0x20,0x70,0x61,0x72,0x65,0x6e,0x74,0x20,0x66,0x72,
0x6f,0x6d,0x20,0x70,0x61,0x72,0x65,0x6e,0x74,0x01,0x10,0x74,0x72,0x61,0x6e,0x73,
0x66,0x65,0x72,0x01,0x14,0x65,0x72,0x72,0x6f,0x72,0x45,0x76,0x65,0x6e,0x74,0x01,
0x3a,0x4d,0x65,0x73,0x73,0x61,0x67,0x65,0x50,0x6f,0x72,0x74,0x3a,0x20,0x70,0x6f,
0x72,0x74,0x20,0x69,0x73,0x20,0x64,0x65,0x74,0x61,0x63,0x68,0x65,0x64,0x01,0x1e,
0x73,0x74,0x72,0x75,0x63,0x74,0x75,0x72,0x65,0x64,0x43,0x6c,0x6f,0x6e,0x65,0x01,
0x16,0x5f,0x73,0x65,0x6e,0x64,0x52,0x65,0x6d,0x6f,0x74,0x65,0x01,0x10,0x65,0x72,
0x72,0x45,0x76,0x65,0x6e,0x74,0x01,0x28,0x5f,0x5f,0x71,0x77,0x72,0x74,0x5f,0x64,
0x65,0x73,0x65,0x72,0x69,0x61,0x6c,0x69,0x7a,0x65,0x5f,0x5f,0x01,0x06,0x69,0x64,
0x73,0x01,0x14,0x70,0x6f,0x72,0x74,0x43,0x72,0x65,0x61,0x74,0x65,0x01,0x06,0x69,
0x64,0x31,0x01,0x06,0x69,0x64,0x32,0x01,0x0c,0x5f,0x70,0x6f,0x72,0x74,0x31,0x01,
0x0c,0x5f,0x70,0x6f,0x72,0x74,0x32,0x01,0x06,0x6d,0x73,0x67,0x01,0x04,0x70,0x6d,
0x01,0x1c,0x5f,0x64,0x65,0x6c,0x69,0x76,0x65,0x72,0x52,0x65,0x6d,0x6f,0x74,0x65,
0x01,0x08,0x70,0x65,0x65,0x72,0x01,0x3a,0x69,0x6e,0x76,0x61,0x6c,0x69,0x64,0x20,
0x4d,0x65,0x73,0x73,0x61,0x67,0x65,0x50,0x6f,0x72,0x74,0x20,0x72,0x65,0x66,0x65,
0x72,0x65,0x6e,0x63,0x65,0x01,0x14,0x70,0x65,0x65,0x72,0x54,0x68,0x72,0x65,0x61,
0x64,0x01,0x0c,0x70,0x61,0x72,0x65,0x6e,0x74,0x01,0x66,0x4d,0x65,0x73,0x73,0x61,
0x67,0x65,0x50,0x6f,0x72,0x74,0x20,0x72,0x65,0x71,0x75,0x69,0x72,0x65,0x73,0x20,
0x45,0x76,0x65,0x6e,0x74,0x54,0x61,0x72,0x67,0x65,0x74,0x20,0x74,0x6f,0x20,0x62,
0x65,0x20,0x6c,0x6f,0x61,0x64,0x65,0x64,0x20,0x66,0x69,0x72,0x73,0x74,0x01,0x16,
0x77,0x6f,0x72,0x6b,0x65,0x72,0x43,0x6c,0x6f,0x73,0x65,0x01,0x12,0x6f,0x6e,0x6d,
0x65,0x73,0x73,0x61,0x67,0x65,0x01,0x1c,0x6f,0x6e,0x6d,0x65,0x73,0x73,0x61,0x67,
0x65,0x65,0x72,0x72,0x6f,0x72,0x01,0x0a,0x70,0x6f,0x72,0x74,0x31,0x01,0x0a,0x70,
0x6f,0x72,0x74,0x32,0x01,0x16,0x4d,0x65,0x73,0x73,0x61,0x67,0x65,0x50,0x6f,0x72,
0x74,0x01,0x18,0x4d,0x65,0x73,0x73,0x61,0x67,0x65,0x45,0x76,0x65,0x6e,0x74,0x01,
0x28,0x5f,0x5f,0x71,0x77,0x72,0x74,0x5f,0x6c,0x6f,0x6f,0x6b,0x75,0x70,0x5f,0x70,
0x6f,0x72,0x74,0x5f,0x5f,0x01,0x32,0x5f,0x5f,0x71,0x77,0x72,0x74,0x5f,0x64,0x65,
0x6c,0x69,0x76,0x65,0x72,0x5f,0x70,0x6f,0x72,0x74,0x5f,0x6d,0x73,0x67,0x5f,0x5f,
0x01,0x2c,0x5f,0x5f,0x71,0x77,0x72,0x74,0x5f,0x70,0x6f,0x72,0x74,0x5f,0x66,0x72,
0x6f,0x6d,0x5f,0x72,0x65,0x66,0x5f,0x5f,0x01,0x10,0x63,0x68,0x61,0x6e,0x6e,0x65,
0x6c,0x73,0x01,0x20,0x42,0x72,0x6f,0x61,0x64,0x63,0x61,0x73,0x74,0x43,0x68,0x61,
0x6e,0x6e,0x65,0x6c,0x01,0x0a,0x5f,0x6e,0x61,0x6d,0x65,0x01,0x0e,0x5f,0x63,0x6c,
0x6f,0x73,0x65,0x64,0x01,0x0a,0x70,0x65,0x65,0x72,0x73,0x01,0x0c,0x75,0x72,0x6c,
0x4b,0x65,0x79,0x01,0x0a,0x43,0x61,0x63,0x68,0x65,0x01,0x18,0x43,0x61,0x63,0x68,
0x65,0x53,0x74,0x6f,0x72,0x61,0x67,0x65,0x01,0x4c,0x43,0x61,0x63,0x68,0x65,0x2e,
0x70,0x75,0x74,0x3a,0x20,0x72,0x65,0x73,0x70,0x6f,0x6e,0x73,0x65,0x20,0x6d,0x75,
0x73,0x74,0x20,0x62,0x65,0x20,0x61,0x20,0x52,0x65,0x73,0x70,0x6f,0x6e,0x73,0x65,
0x01,0x0e,0x72,0x65,0x73,0x75,0x6c,0x74,0x73,0x01,0x0e,0x5f,0x63,0x61,0x63,0x68,
0x65,0x73,0x01,0x06,0x70,0x75,0x74,0x01,0x10,0x6d,0x61,0x74,0x63,0x68,0x41,0x6c,
0x6c,0x01,0x08,0x6f,0x70,0x65,0x6e,0x01,0x0c,0x63,0x61,0x63,0x68,0x65,0x73,0x01,
0x1a,0x63,0x6f,0x6d,0x70,0x75,0x74,0x65,0x4f,0x72,0x69,0x67,0x69,0x6e,0x01,0x16,
0x45,0x76,0x65,0x6e,0x74,0x53,0x6f,0x75,0x72,0x63,0x65,0x01,0x0c,0x73,0x63,0x68,
0x65,0x6d,0x65,0x01,0x10,0x68,0x6f,0x73,0x74,0x50,0x6f,0x72,0x74,0x01,0x16,0x64,
0x65,0x66,0x61,0x75,0x6c,0x74,0x50,0x6f,0x72,0x74,0x01,0x0a,0x63,0x6f,0x6c,0x6f,
0x6e,0x01,0x06,0x3a,0x2f,0x2f,0x01,0x26,0x65,0x76,0x65,0x6e,0x74,0x53,0x6f,0x75,
0x72,0x63,0x65,0x49,0x6e,0x69,0x74,0x44,0x69,0x63,0x74,0x01,0x34,0x45,0x76,0x65,
0x6e,0x74,0x53,0x6f,0x75,0x72,0x63,0x65,0x3a,0x20,0x69,0x6e,0x76,0x61,0x6c,0x69,
0x64,0x20,0x55,0x52,0x4c,0x20,0x27,0x01,0x02,0x27,0x01,0x1e,0x77,0x69,0x74,0x68,
0x43,0x72,0x65,0x64,0x65,0x6e,0x74,0x69,0x61,0x6c,0x73,0x01,0x20,0x5f,0x77,0x69,
0x74,0x68,0x43,0x72,0x65,0x64,0x65,0x6e,0x74,0x69,0x61,0x6c,0x73,0x01,0x1e,0x5f,
0x72,0x65,0x63,0x6f,0x6e,0x6e,0x65,0x63,0x74,0x44,0x65,0x6c,0x61,0x79,0x01,0x1a,
0x5f,0x6c,0x61,0x73,0x74,0x49,0x64,0x42,0x75,0x66,0x66,0x65,0x72,0x01,0x14,0x5f,
0x64,0x61,0x74,0x61,0x4c,0x69,0x6e,0x65,0x73,0x01,0x14,0x5f,0x65,0x76,0x65,0x6e,
0x74,0x54,0x79,0x70,0x65,0x01,0x16,0x5f,0x72,0x65,0x61,0x64,0x79,0x53,0x74,0x61,
0x74,0x65,0x01,0x0e,0x5f,0x6f,0x6e,0x6f,0x70,0x65,0x6e,0x01,0x10,0x5f,0x6f,0x6e,
0x65,0x72,0x72,0x6f,0x72,0x01,0x10,0x5f,0x63,0x6f,0x6e,0x6e,0x65,0x63,0x74,0x01,
0x1e,0x5f,0x66,0x61,0x69,0x6c,0x43,0x6f,0x6e,0x6e,0x65,0x63,0x74,0x69,0x6f,0x6e,
0x01,0x0a,0x75,0x69,0x6e,0x74,0x38,0x01,0x1c,0x5f,0x70,0x72,0x6f,0x63,0x65,0x73,
0x73,0x42,0x75,0x66,0x66,0x65,0x72,0x01,0x18,0x5f,0x72,0x65,0x65,0x73,0x74,0x61,
0x62,0x6c,0x69,0x73,0x68,0x01,0x22,0x74,0x65,0x78,0x74,0x2f,0x65,0x76,0x65,0x6e,
0x74,0x2d,0x73,0x74,0x72,0x65,0x61,0x6d,0x01,0x0c,0x41,0x63,0x63,0x65,0x70,0x74,
0x01,0x10,0x6e,0x6f,0x2d,0x63,0x61,0x63,0x68,0x65,0x01,0x1a,0x43,0x61,0x63,0x68,
0x65,0x2d,0x43,0x6f,0x6e,0x74,0x72,0x6f,0x6c,0x01,0x1a,0x4c,0x61,0x73,0x74,0x2d,
0x45,0x76,0x65,0x6e,0x74,0x2d,0x49,0x44,0x01,0x0a,0x6c,0x69,0x6e,0x65,0x73,0x01,
0x02,0x0a,0x01,0x18,0x5f,0x70,0x72,0x6f,0x63,0x65,0x73,0x73,0x4c,0x69,0x6e,0x65,
0x01,0x08,0x6c,0x69,0x6e,0x65,0x01,0x0a,0x66,0x69,0x65,0x6c,0x64,0x01,0x22,0x5f,
0x64,0x69,0x73,0x70,0x61,0x74,0x63,0x68,0x45,0x76,0x65,0x6e,0x74,0x4e,0x6f,0x77,
0x01,0x02,0x00,0x01,0x0a,0x72,0x65,0x74,0x72,0x79,0x01,0x10,0x70,0x61,0x72,0x73,
0x65,0x49,0x6e,0x74,0x01,0x0a,0x69,0x73,0x4e,0x61,0x4e,0x01,0x14,0x43,0x4f,0x4e,
0x4e,0x45,0x43,0x54,0x49,0x4e,0x47,0x01,0x08,0x4f,0x50,0x45,0x4e,0x01,0x0c,0x43,
0x4c,0x4f,0x53,0x45,0x44,0x01,0x14,0x72,0x65,0x61,0x64,0x79,0x53,0x74,0x61,0x74,
0x65,0x01,0x0c,0x6f,0x6e,0x6f,0x70,0x65,0x6e,0x01,0x0e,0x6f,0x6e,0x65,0x72,0x72,
0x6f,0x72,0x01,0x0e,0x43,0x4c,0x4f,0x53,0x49,0x4e,0x47,0x01,0x16,0x4f,0x50,0x43,
0x4f,0x44,0x45,0x5f,0x43,0x4f,0x4e,0x54,0x01,0x16,0x4f,0x50,0x43,0x4f,0x44,0x45,
0x5f,0x54,0x45,0x58,0x54,0x01,0x1a,0x4f,0x50,0x43,0x4f,0x44,0x45,0x5f,0x42,0x49,
0x4e,0x41,0x52,0x59,0x01,0x18,0x4f,0x50,0x43,0x4f,0x44,0x45,0x5f,0x43,0x4c,0x4f,
0x53,0x45,0x01,0x16,0x4f,0x50,0x43,0x4f,0x44,0x45,0x5f,0x50,0x49,0x4e,0x47,0x01,
0x16,0x4f,0x50,0x43,0x4f,0x44,0x45,0x5f,0x50,0x4f,0x4e,0x47,0x01,0x0e,0x6d,0x61,
0x6b,0x65,0x4b,0x65,0x79,0x01,0x1a,0x63,0x6f,0x6d,0x70,0x75,0x74,0x65,0x41,0x63,
0x63,0x65,0x70,0x74,0x01,0x16,0x63,0x6f,0x6e,0x63,0x61,0x74,0x50,0x61,0x72,0x74,
0x73,0x01,0x14,0x62,0x75,0x69,0x6c,0x64,0x46,0x72,0x61,0x6d,0x65,0x01,0x12,0x57,
0x65,0x62,0x53,0x6f,0x63,0x6b,0x65,0x74,0x01,0x14,0x43,0x6c,0x6f,0x73,0x65,0x45,
0x76,0x65,0x6e,0x74,0x01,0x0a,0x4d,0x41,0x47,0x49,0x43,0x01,0x02,0x73,0x01,0x48,
0x32,0x35,0x38,0x45,0x41,0x46,0x41,0x35,0x2d,0x45,0x39,0x31,0x34,0x2d,0x34,0x37,
0x44,0x41,0x2d,0x39,0x35,0x43,0x41,0x2d,0x35,0x41,0x42,0x35,0x44,0x33,0x44,0x35,
0x44,0x35,0x45,0x35,0x01,0x0c,0x64,0x69,0x67,0x65,0x73,0x74,0x01,0x0a,0x53,0x48,
0x41,0x2d,0x31,0x01,0x0c,0x6f,0x70,0x63,0x6f,0x64,0x65,0x01,0x08,0x6d,0x61,0x73,
0x6b,0x01,0x14,0x68,0x65,0x61,0x64,0x65,0x72,0x53,0x69,0x7a,0x65,0x01,0x0e,0x6d,
0x61,0x73,0x6b,0x4c,0x65,0x6e,0x01,0x0a,0x66,0x72,0x61,0x6d,0x65,0x01,0x06,0x70,
0x6f,0x73,0x01,0x0e,0x6d,0x61,0x73,0x6b,0x4b,0x65,0x79,0x01,0x10,0x69,0x73,0x53,
0x65,0x63,0x75,0x72,0x65,0x01,0x10,0x73,0x6c,0x61,0x73,0x68,0x49,0x64,0x78,0x01,
0x14,0x5f,0x6f,0x6e,0x43,0x6f,0x6e,0x6e,0x65,0x63,0x74,0x01,0x0e,0x5f,0x6f,0x6e,
0x44,0x61,0x74,0x61,0x01,0x10,0x5f,0x6f,0x6e,0x45,0x72,0x72,0x6f,0x72,0x01,0x16,
0x5f,0x6f,0x6e,0x54,0x63,0x70,0x43,0x6c,0x6f,0x73,0x65,0x01,0x10,0x5f,0x6f,0x6e,
0x63,0x6c,0x6f,0x73,0x65,0x01,0x08,0x5f,0x74,0x63,0x70,0x01,0x08,0x5f,0x62,0x75,
0x66,0x01,0x10,0x5f,0x62,0x75,0x66,0x56,0x69,0x65,0x77,0x01,0x1c,0x5f,0x68,0x61,
0x6e,0x64,0x73,0x68,0x61,0x6b,0x65,0x44,0x6f,0x6e,0x65,0x01,0x14,0x5f,0x63,0x6c,
0x6f,0x73,0x65,0x53,0x65,0x6e,0x74,0x01,0x14,0x5f,0x63,0x6c,0x6f,0x73,0x65,0x43,
0x6f,0x64,0x65,0x01,0x18,0x5f,0x63,0x6c,0x6f,0x73,0x65,0x52,0x65,0x61,0x73,0x6f,
0x6e,0x01,0x16,0x5f,0x62,0x69,0x6e,0x61,0x72,0x79,0x54,0x79,0x70,0x65,0x01,0x16,
0x5f,0x66,0x72,0x61,0x67,0x4f,0x70,0x63,0x6f,0x64,0x65,0x01,0x14,0x5f,0x66,0x72,
0x61,0x67,0x50,0x61,0x72,0x74,0x73,0x01,0x0c,0x77,0x73,0x73,0x3a,0x2f,0x2f,0x01,
0x30,0x77,0x73,0x73,0x3a,0x2f,0x2f,0x20,0x6e,0x6f,0x74,0x20,0x73,0x75,0x70,0x70,
0x6f,0x72,0x74,0x65,0x64,0x20,0x79,0x65,0x74,0x01,0x0a,0x77,0x73,0x3a,0x2f,0x2f,
0x01,0x2e,0x69,0x6e,0x76,0x61,0x6c,0x69,0x64,0x20,0x57,0x65,0x62,0x53,0x6f,0x63,
0x6b,0x65,0x74,0x20,0x55,0x52,0x4c,0x3a,0x20,0x01,0x08,0x5f,0x6b,0x65,0x79,0x01,
0x0a,0x5f,0x70,0x61,0x74,0x68,0x01,0x14,0x74,0x63,0x70,0x43,0x6f,0x6e,0x6e,0x65,
0x63,0x74,0x01,0x12,0x6f,0x6e,0x63,0x6f,0x6e,0x6e,0x65,0x63,0x74,0x01,0x0c,0x6f,
0x6e,0x64,0x61,0x74,0x61,0x01,0x0e,0x6f,0x6e,0x63,0x6c,0x6f,0x73,0x65,0x01,0x10,
0x69,0x6e,0x63,0x6f,0x6d,0x69,0x6e,0x67,0x01,0x0c,0x6d,0x65,0x72,0x67,0x65,0x64,
0x01,0x0e,0x5f,0x62,0x75,0x66,0x50,0x6f,0x73,0x01,0x02,0x6e,0x01,0x06,0x72,0x65,
0x71,0x01,0x08,0x47,0x45,0x54,0x20,0x01,0x22,0x20,0x48,0x54,0x54,0x50,0x2f,0x31,
0x2e,0x31,0x0d,0x0a,0x48,0x6f,0x73,0x74,0x3a,0x20,0x01,0x7c,0x0d,0x0a,0x55,0x70,
0x67,0x72,0x61,0x64,0x65,0x3a,0x20,0x77,0x65,0x62,0x73,0x6f,0x63,0x6b,0x65,0x74,
0x0d,0x0a,0x43,0x6f,0x6e,0x6e,0x65,0x63,0x74,0x69,0x6f,0x6e,0x3a,0x20,0x55,0x70,
0x67,0x72,0x61,0x64,0x65,0x0d,0x0a,0x53,0x65,0x63,0x2d,0x57,0x65,0x62,0x53,0x6f,
0x63,0x6b,0x65,0x74,0x2d,0x4b,0x65,0x79,0x3a,0x20,0x01,0x3e,0x0d,0x0a,0x53,0x65,
0x63,0x2d,0x57,0x65,0x62,0x53,0x6f,0x63,0x6b,0x65,0x74,0x2d,0x56,0x65,0x72,0x73,
0x69,0x6f,0x6e,0x3a,0x20,0x31,0x33,0x0d,0x0a,0x0d,0x0a,0x01,0x10,0x74,0x63,0x70,
0x57,0x72,0x69,0x74,0x65,0x01,0x16,0x5f,0x61,0x70,0x70,0x65,0x6e,0x64,0x44,0x61,
0x74,0x61,0x01,0x18,0x5f,0x70,0x61,0x72,0x73,0x65,0x46,0x72,0x61,0x6d,0x65,0x73,
0x01,0x1e,0x5f,0x70,0x61,0x72,0x73,0x65,0x48,0x61,0x6e,0x64,0x73,0x68,0x61,0x6b,
0x65,0x01,0x0a,0x5f,0x66,0x61,0x69,0x6c,0x01,0x08,0x76,0x69,0x65,0x77,0x01,0x12,
0x68,0x65,0x61,0x64,0x65,0x72,0x45,0x6e,0x64,0x01,0x12,0x68,0x65,0x61,0x64,0x65,
0x72,0x53,0x74,0x72,0x01,0x0c,0x61,0x63,0x63,0x65,0x70,0x74,0x01,0x12,0x75,0x70,
0x67,0x72,0x61,0x64,0x65,0x4f,0x6b,0x01,0x18,0x63,0x6f,0x6e,0x6e,0x65,0x63,0x74,
0x69,0x6f,0x6e,0x4f,0x6b,0x01,0x10,0x65,0x78,0x70,0x65,0x63,0x74,0x65,0x64,0x01,
0x38,0x69,0x6e,0x76,0x61,0x6c,0x69,0x64,0x20,0x53,0x65,0x63,0x2d,0x57,0x65,0x62,
0x53,0x6f,0x63,0x6b,0x65,0x74,0x2d,0x41,0x63,0x63,0x65,0x70,0x74,0x01,0x10,0x5f,
0x63,0x6f,0x6e,0x73,0x75,0x6d,0x65,0x01,0x1c,0x53,0x48,0x41,0x2d,0x31,0x20,0x66,
0x61,0x69,0x6c,0x65,0x64,0x3a,0x20,0x01,0x04,0x0d,0x0a,0x01,0x30,0x75,0x6e,0x65,
0x78,0x70,0x65,0x63,0x74,0x65,0x64,0x20,0x48,0x54,0x54,0x50,0x20,0x73,0x74,0x61,
0x74,0x75,0x73,0x3a,0x20,0x01,0x2a,0x73,0x65,0x63,0x2d,0x77,0x65,0x62,0x73,0x6f,
0x63,0x6b,0x65,0x74,0x2d,0x61,0x63,0x63,0x65,0x70,0x74,0x3a,0x01,0x2e,0x73,0x65,
0x63,0x2d,0x77,0x65,0x62,0x73,0x6f,0x63,0x6b,0x65,0x74,0x2d,0x70,0x72,0x6f,0x74,
0x6f,0x63,0x6f,0x6c,0x3a,0x01,0x10,0x75,0x70,0x67,0x72,0x61,0x64,0x65,0x3a,0x01,
0x12,0x77,0x65,0x62,0x73,0x6f,0x63,0x6b,0x65,0x74,0x01,0x16,0x63,0x6f,0x6e,0x6e,
0x65,0x63,0x74,0x69,0x6f,0x6e,0x3a,0x01,0x0e,0x75,0x70,0x67,0x72,0x61,0x64,0x65,
0x01,0x42,0x6d,0x69,0x73,0x73,0x69,0x6e,0x67,0x20,0x55,0x70,0x67,0x72,0x61,0x64,
0x65,0x2f,0x43,0x6f,0x6e,0x6e,0x65,0x63,0x74,0x69,0x6f,0x6e,0x20,0x68,0x65,0x61,
0x64,0x65,0x72,0x01,0x04,0x62,0x30,0x01,0x06,0x66,0x69,0x6e,0x01,0x0c,0x6d,0x61,
0x73,0x6b,0x65,0x64,0x01,0x4c,0x52,0x53,0x56,0x20,0x62,0x69,0x74,0x73,0x20,0x73,
0x65,0x74,0x20,0x28,0x6e,0x6f,0x20,0x65,0x78,0x74,0x65,0x6e,0x73,0x69,0x6f,0x6e,
0x20,0x6e,0x65,0x67,0x6f,0x74,0x69,0x61,0x74,0x65,0x64,0x29,0x01,0x50,0x6d,0x61,
0x73,0x6b,0x65,0x64,0x20,0x66,0x72,0x61,0x6d,0x65,0x20,0x66,0x72,0x6f,0x6d,0x20,
0x73,0x65,0x72,0x76,0x65,0x72,0x20,0x28,0x52,0x46,0x43,0x20,0x36,0x34,0x35,0x35,
0x20,0xa7,0x35,0x2e,0x31,0x29,0x01,0x2a,0x69,0x6e,0x76,0x61,0x6c,0x69,0x64,0x20,
0x63,0x6f,0x6e,0x74,0x72,0x6f,0x6c,0x20,0x66,0x72,0x61,0x6d,0x65,0x01,0x18,0x5f,
0x68,0x61,0x6e,0x64,0x6c,0x65,0x46,0x72,0x61,0x6d,0x65,0x01,0x0c,0x66,0x72,0x61,
0x67,0x4f,0x70,0x01,0x16,0x72,0x65,0x61,0x73,0x6f,0x6e,0x42,0x79,0x74,0x65,0x73,
0x01,0x18,0x63,0x6c,0x6f,0x73,0x65,0x50,0x61,0x79,0x6c,0x6f,0x61,0x64,0x01,0x08,
0x70,0x6f,0x6e,0x67,0x01,0x1e,0x5f,0x64,0x65,0x6c,0x69,0x76,0x65,0x72,0x4d,0x65,
0x73,0x73,0x61,0x67,0x65,0x01,0x3a,0x75,0x6e,0x65,0x78,0x70,0x65,0x63,0x74,0x65,
0x64,0x20,0x63,0x6f,0x6e,0x74,0x69,0x6e,0x75,0x61,0x74,0x69,0x6f,0x6e,0x20,0x66,
0x72,0x61,0x6d,0x65,0x01,0x10,0x77,0x61,0x73,0x43,0x6c,0x65,0x61,0x6e,0x01,0x10,
0x74,0x63,0x70,0x43,0x6c,0x6f,0x73,0x65,0x01,0x16,0x61,0x72,0x72,0x61,0x79,0x62,
0x75,0x66,0x66,0x65,0x72,0x01,0x54,0x62,0x69,0x6e,0x61,0x72,0x79,0x54,0x79,0x70,
0x65,0x20,0x6d,0x75,0x73,0x74,0x20,0x62,0x65,0x20,0x22,0x62,0x6c,0x6f,0x62,0x22,
0x20,0x6f,0x72,0x20,0x22,0x61,0x72,0x72,0x61,0x79,0x62,0x75,0x66,0x66,0x65,0x72,
0x22,0x01,0x3a,0x57,0x65,0x62,0x53,0x6f,0x63,0x6b,0x65,0x74,0x20,0x69,0x73,0x20,
0x73,0x74,0x69,0x6c,0x6c,0x20,0x43,0x4f,0x4e,0x4e,0x45,0x43,0x54,0x49,0x4e,0x47,
0x01,0x0c,0x69,0x73,0x56,0x69,0x65,0x77,0x01,0x12,0x5f,0x67,0x65,0x74,0x42,0x79,
0x74,0x65,0x73,0x01,0x48,0x63,0x6c,0x6f,0x73,0x65,0x20,0x63,0x6f,0x64,0x65,0x20,
0x6d,0x75,0x73,0x74,0x20,0x62,0x65,0x20,0x31,0x30,0x30,0x30,0x20,0x6f,0x72,0x20,
0x33,0x30,0x30,0x30,0x2d,0x34,0x39,0x39,0x39,0x01,0x4c,0x63,0x6c,0x6f,0x73,0x65,
0x20,0x72,0x65,0x61,0x73,0x6f,0x6e,0x20,0x6d,0x75,0x73,0x74,0x20,0x62,0x65,0x20,
0x61,0x74,0x20,0x6d,0x6f,0x73,0x74,0x20,0x31,0x32,0x33,0x20,0x62,0x79,0x74,0x65,
0x73,0x01,0x4c,0x63,0x6f,0x6e,0x6e,0x65,0x63,0x74,0x69,0x6f,0x6e,0x20,0x63,0x6c,
0x6f,0x73,0x65,0x64,0x20,0x62,0x65,0x66,0x6f,0x72,0x65,0x20,0x65,0x73,0x74,0x61,
0x62,0x6c,0x69,0x73,0x68,0x6d,0x65,0x6e,0x74,0x01,0x14,0x65,0x78,0x74,0x65,0x6e,
0x73,0x69,0x6f,0x6e,0x73,0x01,0x1c,0x62,0x75,0x66,0x66,0x65,0x72,0x65,0x64,0x41,
0x6d,0x6f,0x75,0x6e,0x74,0x01,0x14,0x62,0x69,0x6e,0x61,0x72,0x79,0x54,0x79,0x70,
0x65,0x01,0x08,0x73,0x65,0x6e,0x64,0x01,0x0e,0x57,0x53,0x5f,0x47,0x55,0x49,0x44,
0x01,0x10,0x50,0x4d,0x44,0x5f,0x54,0x41,0x49,0x4c,0x01,0x1e,0x4d,0x41,0x58,0x5f,
0x48,0x45,0x41,0x44,0x45,0x52,0x5f,0x53,0x49,0x5a,0x45,0x01,0x1e,0x4d,0x41,0x58,
0x5f,0x42,0x4f,0x44,0x59,0x5f,0x42,0x55,0x46,0x46,0x45,0x52,0x01,0x1c,0x61,0x63,
0x74,0x69,0x76,0x65,0x49,0x6e,0x73,0x74,0x61,0x6e,0x63,0x65,0x01,0x10,0x62,0x36,
0x34,0x63,0x68,0x61,0x72,0x73,0x01,0x12,0x62,0x36,0x34,0x65,0x6e,0x63,0x6f,0x64,
0x65,0x01,0x12,0x73,0x68,0x61,0x31,0x42,0x79,0x74,0x65,0x73,0x01,0x10,0x77,0x73,
0x41,0x63,0x63,0x65,0x70,0x74,0x01,0x18,0x70,0x61,0x72,0x73,0x65,0x52,0x65,0x71,
0x75,0x65,0x73,0x74,0x01,0x16,0x63,0x6f,0x6e,0x63,0x61,0x74,0x42,0x79,0x74,0x65,
0x73,0x01,0x1a,0x69,0x6e,0x64,0x65,0x78,0x4f,0x66,0x48,0x64,0x72,0x45,0x6e,0x64,
0x01,0x1a,0x73,0x74,0x72,0x65,0x61,0x6d,0x54,0x6f,0x42,0x79,0x74,0x65,0x73,0x01,
0x18,0x70,0x61,0x72,0x73,0x65,0x57,0x53,0x46,0x72,0x61,0x6d,0x65,0x01,0x18,0x62,
0x75,0x69,0x6c,0x64,0x57,0x53,0x46,0x72,0x61,0x6d,0x65,0x01,0x1e,0x73,0x61,0x66,
0x65,0x48,0x65,0x61,0x64,0x65,0x72,0x56,0x61,0x6c,0x75,0x65,0x01,0x22,0x62,0x75,
0x69,0x6c,0x64,0x48,0x54,0x54,0x50,0x52,0x65,0x73,0x70,0x6f,0x6e,0x73,0x65,0x01,
0x04,0x62,0x32,0x01,0x06,0x72,0x65,0x6d,0x01,0x04,0x3d,0x3d,0x01,0x08,0x72,0x6f,
0x74,0x6c,0x01,0x02,0x48,0x01,0x04,0x6d,0x6c,0x01,0x06,0x6d,0x6c,0x62,0x01,0x02,
0x57,0x01,0x02,0x74,0x01,0x02,0x66,0x01,0x06,0x74,0x6d,0x70,0x01,0x0a,0x66,0x6c,
0x6f,0x6f,0x72,0x01,0x0e,0x72,0x65,0x71,0x4c,0x69,0x6e,0x65,0x01,0x0e,0x76,0x65,
0x72,0x73,0x69,0x6f,0x6e,0x01,0x0a,0x63,0x6c,0x52,0x61,0x77,0x01,0x1a,0x63,0x6f,
0x6e,0x74,0x65,0x6e,0x74,0x4c,0x65,0x6e,0x67,0x74,0x68,0x01,0x08,0x63,0x6f,0x6e,
0x6e,0x01,0x12,0x6b,0x65,0x65,0x70,0x41,0x6c,0x69,0x76,0x65,0x01,0x04,0x63,0x69,
0x01,0x1c,0x63,0x6f,0x6e,0x74,0x65,0x6e,0x74,0x2d,0x6c,0x65,0x6e,0x67,0x74,0x68,
0x01,0x14,0x63,0x6f,0x6e,0x6e,0x65,0x63,0x74,0x69,0x6f,0x6e,0x01,0x10,0x48,0x54,
0x54,0x50,0x2f,0x31,0x2e,0x30,0x01,0x0a,0x66,0x69,0x72,0x73,0x74,0x01,0x0c,0x73,
0x65,0x63,0x6f,0x6e,0x64,0x01,0x08,0x72,0x73,0x76,0x31,0x01,0x0c,0x68,0x65,0x61,
0x64,0x65,0x72,0x01,0x44,0x49,0x6e,0x76,0x61,0x6c,0x69,0x64,0x20,0x48,0x54,0x54,
0x50,0x20,0x72,0x65,0x73,0x70,0x6f,0x6e,0x73,0x65,0x20,0x68,0x65,0x61,0x64,0x65,
0x72,0x20,0x76,0x61,0x6c,0x75,0x65,0x01,0x08,0x68,0x64,0x72,0x73,0x01,0x12,0x62,
0x6f,0x64,0x79,0x42,0x79,0x74,0x65,0x73,0x01,0x02,0x68,0x01,0x06,0x65,0x6e,0x63,
0x01,0x0c,0x68,0x42,0x79,0x74,0x65,0x73,0x01,0x12,0x48,0x54,0x54,0x50,0x2f,0x31,
0x2e,0x31,0x20,0x01,0x0a,0x73,0x65,0x72,0x76,0x65,0x01,0x0e,0x68,0x61,0x6e,0x64,
0x6c,0x65,0x72,0x01,0x16,0x69,0x64,0x6c,0x65,0x54,0x69,0x6d,0x65,0x6f,0x75,0x74,
0x01,0x10,0x77,0x73,0x52,0x6f,0x75,0x74,0x65,0x73,0x01,0x18,0x61,0x63,0x74,0x69,
0x76,0x65,0x53,0x65,0x72,0x76,0x65,0x72,0x01,0x20,0x63,0x75,0x72,0x72,0x65,0x6e,
0x74,0x4b,0x65,0x65,0x70,0x41,0x6c,0x69,0x76,0x65,0x01,0x20,0x63,0x75,0x72,0x72,
0x65,0x6e,0x74,0x52,0x65,0x73,0x65,0x74,0x49,0x64,0x6c,0x65,0x01,0x18,0x57,0x53,
0x43,0x6f,0x6e,0x6e,0x65,0x63,0x74,0x69,0x6f,0x6e,0x01,0x18,0x63,0x6f,0x6d,0x62,
0x69,0x6e,0x65,0x42,0x79,0x74,0x65,0x73,0x01,0x12,0x64,0x65,0x6c,0x69,0x76,0x65,
0x72,0x57,0x53,0x01,0x20,0x68,0x61,0x6e,0x64,0x6c,0x65,0x43,0x6f,0x6e,0x6e,0x65,
0x63,0x74,0x69,0x6f,0x6e,0x01,0x18,0x73,0x65,0x6e,0x64,0x52,0x65,0x73,0x70,0x6f,
0x6e,0x73,0x65,0x01,0x10,0x6c,0x69,0x73,0x74,0x65,0x6e,0x65,0x72,0x01,0x06,0x74,
0x6c,0x73,0x01,0x0a,0x63,0x6f,0x6e,0x6e,0x73,0x01,0x0a,0x73,0x74,0x61,0x74,0x65,
0x01,0x10,0x5f,0x6d,0x73,0x67,0x52,0x73,0x76,0x31,0x01,0x0c,0x62,0x69,0x6e,0x61,
0x72,0x79,0x01,0x08,0x63,0x6f,0x6d,0x70,0x01,0x10,0x5f,0x64,0x65,0x66,0x6c,0x61,
0x74,0x65,0x01,0x16,0x64,0x65,0x66,0x6c,0x61,0x74,0x65,0x50,0x75,0x73,0x68,0x01,
0x04,0x64,0x76,0x01,0x0c,0x6e,0x65,0x77,0x42,0x75,0x66,0x01,0x12,0x63,0x6c,0x6f,
0x73,0x65,0x43,0x6f,0x64,0x65,0x01,0x16,0x63,0x6c,0x6f,0x73,0x65,0x52,0x65,0x61,
0x73,0x6f,0x6e,0x01,0x04,0x65,0x76,0x01,0x08,0x74,0x61,0x69,0x6c,0x01,0x06,0x65,
0x76,0x32,0x01,0x10,0x5f,0x69,0x6e,0x66,0x6c,0x61,0x74,0x65,0x01,0x16,0x69,0x6e,
0x66,0x6c,0x61,0x74,0x65,0x50,0x75,0x73,0x68,0x01,0x12,0x69,0x64,0x6c,0x65,0x54,
0x69,0x6d,0x65,0x72,0x01,0x12,0x62,0x6f,0x64,0x79,0x53,0x74,0x61,0x74,0x65,0x01,
0x12,0x72,0x65,0x73,0x65,0x74,0x49,0x64,0x6c,0x65,0x01,0x10,0x66,0x65,0x65,0x64,
0x42,0x6f,0x64,0x79,0x01,0x0a,0x63,0x6f,0x6e,0x6e,0x32,0x01,0x02,0x71,0x01,0x0e,
0x70,0x65,0x6e,0x64,0x69,0x6e,0x67,0x01,0x0e,0x5f,0x73,0x74,0x72,0x65,0x61,0x6d,
0x01,0x0c,0x5f,0x71,0x75,0x65,0x75,0x65,0x01,0x56,0x72,0x65,0x71,0x75,0x65,0x73,
0x74,0x20,0x62,0x6f,0x64,0x79,0x20,0x74,0x6f,0x6f,0x20,0x6c,0x61,0x72,0x67,0x65,
0x3a,0x20,0x73,0x74,0x72,0x65,0x61,0x6d,0x20,0x6e,0x6f,0x74,0x20,0x63,0x6f,0x6e,
0x73,0x75,0x6d,0x65,0x64,0x01,0x08,0x74,0x61,0x6b,0x65,0x01,0x0c,0x68,0x64,0x72,
0x45,0x6e,0x64,0x01,0x0a,0x77,0x73,0x4b,0x65,0x79,0x01,0x12,0x77,0x73,0x48,0x61,
0x6e,0x64,0x6c,0x65,0x72,0x01,0x12,0x77,0x73,0x52,0x6f,0x75,0x74,0x65,0x46,0x6e,
0x01,0x10,0x72,0x65,0x73,0x70,0x48,0x64,0x72,0x73,0x01,0x18,0x72,0x65,0x71,0x50,
0x72,0x6f,0x74,0x6f,0x63,0x6f,0x6c,0x73,0x01,0x24,0x73,0x75,0x70,0x70,0x6f,0x72,
0x74,0x65,0x64,0x50,0x72,0x6f,0x74,0x6f,0x63,0x6f,0x6c,0x73,0x01,0x0c,0x72,0x65,
0x71,0x45,0x78,0x74,0x01,0x06,0x70,0x6d,0x64,0x01,0x04,0x71,0x6d,0x01,0x14,0x62,
0x6f,0x64,0x79,0x53,0x74,0x72,0x65,0x61,0x6d,0x01,0x0a,0x62,0x74,0x61,0x6b,0x65,
0x01,0x14,0x72,0x65,0x71,0x75,0x65,0x73,0x74,0x4f,0x62,0x6a,0x01,0x06,0x76,0x61,
0x6c,0x01,0x02,0x78,0x01,0x1c,0x5f,0x70,0x72,0x6f,0x63,0x65,0x73,0x73,0x57,0x53,
0x44,0x61,0x74,0x61,0x01,0x12,0x72,0x65,0x6d,0x61,0x69,0x6e,0x69,0x6e,0x67,0x01,
0x10,0x72,0x65,0x63,0x65,0x69,0x76,0x65,0x64,0x01,0x1c,0x43,0x6f,0x6e,0x74,0x65,
0x6e,0x74,0x2d,0x4c,0x65,0x6e,0x67,0x74,0x68,0x01,0x14,0x43,0x6f,0x6e,0x6e,0x65,
0x63,0x74,0x69,0x6f,0x6e,0x01,0x22,0x73,0x65,0x63,0x2d,0x77,0x65,0x62,0x73,0x6f,
0x63,0x6b,0x65,0x74,0x2d,0x6b,0x65,0x79,0x01,0x0e,0x55,0x70,0x67,0x72,0x61,0x64,
0x65,0x01,0x28,0x53,0x65,0x63,0x2d,0x57,0x65,0x62,0x53,0x6f,0x63,0x6b,0x65,0x74,
0x2d,0x41,0x63,0x63,0x65,0x70,0x74,0x01,0x14,0x74,0x65,0x78,0x74,0x2f,0x70,0x6c,
0x61,0x69,0x6e,0x01,0x18,0x43,0x6f,0x6e,0x74,0x65,0x6e,0x74,0x2d,0x54,0x79,0x70,
0x65,0x01,0x2c,0x73,0x65,0x63,0x2d,0x77,0x65,0x62,0x73,0x6f,0x63,0x6b,0x65,0x74,
0x2d,0x70,0x72,0x6f,0x74,0x6f,0x63,0x6f,0x6c,0x01,0x02,0x2c,0x01,0x12,0x70,0x72,
0x6f,0x74,0x6f,0x63,0x6f,0x6c,0x73,0x01,0x2c,0x53,0x65,0x63,0x2d,0x57,0x65,0x62,
0x53,0x6f,0x63,0x6b,0x65,0x74,0x2d,0x50,0x72,0x6f,0x74,0x6f,0x63,0x6f,0x6c,0x01,
0x30,0x73,0x65,0x63,0x2d,0x77,0x65,0x62,0x73,0x6f,0x63,0x6b,0x65,0x74,0x2d,0x65,
0x78,0x74,0x65,0x6e,0x73,0x69,0x6f,0x6e,0x73,0x01,0x1a,0x64,0x65,0x66,0x6c,0x61,
0x74,0x65,0x43,0x72,0x65,0x61,0x74,0x65,0x01,0x24,0x70,0x65,0x72,0x6d,0x65,0x73,
0x73,0x61,0x67,0x65,0x2d,0x64,0x65,0x66,0x6c,0x61,0x74,0x65,0x01,0x30,0x53,0x65,
0x63,0x2d,0x57,0x65,0x62,0x53,0x6f,0x63,0x6b,0x65,0x74,0x2d,0x45,0x78,0x74,0x65,
0x6e,0x73,0x69,0x6f,0x6e,0x73,0x01,0x1a,0x69,0x6e,0x66,0x6c,0x61,0x74,0x65,0x43,
0x72,0x65,0x61,0x74,0x65,0x01,0x16,0x64,0x65,0x66,0x6c,0x61,0x74,0x65,0x46,0x72,
0x65,0x65,0x01,0x16,0x69,0x6e,0x66,0x6c,0x61,0x74,0x65,0x46,0x72,0x65,0x65,0x01,
0x22,0x63,0x6f,0x6e,0x6e,0x65,0x63,0x74,0x69,0x6f,0x6e,0x20,0x63,0x6c,0x6f,0x73,
0x65,0x64,0x01,0x04,0x73,0x74,0x01,0x0c,0x73,0x74,0x54,0x65,0x78,0x74,0x01,0x04,
0x6b,0x32,0x01,0x32,0x74,0x65,0x78,0x74,0x2f,0x70,0x6c,0x61,0x69,0x6e,0x3b,0x20,
0x63,0x68,0x61,0x72,0x73,0x65,0x74,0x3d,0x75,0x74,0x66,0x2d,0x38,0x01,0x14,0x6b,
0x65,0x65,0x70,0x2d,0x61,0x6c,0x69,0x76,0x65,0x01,0x02,0x5f,0x01,0x0c,0x63,0x6c,
0x6f,0x73,0x65,0x64,0x01,0x20,0x74,0x63,0x70,0x43,0x6c,0x6f,0x73,0x65,0x4c,0x69,
0x73,0x74,0x65,0x6e,0x65,0x72,0x01,0x3c,0x73,0x65,0x72,0x76,0x65,0x3a,0x20,0x6f,
0x70,0x74,0x69,0x6f,0x6e,0x73,0x20,0x6f,0x62,0x6a,0x65,0x63,0x74,0x20,0x72,0x65,
0x71,0x75,0x69,0x72,0x65,0x64,0x01,0x42,0x73,0x65,0x72,0x76,0x65,0x3a,0x20,0x68,
0x61,0x6e,0x64,0x6c,0x65,0x72,0x20,0x6d,0x75,0x73,0x74,0x20,0x62,0x65,0x20,0x61,
0x20,0x66,0x75,0x6e,0x63,0x74,0x69,0x6f,0x6e,0x01,0x26,0x73,0x65,0x72,0x76,0x65,
0x3a,0x20,0x69,0x6e,0x76,0x61,0x6c,0x69,0x64,0x20,0x70,0x6f,0x72,0x74,0x01,0x0e,
0x30,0x2e,0x30,0x2e,0x30,0x2e,0x30,0x01,0x76,0x73,0x65,0x72,0x76,0x65,0x3a,0x20,
0x61,0x20,0x73,0x65,0x72,0x76,0x65,0x72,0x20,0x69,0x73,0x20,0x61,0x6c,0x72,0x65,
0x61,0x64,0x79,0x20,0x72,0x75,0x6e,0x6e,0x69,0x6e,0x67,0x20,0x28,0x63,0x61,0x6c,
0x6c,0x20,0x73,0x72,0x76,0x2e,0x63,0x6c,0x6f,0x73,0x65,0x28,0x29,0x20,0x66,0x69,
0x72,0x73,0x74,0x29,0x01,0x08,0x63,0x65,0x72,0x74,0x01,0x12,0x74,0x63,0x70,0x4c,
0x69,0x73,0x74,0x65,0x6e,0x01,0x0e,0x5f,0x5f,0x6f,0x6e,0x6d,0x73,0x67,0x01,0x22,
0x5f,0x5f,0x71,0x77,0x72,0x74,0x5f,0x64,0x69,0x73,0x70,0x61,0x74,0x63,0x68,0x5f,
0x5f,0x01,0x56,0x52,0x65,0x61,0x64,0x61,0x62,0x6c,0x65,0x53,0x74,0x72,0x65,0x61,
0x6d,0x55,0x6e,0x64,0x65,0x72,0x6c,0x79,0x69,0x6e,0x67,0x53,0x6f,0x75,0x72,0x63,
0x65,0x44,0x65,0x66,0x61,0x75,0x6c,0x74,0x43,0x61,0x6e,0x63,0x65,0x6c,0x01,0x52,
0x52,0x65,0x61,0x64,0x61,0x62,0x6c,0x65,0x53,0x74,0x72,0x65,0x61,0x6d,0x55,0x6e,
0x64,0x65,0x72,0x6c,0x79,0x69,0x6e,0x67,0x53,0x6f,0x75,0x72,0x63,0x65,0x44,0x65,
0x66,0x61,0x75,0x6c,0x74,0x50,0x75,0x6c,0x6c,0x01,0x54,0x52,0x65,0x61,0x64,0x61,
0x62,0x6c,0x65,0x53,0x74,0x72,0x65,0x61,0x6d,0x55,0x6e,0x64,0x65,0x72,0x6c,0x79,
0x69,0x6e,0x67,0x53,0x6f,0x75,0x72,0x63,0x65,0x44,0x65,0x66,0x61,0x75,0x6c,0x74,
0x53,0x74,0x61,0x72,0x74,0x01,0x3e,0x52,0x65,0x61,0x64,0x61,0x62,0x6c,0x65,0x53,
0x74,0x72,0x65,0x61,0x6d,0x44,0x65,0x66,0x61,0x75,0x6c,0x74,0x43,0x6f,0x6e,0x74,
0x72,0x6f,0x6c,0x6c,0x65,0x72,0x01,0x36,0x52,0x65,0x61,0x64,0x61,0x62,0x6c,0x65,
0x53,0x74,0x72,0x65,0x61,0x6d,0x44,0x65,0x66,0x61,0x75,0x6c,0x74,0x52,0x65,0x61,
0x64,0x65,0x72,0x01,0x32,0x52,0x65,0x61,0x64,0x61,0x62,0x6c,0x65,0x53,0x74,0x72,
0x65,0x61,0x6d,0x42,0x59,0x4f,0x42,0x52,0x65,0x71,0x75,0x65,0x73,0x74,0x01,0x1c,
0x5f,0x72,0x65,0x6d,0x6f,0x76,0x65,0x50,0x65,0x6e,0x64,0x69,0x6e,0x67,0x01,0x30,
0x52,0x65,0x61,0x64,0x61,0x62,0x6c,0x65,0x53,0x74,0x72,0x65,0x61,0x6d,0x42,0x59,
0x4f,0x42,0x52,0x65,0x61,0x64,0x65,0x72,0x01,0x38,0x52,0x65,0x61,0x64,0x61,0x62,
0x6c,0x65,0x42,0x79,0x74,0x65,0x53,0x74,0x72,0x65,0x61,0x6d,0x43,0x6f,0x6e,0x74,
0x72,0x6f,0x6c,0x6c,0x65,0x72,0x01,0x1e,0x52,0x65,0x61,0x64,0x61,0x62,0x6c,0x65,
0x53,0x74,0x72,0x65,0x61,0x6d,0x32,0x01,0x3e,0x57,0x72,0x69,0x74,0x61,0x62,0x6c,
0x65,0x53,0x74,0x72,0x65,0x61,0x6d,0x44,0x65,0x66,0x61,0x75,0x6c,0x74,0x43,0x6f,
0x6e,0x74,0x72,0x6f,0x6c,0x6c,0x65,0x72,0x01,0x36,0x57,0x72,0x69,0x74,0x61,0x62,
0x6c,0x65,0x53,0x74,0x72,0x65,0x61,0x6d,0x44,0x65,0x66,0x61,0x75,0x6c,0x74,0x57,
0x72,0x69,0x74,0x65,0x72,0x01,0x1c,0x57,0x72,0x69,0x74,0x61,0x62,0x6c,0x65,0x53,
0x74,0x72,0x65,0x61,0x6d,0x01,0x40,0x54,0x72,0x61,0x6e,0x73,0x66,0x6f,0x72,0x6d,
0x53,0x74,0x72,0x65,0x61,0x6d,0x44,0x65,0x66,0x61,0x75,0x6c,0x74,0x43,0x6f,0x6e,
0x74,0x72,0x6f,0x6c,0x6c,0x65,0x72,0x01,0x1e,0x54,0x72,0x61,0x6e,0x73,0x66,0x6f,
0x72,0x6d,0x53,0x74,0x72,0x65,0x61,0x6d,0x01,0x22,0x43,0x6f,0x6d,0x70,0x72,0x65,
0x73,0x73,0x69,0x6f,0x6e,0x53,0x74,0x72,0x65,0x61,0x6d,0x01,0x26,0x44,0x65,0x63,
0x6f,0x6d,0x70,0x72,0x65,0x73,0x73,0x69,0x6f,0x6e,0x53,0x74,0x72,0x65,0x61,0x6d,
0x01,0x32,0x42,0x79,0x74,0x65,0x4c,0x65,0x6e,0x67,0x74,0x68,0x51,0x75,0x65,0x75,
0x69,0x6e,0x67,0x53,0x74,0x72,0x61,0x74,0x65,0x67,0x79,0x01,0x28,0x43,0x6f,0x75,
0x6e,0x74,0x51,0x75,0x65,0x75,0x69,0x6e,0x67,0x53,0x74,0x72,0x61,0x74,0x65,0x67,
0x79,0x01,0x22,0x54,0x65,0x78,0x74,0x45,0x6e,0x63,0x6f,0x64,0x65,0x72,0x53,0x74,
0x72,0x65,0x61,0x6d,0x01,0x22,0x54,0x65,0x78,0x74,0x44,0x65,0x63,0x6f,0x64,0x65,
0x72,0x53,0x74,0x72,0x65,0x61,0x6d,0x01,0x1e,0x5f,0x63,0x6c,0x6f,0x73,0x65,0x52,
0x65,0x71,0x75,0x65,0x73,0x74,0x65,0x64,0x01,0x0c,0x5f,0x73,0x74,0x61,0x74,0x65,
0x01,0x10,0x72,0x65,0x61,0x64,0x61,0x62,0x6c,0x65,0x01,0x08,0x5f,0x68,0x77,0x6d,
0x01,0x1c,0x5f,0x6e,0x6f,0x74,0x69,0x66,0x79,0x52,0x65,0x61,0x64,0x65,0x72,0x73,
0x01,0x46,0x43,0x61,0x6e,0x6e,0x6f,0x74,0x20,0x65,0x6e,0x71,0x75,0x65,0x75,0x65,
0x20,0x61,0x66,0x74,0x65,0x72,0x20,0x63,0x6c,0x6f,0x73,0x65,0x20,0x6f,0x72,0x20,
0x65,0x72,0x72,0x6f,0x72,0x01,0x0e,0x65,0x72,0x72,0x6f,0x72,0x65,0x64,0x01,0x18,
0x5f,0x73,0x74,0x6f,0x72,0x65,0x64,0x45,0x72,0x72,0x6f,0x72,0x01,0x1c,0x5f,0x63,
0x6c,0x6f,0x73,0x65,0x64,0x52,0x65,0x73,0x6f,0x6c,0x76,0x65,0x01,0x1a,0x5f,0x63,
0x6c,0x6f,0x73,0x65,0x64,0x52,0x65,0x6a,0x65,0x63,0x74,0x01,0x0e,0x5f,0x72,0x65,
0x61,0x64,0x65,0x72,0x01,0x46,0x52,0x65,0x61,0x64,0x61,0x62,0x6c,0x65,0x53,0x74,
0x72,0x65,0x61,0x6d,0x20,0x61,0x6c,0x72,0x65,0x61,0x64,0x79,0x20,0x68,0x61,0x73,
0x20,0x61,0x20,0x72,0x65,0x61,0x64,0x65,0x72,0x01,0x12,0x5f,0x69,0x73,0x43,0x6c,
0x6f,0x73,0x65,0x64,0x01,0x18,0x5f,0x72,0x65,0x61,0x64,0x52,0x65,0x73,0x6f,0x6c,
0x76,0x65,0x01,0x16,0x5f,0x72,0x65,0x61,0x64,0x52,0x65,0x6a,0x65,0x63,0x74,0x01,
0x1a,0x5f,0x70,0x65,0x6e,0x64,0x69,0x6e,0x67,0x52,0x65,0x61,0x64,0x73,0x01,0x14,
0x5f,0x6d,0x61,0x79,0x62,0x65,0x50,0x75,0x6c,0x6c,0x01,0x12,0x5f,0x72,0x65,0x6c,
0x65,0x61,0x73,0x65,0x64,0x01,0x30,0x52,0x65,0x61,0x64,0x65,0x72,0x20,0x68,0x61,
0x73,0x20,0x62,0x65,0x65,0x6e,0x20,0x72,0x65,0x6c,0x65,0x61,0x73,0x65,0x64,0x01,
0x0a,0x73,0x68,0x69,0x66,0x74,0x01,0x04,0x72,0x6a,0x01,0x1e,0x52,0x65,0x61,0x64,
0x65,0x72,0x20,0x72,0x65,0x6c,0x65,0x61,0x73,0x65,0x64,0x01,0x0c,0x5f,0x65,0x6e,
0x74,0x72,0x79,0x01,0x18,0x62,0x79,0x74,0x65,0x73,0x57,0x72,0x69,0x74,0x74,0x65,
0x6e,0x01,0x42,0x49,0x6e,0x76,0x61,0x6c,0x69,0x64,0x20,0x52,0x65,0x61,0x64,0x61,
0x62,0x6c,0x65,0x53,0x74,0x72,0x65,0x61,0x6d,0x42,0x59,0x4f,0x42,0x52,0x65,0x71,
0x75,0x65,0x73,0x74,0x01,0x0e,0x6e,0x65,0x77,0x56,0x69,0x65,0x77,0x01,0x12,0x69,
0x6d,0x6d,0x65,0x64,0x69,0x61,0x74,0x65,0x01,0x3a,0x42,0x59,0x4f,0x42,0x20,0x72,
0x65,0x61,0x64,0x65,0x72,0x20,0x68,0x61,0x73,0x20,0x62,0x65,0x65,0x6e,0x20,0x72,
0x65,0x6c,0x65,0x61,0x73,0x65,0x64,0x01,0x5c,0x42,0x59,0x4f,0x42,0x20,0x72,0x65,
0x61,0x64,0x20,0x72,0x65,0x71,0x75,0x69,0x72,0x65,0x73,0x20,0x61,0x20,0x6e,0x6f,
0x6e,0x2d,0x65,0x6d,0x70,0x74,0x79,0x20,0x41,0x72,0x72,0x61,0x79,0x42,0x75,0x66,
0x66,0x65,0x72,0x56,0x69,0x65,0x77,0x01,0x1c,0x5f,0x66,0x69,0x6c,0x6c,0x46,0x72,
0x6f,0x6d,0x51,0x75,0x65,0x75,0x65,0x01,0x28,0x42,0x59,0x4f,0x42,0x20,0x72,0x65,
0x61,0x64,0x65,0x72,0x20,0x72,0x65,0x6c,0x65,0x61,0x73,0x65,0x64,0x01,0x16,0x5f,
0x71,0x75,0x65,0x75,0x65,0x42,0x79,0x74,0x65,0x73,0x01,0x9e,0x01,0x52,0x65,0x61,
0x64,0x61,0x62,0x6c,0x65,0x42,0x79,0x74,0x65,0x53,0x74,0x72,0x65,0x61,0x6d,0x43,
0x6f,0x6e,0x74,0x72,0x6f,0x6c,0x6c,0x65,0x72,0x2e,0x65,0x6e,0x71,0x75,0x65,0x75,
0x65,0x20,0x72,0x65,0x71,0x75,0x69,0x72,0x65,0x73,0x20,0x61,0x6e,0x20,0x41,0x72,
0x72,0x61,0x79,0x42,0x75,0x66,0x66,0x65,0x72,0x56,0x69,0x65,0x77,0x20,0x6f,0x72,
0x20,0x41,0x72,0x72,0x61,0x79,0x42,0x75,0x66,0x66,0x65,0x72,0x01,0x10,0x73,0x74,
0x72,0x61,0x74,0x65,0x67,0x79,0x01,0x1a,0x68,0x69,0x67,0x68,0x57,0x61,0x74,0x65,
0x72,0x4d,0x61,0x72,0x6b,0x01,0x10,0x5f,0x70,0x75,0x6c,0x6c,0x69,0x6e,0x67,0x01,
0x16,0x5f,0x63,0x6f,0x6e,0x74,0x72,0x6f,0x6c,0x6c,0x65,0x72,0x01,0x0e,0x5f,0x63,
0x61,0x6e,0x63,0x65,0x6c,0x01,0x08,0x70,0x75,0x6c,0x6c,0x01,0x0a,0x5f,0x70,0x75,
0x6c,0x6c,0x01,0x1c,0x68,0x61,0x73,0x42,0x79,0x6f,0x62,0x50,0x65,0x6e,0x64,0x69,
0x6e,0x67,0x01,0x12,0x6e,0x65,0x65,0x64,0x73,0x4d,0x6f,0x72,0x65,0x01,0x3a,0x52,
0x65,0x61,0x64,0x61,0x62,0x6c,0x65,0x53,0x74,0x72,0x65,0x61,0x6d,0x20,0x61,0x6c,
0x72,0x65,0x61,0x64,0x79,0x20,0x6c,0x6f,0x63,0x6b,0x65,0x64,0x01,0x08,0x62,0x79,
0x6f,0x62,0x01,0x46,0x52,0x65,0x61,0x64,0x61,0x62,0x6c,0x65,0x53,0x74,0x72,0x65,
0x61,0x6d,0x20,0x69,0x73,0x20,0x6e,0x6f,0x74,0x20,0x61,0x20,0x62,0x79,0x74,0x65,
0x20,0x73,0x74,0x72,0x65,0x61,0x6d,0x01,0x22,0x62,0x72,0x61,0x6e,0x63,0x68,0x31,
0x43,0x6f,0x6e,0x74,0x72,0x6f,0x6c,0x6c,0x65,0x72,0x01,0x22,0x62,0x72,0x61,0x6e,
0x63,0x68,0x32,0x43,0x6f,0x6e,0x74,0x72,0x6f,0x6c,0x6c,0x65,0x72,0x01,0x1a,0x62,
0x72,0x61,0x6e,0x63,0x68,0x31,0x43,0x6c,0x6f,0x73,0x65,0x64,0x01,0x1a,0x62,0x72,
0x61,0x6e,0x63,0x68,0x32,0x43,0x6c,0x6f,0x73,0x65,0x64,0x01,0x0e,0x72,0x65,0x61,
0x64,0x69,0x6e,0x67,0x01,0x1e,0x73,0x6f,0x75,0x72,0x63,0x65,0x43,0x61,0x6e,0x63,
0x65,0x6c,0x6c,0x65,0x64,0x01,0x14,0x73,0x68,0x6f,0x75,0x6c,0x64,0x50,0x75,0x6c,
0x6c,0x01,0x1e,0x70,0x75,0x6c,0x6c,0x41,0x6e,0x64,0x44,0x69,0x73,0x70,0x61,0x74,
0x63,0x68,0x01,0x18,0x63,0x72,0x65,0x61,0x74,0x65,0x42,0x72,0x61,0x6e,0x63,0x68,
0x01,0x0e,0x62,0x72,0x61,0x6e,0x63,0x68,0x31,0x01,0x0e,0x62,0x72,0x61,0x6e,0x63,
0x68,0x32,0x01,0x16,0x64,0x65,0x73,0x69,0x72,0x65,0x64,0x53,0x69,0x7a,0x65,0x01,
0x0a,0x77,0x68,0x69,0x63,0x68,0x01,0x08,0x64,0x65,0x73,0x74,0x01,0x18,0x70,0x72,
0x65,0x76,0x65,0x6e,0x74,0x43,0x6c,0x6f,0x73,0x65,0x01,0x18,0x70,0x72,0x65,0x76,
0x65,0x6e,0x74,0x41,0x62,0x6f,0x72,0x74,0x01,0x1a,0x70,0x72,0x65,0x76,0x65,0x6e,
0x74,0x43,0x61,0x6e,0x63,0x65,0x6c,0x01,0x0c,0x77,0x72,0x69,0x74,0x65,0x72,0x01,
0x16,0x61,0x62,0x6f,0x72,0x74,0x52,0x65,0x61,0x73,0x6f,0x6e,0x01,0x0e,0x63,0x6c,
0x65,0x61,0x6e,0x75,0x70,0x01,0x14,0x72,0x65,0x6a,0x65,0x63,0x74,0x50,0x69,0x70,
0x65,0x01,0x04,0x72,0x30,0x01,0x0e,0x72,0x65,0x73,0x75,0x6c,0x74,0x32,0x01,0x0a,
0x77,0x72,0x69,0x74,0x65,0x01,0x12,0x67,0x65,0x74,0x57,0x72,0x69,0x74,0x65,0x72,
0x01,0x12,0x74,0x72,0x61,0x6e,0x73,0x66,0x6f,0x72,0x6d,0x01,0x16,0x70,0x69,0x70,
0x65,0x50,0x72,0x6f,0x6d,0x69,0x73,0x65,0x01,0x08,0x63,0x74,0x72,0x6c,0x01,0x52,
0x70,0x69,0x70,0x65,0x54,0x68,0x72,0x6f,0x75,0x67,0x68,0x20,0x72,0x65,0x71,0x75,
0x69,0x72,0x65,0x73,0x20,0x7b,0x72,0x65,0x61,0x64,0x61,0x62,0x6c,0x65,0x2c,0x20,
0x77,0x72,0x69,0x74,0x61,0x62,0x6c,0x65,0x7d,0x01,0x0c,0x6c,0x6f,0x63,0x6b,0x65,
0x64,0x01,0x4e,0x70,0x69,0x70,0x65,0x54,0x68,0x72,0x6f,0x75,0x67,0x68,0x3a,0x20,
0x73,0x74,0x72,0x65,0x61,0x6d,0x73,0x20,0x6d,0x75,0x73,0x74,0x20,0x6e,0x6f,0x74,
0x20,0x62,0x65,0x20,0x6c,0x6f,0x63,0x6b,0x65,0x64,0x01,0x0c,0x70,0x69,0x70,0x65,
0x54,0x6f,0x01,0x1c,0x5f,0x63,0x6c,0x6f,0x73,0x65,0x64,0x50,0x72,0x6f,0x6d,0x69,
0x73,0x65,0x01,0x16,0x5f,0x77,0x72,0x69,0x74,0x65,0x43,0x68,0x75,0x6e,0x6b,0x01,
0x18,0x5f,0x63,0x6c,0x6f,0x73,0x65,0x53,0x74,0x72,0x65,0x61,0x6d,0x01,0x18,0x5f,
0x61,0x62,0x6f,0x72,0x74,0x53,0x74,0x72,0x65,0x61,0x6d,0x01,0x0e,0x5f,0x77,0x72,
0x69,0x74,0x65,0x72,0x01,0x1c,0x75,0x6e,0x64,0x65,0x72,0x6c,0x79,0x69,0x6e,0x67,
0x53,0x69,0x6e,0x6b,0x01,0x1a,0x5f,0x77,0x72,0x69,0x74,0x65,0x50,0x72,0x6f,0x6d,
0x69,0x73,0x65,0x01,0x1a,0x5f,0x63,0x6c,0x6f,0x73,0x65,0x50,0x72,0x6f,0x6d,0x69,
0x73,0x65,0x01,0x1a,0x5f,0x72,0x65,0x61,0x64,0x79,0x50,0x72,0x6f,0x6d,0x69,0x73,
0x65,0x01,0x16,0x5f,0x77,0x72,0x69,0x74,0x65,0x51,0x75,0x65,0x75,0x65,0x01,0x0c,
0x5f,0x77,0x72,0x69,0x74,0x65,0x01,0x0c,0x5f,0x63,0x6c,0x6f,0x73,0x65,0x01,0x46,
0x57,0x72,0x69,0x74,0x61,0x62,0x6c,0x65,0x53,0x74,0x72,0x65,0x61,0x6d,0x20,0x61,
0x6c,0x72,0x65,0x61,0x64,0x79,0x20,0x68,0x61,0x73,0x20,0x61,0x20,0x77,0x72,0x69,
0x74,0x65,0x72,0x01,0x08,0x70,0x72,0x65,0x76,0x01,0x20,0x53,0x74,0x72,0x65,0x61,
0x6d,0x20,0x69,0x73,0x20,0x63,0x6c,0x6f,0x73,0x65,0x64,0x01,0x2c,0x53,0x74,0x72,
0x65,0x61,0x6d,0x20,0x69,0x73,0x20,0x6e,0x6f,0x74,0x20,0x77,0x72,0x69,0x74,0x61,
0x62,0x6c,0x65,0x01,0x26,0x5f,0x72,0x65,0x61,0x64,0x61,0x62,0x6c,0x65,0x43,0x6f,
0x6e,0x74,0x72,0x6f,0x6c,0x6c,0x65,0x72,0x01,0x16,0x74,0x72,0x61,0x6e,0x73,0x66,
0x6f,0x72,0x6d,0x65,0x72,0x01,0x24,0x72,0x65,0x61,0x64,0x61,0x62,0x6c,0x65,0x43,
0x6f,0x6e,0x74,0x72,0x6f,0x6c,0x6c,0x65,0x72,0x01,0x18,0x74,0x73,0x43,0x6f,0x6e,
0x74,0x72,0x6f,0x6c,0x6c,0x65,0x72,0x01,0x12,0x74,0x65,0x72,0x6d,0x69,0x6e,0x61,
0x74,0x65,0x01,0x0a,0x66,0x6c,0x75,0x73,0x68,0x01,0x12,0x5f,0x72,0x65,0x61,0x64,
0x61,0x62,0x6c,0x65,0x01,0x12,0x5f,0x77,0x72,0x69,0x74,0x61,0x62,0x6c,0x65,0x01,
0x0c,0x66,0x6f,0x72,0x6d,0x61,0x74,0x01,0x14,0x63,0x6f,0x6d,0x70,0x72,0x65,0x73,
0x73,0x65,0x64,0x01,0x1c,0x6e,0x61,0x74,0x69,0x76,0x65,0x43,0x6f,0x6d,0x70,0x72,
0x65,0x73,0x73,0x01,0x54,0x4e,0x61,0x74,0x69,0x76,0x65,0x20,0x63,0x6f,0x6d,0x70,
0x72,0x65,0x73,0x73,0x69,0x6f,0x6e,0x20,0x65,0x78,0x74,0x65,0x6e,0x73,0x69,0x6f,
0x6e,0x20,0x6e,0x6f,0x74,0x20,0x61,0x76,0x61,0x69,0x6c,0x61,0x62,0x6c,0x65,0x01,
0x0e,0x5f,0x66,0x6f,0x72,0x6d,0x61,0x74,0x01,0x08,0x67,0x7a,0x69,0x70,0x01,0x0e,
0x64,0x65,0x66,0x6c,0x61,0x74,0x65,0x01,0x16,0x64,0x65,0x66,0x6c,0x61,0x74,0x65,
0x2d,0x72,0x61,0x77,0x01,0x4e,0x43,0x6f,0x6d,0x70,0x72,0x65,0x73,0x73,0x69,0x6f,
0x6e,0x53,0x74,0x72,0x65,0x61,0x6d,0x3a,0x20,0x75,0x6e,0x73,0x75,0x70,0x70,0x6f,
0x72,0x74,0x65,0x64,0x20,0x66,0x6f,0x72,0x6d,0x61,0x74,0x3a,0x20,0x01,0x18,0x64,
0x65,0x63,0x6f,0x6d,0x70,0x72,0x65,0x73,0x73,0x65,0x64,0x01,0x20,0x6e,0x61,0x74,
0x69,0x76,0x65,0x44,0x65,0x63,0x6f,0x6d,0x70,0x72,0x65,0x73,0x73,0x01,0x52,0x44,
0x65,0x63,0x6f,0x6d,0x70,0x72,0x65,0x73,0x73,0x69,0x6f,0x6e,0x53,0x74,0x72,0x65,
0x61,0x6d,0x3a,0x20,0x75,0x6e,0x73,0x75,0x70,0x70,0x6f,0x72,0x74,0x65,0x64,0x20,
0x66,0x6f,0x72,0x6d,0x61,0x74,0x3a,0x20,0x01,0x1c,0x5f,0x68,0x69,0x67,0x68,0x57,
0x61,0x74,0x65,0x72,0x4d,0x61,0x72,0x6b,0x01,0x0e,0x65,0x6e,0x63,0x6f,0x64,0x65,
0x64,0x01,0x0e,0x64,0x65,0x63,0x6f,0x64,0x65,0x72,0x01,0x0e,0x64,0x65,0x63,0x6f,
0x64,0x65,0x64,0x01,0x0e,0x72,0x65,0x73,0x70,0x6f,0x6e,0x64,0x01,0x24,0x72,0x65,
0x73,0x70,0x6f,0x6e,0x64,0x57,0x69,0x74,0x68,0x4e,0x65,0x77,0x56,0x69,0x65,0x77,
0x01,0x16,0x62,0x79,0x6f,0x62,0x52,0x65,0x71,0x75,0x65,0x73,0x74,0x01,0x06,0x74,
0x65,0x65,0x01,0x16,0x70,0x69,0x70,0x65,0x54,0x68,0x72,0x6f,0x75,0x67,0x68,0x01,
0x1a,0x61,0x73,0x79,0x6e,0x63,0x49,0x74,0x65,0x72,0x61,0x74,0x6f,0x72,0x01,0x0a,
0x72,0x65,0x61,0x64,0x79,0x01,0x0a,0x42,0x6c,0x6f,0x62,0x32,0x01,0x0a,0x46,0x69,
0x6c,0x65,0x32,0x01,0x10,0x46,0x6f,0x72,0x6d,0x44,0x61,0x74,0x61,0x01,0x1a,0x6e,
0x6f,0x72,0x6d,0x61,0x6c,0x69,0x7a,0x65,0x54,0x79,0x70,0x65,0x01,0x20,0x64,0x65,
0x63,0x6f,0x64,0x65,0x55,0x69,0x6e,0x74,0x38,0x41,0x72,0x72,0x61,0x79,0x01,0x12,
0x62,0x6c,0x6f,0x62,0x50,0x61,0x72,0x74,0x73,0x01,0x0e,0x62,0x75,0x66,0x66,0x65,
0x72,0x73,0x01,0x12,0x74,0x6f,0x74,0x61,0x6c,0x53,0x69,0x7a,0x65,0x01,0x08,0x69,
0x74,0x65,0x72,0x01,0x54,0x42,0x6c,0x6f,0x62,0x3a,0x20,0x62,0x6c,0x6f,0x62,0x50,
0x61,0x72,0x74,0x73,0x20,0x6d,0x75,0x73,0x74,0x20,0x62,0x65,0x20,0x61,0x6e,0x20,
0x69,0x74,0x65,0x72,0x61,0x62,0x6c,0x65,0x20,0x6f,0x62,0x6a,0x65,0x63,0x74,0x01,
0x40,0x42,0x6c,0x6f,0x62,0x3a,0x20,0x62,0x6c,0x6f,0x62,0x50,0x61,0x72,0x74,0x73,
0x20,0x6d,0x75,0x73,0x74,0x20,0x62,0x65,0x20,0x69,0x74,0x65,0x72,0x61,0x62,0x6c,
0x65,0x01,0x10,0x5f,0x62,0x75,0x66,0x66,0x65,0x72,0x73,0x01,0x0a,0x5f,0x73,0x69,
0x7a,0x65,0x01,0x16,0x63,0x6f,0x6e,0x74,0x65,0x6e,0x74,0x54,0x79,0x70,0x65,0x01,
0x10,0x73,0x6c,0x69,0x63,0x65,0x4c,0x65,0x6e,0x01,0x16,0x65,0x66,0x66,0x65,0x63,
0x74,0x69,0x76,0x65,0x43,0x54,0x01,0x16,0x67,0x6c,0x6f,0x62,0x61,0x6c,0x53,0x74,
0x61,0x72,0x74,0x01,0x14,0x6c,0x6f,0x63,0x61,0x6c,0x53,0x74,0x61,0x72,0x74,0x01,
0x10,0x6c,0x6f,0x63,0x61,0x6c,0x45,0x6e,0x64,0x01,0x0e,0x63,0x6f,0x70,0x79,0x4c,
0x65,0x6e,0x01,0x0a,0x74,0x72,0x75,0x6e,0x63,0x01,0x06,0x74,0x78,0x74,0x01,0x10,
0x66,0x69,0x6c,0x65,0x42,0x69,0x74,0x73,0x01,0x10,0x66,0x69,0x6c,0x65,0x4e,0x61,
0x6d,0x65,0x01,0x18,0x6c,0x61,0x73,0x74,0x4d,0x6f,0x64,0x69,0x66,0x69,0x65,0x64,
0x01,0x1a,0x5f,0x6c,0x61,0x73,0x74,0x4d,0x6f,0x64,0x69,0x66,0x69,0x65,0x64,0x01,
0x1e,0x5f,0x6e,0x6f,0x72,0x6d,0x61,0x6c,0x69,0x7a,0x65,0x56,0x61,0x6c,0x75,0x65,
0x01,0x08,0x66,0x69,0x6e,0x64,0x01,0x08,0x73,0x6f,0x6d,0x65,0x01,0x14,0x6e,0x65,
0x77,0x45,0x6e,0x74,0x72,0x69,0x65,0x73,0x01,0x0c,0x69,0x73,0x42,0x6c,0x6f,0x62,
0x01,0x08,0x46,0x69,0x6c,0x65,0x01,0x14,0x55,0x52,0x4c,0x50,0x61,0x74,0x74,0x65,
0x72,0x6e,0x01,0x1c,0x63,0x6f,0x6d,0x70,0x69,0x6c,0x65,0x50,0x61,0x74,0x74,0x65,
0x72,0x6e,0x01,0x14,0x62,0x75,0x69,0x6c,0x64,0x52,0x65,0x67,0x65,0x78,0x01,0x18,
0x6d,0x61,0x74,0x63,0x68,0x50,0x61,0x74,0x74,0x65,0x72,0x6e,0x01,0x10,0x70,0x61,
0x72,0x73,0x65,0x55,0x52,0x4c,0x01,0x0e,0x62,0x61,0x73,0x65,0x55,0x52,0x4c,0x01,
0x0e,0x70,0x61,0x74,0x74,0x65,0x72,0x6e,0x01,0x12,0x5f,0x68,0x6f,0x73,0x74,0x6e,
0x61,0x6d,0x65,0x01,0x10,0x5f,0x62,0x61,0x73,0x65,0x55,0x52,0x4c,0x01,0x1c,0x5f,
0x70,0x72,0x6f,0x74,0x6f,0x63,0x6f,0x6c,0x52,0x65,0x67,0x65,0x78,0x01,0x1c,0x5f,
0x75,0x73,0x65,0x72,0x6e,0x61,0x6d,0x65,0x52,0x65,0x67,0x65,0x78,0x01,0x1c,0x5f,
0x70,0x61,0x73,0x73,0x77,0x6f,0x72,0x64,0x52,0x65,0x67,0x65,0x78,0x01,0x1c,0x5f,
0x68,0x6f,0x73,0x74,0x6e,0x61,0x6d,0x65,0x52,0x65,0x67,0x65,0x78,0x01,0x14,0x5f,
0x70,0x6f,0x72,0x74,0x52,0x65,0x67,0x65,0x78,0x01,0x1c,0x5f,0x70,0x61,0x74,0x68,
0x6e,0x61,0x6d,0x65,0x52,0x65,0x67,0x65,0x78,0x01,0x18,0x5f,0x73,0x65,0x61,0x72,
0x63,0x68,0x52,0x65,0x67,0x65,0x78,0x01,0x14,0x5f,0x68,0x61,0x73,0x68,0x52,0x65,
0x67,0x65,0x78,0x01,0x1c,0x70,0x72,0x6f,0x74,0x6f,0x63,0x6f,0x6c,0x52,0x65,0x73,
0x75,0x6c,0x74,0x01,0x1c,0x75,0x73,0x65,0x72,0x6e,0x61,0x6d,0x65,0x52,0x65,0x73,
0x75,0x6c,0x74,0x01,0x1c,0x70,0x61,0x73,0x73,0x77,0x6f,0x72,0x64,0x52,0x65,0x73,
0x75,0x6c,0x74,0x01,0x1c,0x68,0x6f,0x73,0x74,0x6e,0x61,0x6d,0x65,0x52,0x65,0x73,
0x75,0x6c,0x74,0x01,0x14,0x70,0x6f,0x72,0x74,0x52,0x65,0x73,0x75,0x6c,0x74,0x01,
0x1c,0x70,0x61,0x74,0x68,0x6e,0x61,0x6d,0x65,0x52,0x65,0x73,0x75,0x6c,0x74,0x01,
0x18,0x73,0x65,0x61,0x72,0x63,0x68,0x52,0x65,0x73,0x75,0x6c,0x74,0x01,0x14,0x68,
0x61,0x73,0x68,0x52,0x65,0x73,0x75,0x6c,0x74,0x01,0x0c,0x69,0x6e,0x70,0x75,0x74,
0x73,0x01,0x14,0x70,0x61,0x74,0x74,0x65,0x72,0x6e,0x53,0x74,0x72,0x01,0x10,0x72,
0x65,0x67,0x65,0x78,0x53,0x74,0x72,0x01,0x0a,0x6e,0x61,0x6d,0x65,0x73,0x01,0x04,
0x63,0x68,0x01,0x10,0x6d,0x6f,0x64,0x69,0x66,0x69,0x65,0x72,0x01,0x18,0x67,0x72,
0x6f,0x75,0x70,0x43,0x6f,0x6e,0x74,0x65,0x6e,0x74,0x01,0x08,0x28,0x2e,0x2a,0x29,
0x01,0x18,0x28,0x3f,0x3a,0x28,0x5b,0x5e,0x2f,0x5d,0x2a,0x29,0x29,0x3f,0x01,0x08,
0x28,0x2e,0x2b,0x29,0x01,0x0e,0x28,0x5b,0x5e,0x2f,0x5d,0x2a,0x29,0x01,0x02,0x7b,
0x01,0x02,0x7d,0x01,0x02,0x28,0x01,0x02,0x29,0x01,0x0a,0x28,0x2e,0x2a,0x3f,0x29,
0x01,0x02,0x5c,0x01,0x02,0x5e,0x01,0x02,0x24,0x01,0x10,0x63,0x6f,0x6d,0x70,0x69,
0x6c,0x65,0x64,0x01,0x0a,0x72,0x65,0x67,0x65,0x78,0x01,0x12,0x6e,0x61,0x76,0x69,
0x67,0x61,0x74,0x6f,0x72,0x01,0x18,0x72,0x65,0x70,0x6f,0x72,0x74,0x45,0x72,0x72,
0x6f,0x72,0x32,0x01,0x14,0x6c,0x69,0x6e,0x65,0x4e,0x75,0x6d,0x62,0x65,0x72,0x01,
0x18,0x63,0x6f,0x6c,0x75,0x6d,0x6e,0x4e,0x75,0x6d,0x62,0x65,0x72,0x01,0x1e,0x5f,
0x6f,0x6e,0x65,0x72,0x72,0x6f,0x72,0x48,0x61,0x6e,0x64,0x6c,0x65,0x72,0x01,0x38,
0x5f,0x6f,0x6e,0x75,0x6e,0x68,0x61,0x6e,0x64,0x6c,0x65,0x64,0x72,0x65,0x6a,0x65,
0x63,0x74,0x69,0x6f,0x6e,0x48,0x61,0x6e,0x64,0x6c,0x65,0x72,0x01,0x34,0x5f,0x6f,
0x6e,0x72,0x65,0x6a,0x65,0x63,0x74,0x69,0x6f,0x6e,0x68,0x61,0x6e,0x64,0x6c,0x65,
0x64,0x48,0x61,0x6e,0x64,0x6c,0x65,0x72,0x01,0x20,0x72,0x65,0x6a,0x65,0x63,0x74,
0x69,0x6f,0x6e,0x68,0x61,0x6e,0x64,0x6c,0x65,0x64,0x01,0x26,0x71,0x77,0x72,0x74,
0x2f,0x31,0x2e,0x30,0x20,0x28,0x57,0x69,0x6e,0x74,0x65,0x72,0x54,0x43,0x29,0x01,
0x12,0x75,0x73,0x65,0x72,0x41,0x67,0x65,0x6e,0x74,0x01,0x0a,0x65,0x6e,0x2d,0x55,
0x53,0x01,0x10,0x6c,0x61,0x6e,0x67,0x75,0x61,0x67,0x65,0x01,0x10,0x77,0x69,0x6e,
0x74,0x65,0x72,0x63,0x67,0x01,0x10,0x70,0x6c,0x61,0x74,0x66,0x6f,0x72,0x6d,0x01,
0x26,0x68,0x61,0x72,0x64,0x77,0x61,0x72,0x65,0x43,0x6f,0x6e,0x63,0x75,0x72,0x72,
0x65,0x6e,0x63,0x79,0x01,0x0c,0x6f,0x6e,0x4c,0x69,0x6e,0x65,0x01,0x1c,0x6d,0x61,
0x78,0x54,0x6f,0x75,0x63,0x68,0x50,0x6f,0x69,0x6e,0x74,0x73,0x01,0x28,0x6f,0x6e,
0x75,0x6e,0x68,0x61,0x6e,0x64,0x6c,0x65,0x64,0x72,0x65,0x6a,0x65,0x63,0x74,0x69,
0x6f,0x6e,0x01,0x24,0x6f,0x6e,0x72,0x65,0x6a,0x65,0x63,0x74,0x69,0x6f,0x6e,0x68,
0x61,0x6e,0x64,0x6c,0x65,0x64,0x01,0x2e,0x5f,0x5f,0x69,0x6e,0x73,0x74,0x61,0x6c,
0x6c,0x43,0x72,0x79,0x70,0x74,0x6f,0x53,0x75,0x62,0x74,0x6c,0x65,0x5f,0x5f,0x01,
0x18,0x74,0x6f,0x55,0x69,0x6e,0x74,0x38,0x41,0x72,0x72,0x61,0x79,0x01,0x1a,0x74,
0x6f,0x41,0x72,0x72,0x61,0x79,0x42,0x75,0x66,0x66,0x65,0x72,0x01,0x12,0x55,0x53,
0x41,0x47,0x45,0x5f,0x4d,0x41,0x50,0x01,0x1c,0x76,0x61,0x6c,0x69,0x64,0x61,0x74,
0x65,0x55,0x73,0x61,0x67,0x65,0x73,0x01,0x14,0x63,0x68,0x65,0x63,0x6b,0x55,0x73,
0x61,0x67,0x65,0x01,0x28,0x76,0x61,0x6c,0x69,0x64,0x61,0x74,0x65,0x47,0x63,0x6d,
0x54,0x61,0x67,0x4c,0x65,0x6e,0x67,0x74,0x68,0x01,0x12,0x42,0x36,0x34,0x5f,0x43,
0x48,0x41,0x52,0x53,0x01,0x1e,0x62,0x61,0x73,0x65,0x36,0x34,0x55,0x72,0x6c,0x45,
0x6e,0x63,0x6f,0x64,0x65,0x01,0x1e,0x62,0x61,0x73,0x65,0x36,0x34,0x55,0x72,0x6c,
0x44,0x65,0x63,0x6f,0x64,0x65,0x01,0x12,0x43,0x72,0x79,0x70,0x74,0x6f,0x4b,0x65,
0x79,0x01,0x18,0x53,0x75,0x62,0x74,0x6c,0x65,0x43,0x72,0x79,0x70,0x74,0x6f,0x01,
0x44,0x45,0x78,0x70,0x65,0x63,0x74,0x65,0x64,0x20,0x41,0x72,0x72,0x61,0x79,0x42,
0x75,0x66,0x66,0x65,0x72,0x20,0x6f,0x72,0x20,0x54,0x79,0x70,0x65,0x64,0x41,0x72,
0x72,0x61,0x79,0x01,0x10,0x61,0x6c,0x67,0x6f,0x4e,0x61,0x6d,0x65,0x01,0x0c,0x75,
0x73,0x61,0x67,0x65,0x73,0x01,0x0e,0x61,0x6c,0x6c,0x6f,0x77,0x65,0x64,0x01,0x2c,
0x49,0x6e,0x76,0x61,0x6c,0x69,0x64,0x20,0x6b,0x65,0x79,0x55,0x73,0x61,0x67,0x65,
0x73,0x20,0x66,0x6f,0x72,0x20,0x01,0x0a,0x75,0x73,0x61,0x67,0x65,0x01,0x0e,0x5f,
0x75,0x73,0x61,0x67,0x65,0x73,0x01,0x2a,0x4b,0x65,0x79,0x20,0x64,0x6f,0x65,0x73,
0x20,0x6e,0x6f,0x74,0x20,0x73,0x75,0x70,0x70,0x6f,0x72,0x74,0x20,0x01,0x12,0x74,
0x61,0x67,0x4c,0x65,0x6e,0x67,0x74,0x68,0x01,0x04,0x74,0x6c,0x01,0x22,0x49,0x6e,
0x76,0x61,0x6c,0x69,0x64,0x20,0x74,0x61,0x67,0x4c,0x65,0x6e,0x67,0x74,0x68,0x01,
0x1c,0x4f,0x70,0x65,0x72,0x61,0x74,0x69,0x6f,0x6e,0x45,0x72,0x72,0x6f,0x72,0x01,
0x0a,0x63,0x68,0x61,0x72,0x73,0x01,0x04,0x63,0x30,0x01,0x04,0x63,0x31,0x01,0x04,
0x63,0x32,0x01,0x04,0x63,0x33,0x01,0x12,0x61,0x6c,0x67,0x6f,0x72,0x69,0x74,0x68,
0x6d,0x01,0x16,0x65,0x78,0x74,0x72,0x61,0x63,0x74,0x61,0x62,0x6c,0x65,0x01,0x14,
0x5f,0x61,0x6c,0x67,0x6f,0x72,0x69,0x74,0x68,0x6d,0x01,0x18,0x5f,0x65,0x78,0x74,
0x72,0x61,0x63,0x74,0x61,0x62,0x6c,0x65,0x01,0x18,0x6e,0x61,0x74,0x69,0x76,0x65,
0x44,0x69,0x67,0x65,0x73,0x74,0x01,0x3c,0x43,0x72,0x79,0x70,0x74,0x6f,0x20,0x65,
0x78,0x74,0x65,0x6e,0x73,0x69,0x6f,0x6e,0x20,0x6e,0x6f,0x74,0x20,0x61,0x76,0x61,
0x69,0x6c,0x61,0x62,0x6c,0x65,0x01,0x0e,0x6b,0x65,0x79,0x44,0x61,0x74,0x61,0x01,
0x12,0x6b,0x65,0x79,0x55,0x73,0x61,0x67,0x65,0x73,0x01,0x0a,0x63,0x75,0x72,0x76,
0x65,0x01,0x10,0x63,0x6f,0x6f,0x72,0x64,0x4c,0x65,0x6e,0x01,0x04,0x64,0x64,0x01,
0x02,0x79,0x01,0x06,0x70,0x75,0x62,0x01,0x10,0x68,0x61,0x73,0x68,0x4e,0x61,0x6d,
0x65,0x01,0x06,0x64,0x65,0x72,0x01,0x0a,0x6b,0x74,0x79,0x70,0x65,0x01,0x0a,0x45,
0x43,0x44,0x53,0x41,0x01,0x08,0x45,0x43,0x44,0x48,0x01,0x14,0x6e,0x61,0x6d,0x65,
0x64,0x43,0x75,0x72,0x76,0x65,0x01,0x26,0x6e,0x61,0x6d,0x65,0x64,0x43,0x75,0x72,
0x76,0x65,0x20,0x72,0x65,0x71,0x75,0x69,0x72,0x65,0x64,0x01,0x0a,0x50,0x2d,0x32,
0x35,0x36,0x01,0x0a,0x50,0x2d,0x33,0x38,0x34,0x01,0x2a,0x49,0x6e,0x76,0x61,0x6c,
0x69,0x64,0x20,0x45,0x43,0x20,0x70,0x75,0x62,0x6c,0x69,0x63,0x20,0x6b,0x65,0x79,
0x01,0x12,0x44,0x61,0x74,0x61,0x45,0x72,0x72,0x6f,0x72,0x01,0x06,0x6a,0x77,0x6b,
0x01,0x06,0x63,0x72,0x76,0x01,0x28,0x49,0x6e,0x76,0x61,0x6c,0x69,0x64,0x20,0x4a,
0x57,0x4b,0x20,0x6b,0x65,0x79,0x20,0x64,0x61,0x74,0x61,0x01,0x24,0x49,0x6e,0x76,
0x61,0x6c,0x69,0x64,0x20,0x4a,0x57,0x4b,0x20,0x45,0x43,0x20,0x6b,0x65,0x79,0x01,
0x30,0x55,0x6e,0x73,0x75,0x70,0x70,0x6f,0x72,0x74,0x65,0x64,0x20,0x6b,0x65,0x79,
0x20,0x66,0x6f,0x72,0x6d,0x61,0x74,0x3a,0x20,0x01,0x10,0x52,0x53,0x41,0x2d,0x4f,
0x41,0x45,0x50,0x01,0x22,0x52,0x53,0x41,0x53,0x53,0x41,0x2d,0x50,0x4b,0x43,0x53,
0x31,0x2d,0x76,0x31,0x5f,0x35,0x01,0x0e,0x53,0x48,0x41,0x2d,0x32,0x35,0x36,0x01,
0x08,0x73,0x70,0x6b,0x69,0x01,0x0a,0x70,0x6b,0x63,0x73,0x38,0x01,0x78,0x52,0x53,
0x41,0x20,0x69,0x6d,0x70,0x6f,0x72,0x74,0x4b,0x65,0x79,0x20,0x73,0x75,0x70,0x70,
0x6f,0x72,0x74,0x73,0x20,0x73,0x70,0x6b,0x69,0x2f,0x70,0x6b,0x63,0x73,0x38,0x20,
0x6f,0x6e,0x6c,0x79,0x20,0x28,0x6a,0x77,0x6b,0x20,0x6e,0x6f,0x74,0x20,0x69,0x6d,
0x70,0x6c,0x65,0x6d,0x65,0x6e,0x74,0x65,0x64,0x29,0x01,0x1e,0x49,0x6e,0x76,0x61,
0x6c,0x69,0x64,0x20,0x6b,0x65,0x79,0x44,0x61,0x74,0x61,0x01,0x0c,0x73,0x65,0x63,
0x72,0x65,0x74,0x01,0x10,0x68,0x61,0x73,0x68,0x41,0x6c,0x67,0x6f,0x01,0x06,0x73,
0x69,0x67,0x01,0x08,0x73,0x69,0x67,0x6e,0x01,0x38,0x68,0x61,0x73,0x68,0x20,0x72,
0x65,0x71,0x75,0x69,0x72,0x65,0x64,0x20,0x66,0x6f,0x72,0x20,0x45,0x43,0x44,0x53,
0x41,0x20,0x73,0x69,0x67,0x6e,0x01,0x1e,0x6e,0x61,0x74,0x69,0x76,0x65,0x45,0x63,
0x64,0x73,0x61,0x53,0x69,0x67,0x6e,0x01,0x60,0x43,0x72,0x79,0x70,0x74,0x6f,0x20,
0x65,0x78,0x74,0x65,0x6e,0x73,0x69,0x6f,0x6e,0x20,0x6e,0x6f,0x74,0x20,0x61,0x76,
0x61,0x69,0x6c,0x61,0x62,0x6c,0x65,0x20,0x6f,0x72,0x20,0x77,0x72,0x6f,0x6e,0x67,
0x20,0x6b,0x65,0x79,0x20,0x74,0x79,0x70,0x65,0x01,0x08,0x48,0x4d,0x41,0x43,0x01,
0x14,0x6e,0x61,0x74,0x69,0x76,0x65,0x48,0x6d,0x61,0x63,0x01,0x1a,0x6e,0x61,0x74,
0x69,0x76,0x65,0x52,0x73,0x61,0x53,0x69,0x67,0x6e,0x01,0x2e,0x55,0x6e,0x73,0x75,
0x70,0x70,0x6f,0x72,0x74,0x65,0x64,0x20,0x61,0x6c,0x67,0x6f,0x72,0x69,0x74,0x68,
0x6d,0x3a,0x20,0x01,0x12,0x73,0x69,0x67,0x6e,0x61,0x74,0x75,0x72,0x65,0x01,0x10,
0x63,0x6f,0x6d,0x70,0x75,0x74,0x65,0x64,0x01,0x08,0x64,0x69,0x66,0x66,0x01,0x0c,
0x76,0x65,0x72,0x69,0x66,0x79,0x01,0x3c,0x68,0x61,0x73,0x68,0x20,0x72,0x65,0x71,
0x75,0x69,0x72,0x65,0x64,0x20,0x66,0x6f,0x72,0x20,0x45,0x43,0x44,0x53,0x41,0x20,
0x76,0x65,0x72,0x69,0x66,0x79,0x01,0x22,0x6e,0x61,0x74,0x69,0x76,0x65,0x45,0x63,
0x64,0x73,0x61,0x56,0x65,0x72,0x69,0x66,0x79,0x01,0x1e,0x6e,0x61,0x74,0x69,0x76,
0x65,0x52,0x73,0x61,0x56,0x65,0x72,0x69,0x66,0x79,0x01,0x12,0x70,0x6c,0x61,0x69,
0x6e,0x74,0x65,0x78,0x74,0x01,0x04,0x69,0x76,0x01,0x06,0x61,0x61,0x64,0x01,0x0c,
0x74,0x61,0x67,0x4c,0x65,0x6e,0x01,0x0e,0x63,0x6f,0x75,0x6e,0x74,0x65,0x72,0x01,
0x0e,0x65,0x6e,0x63,0x72,0x79,0x70,0x74,0x01,0x4c,0x52,0x53,0x41,0x2d,0x4f,0x41,
0x45,0x50,0x20,0x65,0x6e,0x63,0x72,0x79,0x70,0x74,0x20,0x72,0x65,0x71,0x75,0x69,
0x72,0x65,0x73,0x20,0x61,0x20,0x70,0x75,0x62,0x6c,0x69,0x63,0x20,0x6b,0x65,0x79,
0x01,0x28,0x6e,0x61,0x74,0x69,0x76,0x65,0x52,0x73,0x61,0x4f,0x61,0x65,0x70,0x45,
0x6e,0x63,0x72,0x79,0x70,0x74,0x01,0x20,0x6e,0x61,0x74,0x69,0x76,0x65,0x41,0x65,
0x73,0x45,0x6e,0x63,0x72,0x79,0x70,0x74,0x01,0x0e,0x41,0x45,0x53,0x2d,0x43,0x42,
0x43,0x01,0x0e,0x41,0x45,0x53,0x2d,0x47,0x43,0x4d,0x01,0x1c,0x61,0x64,0x64,0x69,
0x74,0x69,0x6f,0x6e,0x61,0x6c,0x44,0x61,0x74,0x61,0x01,0x0e,0x41,0x45,0x53,0x2d,
0x43,0x54,0x52,0x01,0x14,0x63,0x69,0x70,0x68,0x65,0x72,0x74,0x65,0x78,0x74,0x01,
0x0e,0x64,0x65,0x63,0x72,0x79,0x70,0x74,0x01,0x4e,0x52,0x53,0x41,0x2d,0x4f,0x41,
0x45,0x50,0x20,0x64,0x65,0x63,0x72,0x79,0x70,0x74,0x20,0x72,0x65,0x71,0x75,0x69,
0x72,0x65,0x73,0x20,0x61,0x20,0x70,0x72,0x69,0x76,0x61,0x74,0x65,0x20,0x6b,0x65,
0x79,0x01,0x28,0x6e,0x61,0x74,0x69,0x76,0x65,0x52,0x73,0x61,0x4f,0x61,0x65,0x70,
0x44,0x65,0x63,0x72,0x79,0x70,0x74,0x01,0x20,0x6e,0x61,0x74,0x69,0x76,0x65,0x41,
0x65,0x73,0x44,0x65,0x63,0x72,0x79,0x70,0x74,0x01,0x14,0x6c,0x65,0x6e,0x67,0x74,
0x68,0x42,0x69,0x74,0x73,0x01,0x16,0x6c,0x65,0x6e,0x67,0x74,0x68,0x42,0x79,0x74,
0x65,0x73,0x01,0x10,0x6b,0x65,0x79,0x42,0x79,0x74,0x65,0x73,0x01,0x0c,0x70,0x61,
0x63,0x6b,0x65,0x64,0x01,0x0e,0x70,0x72,0x69,0x76,0x4c,0x65,0x6e,0x01,0x08,0x70,
0x72,0x69,0x76,0x01,0x0c,0x70,0x75,0x62,0x4b,0x65,0x79,0x01,0x0e,0x70,0x72,0x69,
0x76,0x4b,0x65,0x79,0x01,0x1a,0x6d,0x6f,0x64,0x75,0x6c,0x75,0x73,0x4c,0x65,0x6e,
0x67,0x74,0x68,0x01,0x0c,0x70,0x75,0x62,0x45,0x78,0x70,0x01,0x04,0x6b,0x70,0x01,
0x12,0x72,0x73,0x61,0x55,0x73,0x61,0x67,0x65,0x73,0x01,0x0c,0x72,0x73,0x61,0x50,
0x75,0x62,0x01,0x0e,0x72,0x73,0x61,0x50,0x72,0x69,0x76,0x01,0x02,0x75,0x01,0x12,
0x64,0x65,0x72,0x69,0x76,0x65,0x4b,0x65,0x79,0x01,0x14,0x64,0x65,0x72,0x69,0x76,
0x65,0x42,0x69,0x74,0x73,0x01,0x0e,0x77,0x72,0x61,0x70,0x4b,0x65,0x79,0x01,0x12,
0x75,0x6e,0x77,0x72,0x61,0x70,0x4b,0x65,0x79,0x01,0x08,0x63,0x65,0x69,0x6c,0x01,
0x0e,0x53,0x48,0x41,0x2d,0x35,0x31,0x32,0x01,0x0a,0x50,0x2d,0x35,0x32,0x31,0x01,
0x2c,0x55,0x6e,0x73,0x75,0x70,0x70,0x6f,0x72,0x74,0x65,0x64,0x20,0x6e,0x61,0x6d,
0x65,0x64,0x43,0x75,0x72,0x76,0x65,0x01,0x20,0x6e,0x61,0x74,0x69,0x76,0x65,0x45,
0x63,0x47,0x65,0x6e,0x65,0x72,0x61,0x74,0x65,0x01,0x08,0x5f,0x70,0x75,0x62,0x01,
0x12,0x70,0x75,0x62,0x6c,0x69,0x63,0x4b,0x65,0x79,0x01,0x14,0x70,0x72,0x69,0x76,
0x61,0x74,0x65,0x4b,0x65,0x79,0x01,0x64,0x55,0x6e,0x73,0x75,0x70,0x70,0x6f,0x72,
0x74,0x65,0x64,0x20,0x6d,0x6f,0x64,0x75,0x6c,0x75,0x73,0x4c,0x65,0x6e,0x67,0x74,
0x68,0x20,0x28,0x6d,0x75,0x73,0x74,0x20,0x62,0x65,0x20,0x32,0x30,0x34,0x38,0x2f,
0x33,0x30,0x37,0x32,0x2f,0x34,0x30,0x39,0x36,0x29,0x01,0x1c,0x70,0x75,0x62,0x6c,
0x69,0x63,0x45,0x78,0x70,0x6f,0x6e,0x65,0x6e,0x74,0x01,0x28,0x6e,0x61,0x74,0x69,
0x76,0x65,0x52,0x73,0x61,0x47,0x65,0x6e,0x65,0x72,0x61,0x74,0x65,0x4b,0x65,0x79,
0x01,0x18,0x70,0x75,0x62,0x6c,0x69,0x63,0x4b,0x65,0x79,0x44,0x65,0x72,0x01,0x1a,
0x70,0x72,0x69,0x76,0x61,0x74,0x65,0x4b,0x65,0x79,0x44,0x65,0x72,0x01,0x0c,0x41,
0x45,0x53,0x2d,0x4b,0x57,0x01,0x2c,0x49,0x6e,0x76,0x61,0x6c,0x69,0x64,0x20,0x41,
0x45,0x53,0x20,0x6b,0x65,0x79,0x20,0x6c,0x65,0x6e,0x67,0x74,0x68,0x01,0x2c,0x4b,
0x65,0x79,0x20,0x69,0x73,0x20,0x6e,0x6f,0x74,0x20,0x65,0x78,0x74,0x72,0x61,0x63,
0x74,0x61,0x62,0x6c,0x65,0x01,0x40,0x72,0x61,0x77,0x20,0x65,0x78,0x70,0x6f,0x72,
0x74,0x20,0x72,0x65,0x71,0x75,0x69,0x72,0x65,0x73,0x20,0x61,0x20,0x70,0x75,0x62,
0x6c,0x69,0x63,0x20,0x6b,0x65,0x79,0x01,0x04,0x45,0x43,0x01,0x06,0x6b,0x74,0x79,
0x01,0x06,0x65,0x78,0x74,0x01,0x0e,0x6b,0x65,0x79,0x5f,0x6f,0x70,0x73,0x01,0x24,
0x49,0x6e,0x76,0x61,0x6c,0x69,0x64,0x20,0x70,0x75,0x62,0x6c,0x69,0x63,0x20,0x6b,
0x65,0x79,0x01,0x36,0x55,0x6e,0x73,0x75,0x70,0x70,0x6f,0x72,0x74,0x65,0x64,0x20,
0x65,0x78,0x70,0x6f,0x72,0x74,0x20,0x66,0x6f,0x72,0x6d,0x61,0x74,0x3a,0x20,0x01,
0x42,0x73,0x70,0x6b,0x69,0x20,0x65,0x78,0x70,0x6f,0x72,0x74,0x20,0x72,0x65,0x71,
0x75,0x69,0x72,0x65,0x73,0x20,0x61,0x20,0x70,0x75,0x62,0x6c,0x69,0x63,0x20,0x6b,
0x65,0x79,0x01,0x46,0x70,0x6b,0x63,0x73,0x38,0x20,0x65,0x78,0x70,0x6f,0x72,0x74,
0x20,0x72,0x65,0x71,0x75,0x69,0x72,0x65,0x73,0x20,0x61,0x20,0x70,0x72,0x69,0x76,
0x61,0x74,0x65,0x20,0x6b,0x65,0x79,0x01,0x78,0x52,0x53,0x41,0x20,0x65,0x78,0x70,
0x6f,0x72,0x74,0x4b,0x65,0x79,0x20,0x73,0x75,0x70,0x70,0x6f,0x72,0x74,0x73,0x20,
0x73,0x70,0x6b,0x69,0x2f,0x70,0x6b,0x63,0x73,0x38,0x20,0x6f,0x6e,0x6c,0x79,0x20,
0x28,0x6a,0x77,0x6b,0x20,0x6e,0x6f,0x74,0x20,0x69,0x6d,0x70,0x6c,0x65,0x6d,0x65,
0x6e,0x74,0x65,0x64,0x29,0x01,0x06,0x6f,0x63,0x74,0x01,0x04,0x48,0x53,0x01,0x08,
0x53,0x48,0x41,0x2d,0x01,0x06,0x61,0x6c,0x67,0x01,0x16,0x77,0x72,0x61,0x70,0x70,
0x69,0x6e,0x67,0x4b,0x65,0x79,0x01,0x1a,0x77,0x72,0x61,0x70,0x41,0x6c,0x67,0x6f,
0x72,0x69,0x74,0x68,0x6d,0x01,0x10,0x77,0x72,0x61,0x70,0x4e,0x61,0x6d,0x65,0x01,
0x3e,0x41,0x45,0x53,0x2d,0x4b,0x57,0x20,0x73,0x75,0x70,0x70,0x6f,0x72,0x74,0x73,
0x20,0x72,0x61,0x77,0x20,0x66,0x6f,0x72,0x6d,0x61,0x74,0x20,0x6f,0x6e,0x6c,0x79,
0x01,0x1e,0x6e,0x61,0x74,0x69,0x76,0x65,0x41,0x65,0x73,0x4b,0x77,0x57,0x72,0x61,
0x70,0x01,0x38,0x55,0x6e,0x73,0x75,0x70,0x70,0x6f,0x72,0x74,0x65,0x64,0x20,0x77,
0x72,0x61,0x70,0x20,0x61,0x6c,0x67,0x6f,0x72,0x69,0x74,0x68,0x6d,0x3a,0x20,0x01,
0x32,0x55,0x6e,0x73,0x75,0x70,0x70,0x6f,0x72,0x74,0x65,0x64,0x20,0x77,0x72,0x61,
0x70,0x20,0x66,0x6f,0x72,0x6d,0x61,0x74,0x3a,0x20,0x01,0x14,0x77,0x72,0x61,0x70,
0x70,0x65,0x64,0x4b,0x65,0x79,0x01,0x1a,0x75,0x6e,0x77,0x72,0x61,0x70,0x70,0x69,
0x6e,0x67,0x4b,0x65,0x79,0x01,0x1e,0x75,0x6e,0x77,0x72,0x61,0x70,0x41,0x6c,0x67,
0x6f,0x72,0x69,0x74,0x68,0x6d,0x01,0x2a,0x75,0x6e,0x77,0x72,0x61,0x70,0x70,0x65,
0x64,0x4b,0x65,0x79,0x41,0x6c,0x67,0x6f,0x72,0x69,0x74,0x68,0x6d,0x01,0x14,0x75,
0x6e,0x77,0x72,0x61,0x70,0x4e,0x61,0x6d,0x65,0x01,0x22,0x6e,0x61,0x74,0x69,0x76,
0x65,0x41,0x65,0x73,0x4b,0x77,0x55,0x6e,0x77,0x72,0x61,0x70,0x01,0x3c,0x55,0x6e,
0x73,0x75,0x70,0x70,0x6f,0x72,0x74,0x65,0x64,0x20,0x75,0x6e,0x77,0x72,0x61,0x70,
0x20,0x61,0x6c,0x67,0x6f,0x72,0x69,0x74,0x68,0x6d,0x3a,0x20,0x01,0x16,0x49,0x6e,
0x76,0x61,0x6c,0x69,0x64,0x20,0x4a,0x57,0x4b,0x01,0x36,0x55,0x6e,0x73,0x75,0x70,
0x70,0x6f,0x72,0x74,0x65,0x64,0x20,0x75,0x6e,0x77,0x72,0x61,0x70,0x20,0x66,0x6f,
0x72,0x6d,0x61,0x74,0x3a,0x20,0x01,0x12,0x73,0x6b,0x69,0x70,0x55,0x73,0x61,0x67,
0x65,0x01,0x08,0x73,0x61,0x6c,0x74,0x01,0x14,0x69,0x74,0x65,0x72,0x61,0x74,0x69,
0x6f,0x6e,0x73,0x01,0x0a,0x64,0x6b,0x4c,0x65,0x6e,0x01,0x32,0x49,0x6e,0x76,0x61,
0x6c,0x69,0x64,0x20,0x64,0x65,0x72,0x69,0x76,0x65,0x42,0x69,0x74,0x73,0x20,0x6c,
0x65,0x6e,0x67,0x74,0x68,0x01,0x0c,0x50,0x42,0x4b,0x44,0x46,0x32,0x01,0x30,0x68,
0x61,0x73,0x68,0x20,0x72,0x65,0x71,0x75,0x69,0x72,0x65,0x64,0x20,0x66,0x6f,0x72,
0x20,0x50,0x42,0x4b,0x44,0x46,0x32,0x01,0x30,0x49,0x6e,0x76,0x61,0x6c,0x69,0x64,
0x20,0x69,0x74,0x65,0x72,0x61,0x74,0x69,0x6f,0x6e,0x73,0x20,0x76,0x61,0x6c,0x75,
0x65,0x01,0x18,0x6e,0x61,0x74,0x69,0x76,0x65,0x50,0x62,0x6b,0x64,0x66,0x32,0x01,
0x08,0x48,0x4b,0x44,0x46,0x01,0x2c,0x68,0x61,0x73,0x68,0x20,0x72,0x65,0x71,0x75,
0x69,0x72,0x65,0x64,0x20,0x66,0x6f,0x72,0x20,0x48,0x4b,0x44,0x46,0x01,0x14,0x6e,
0x61,0x74,0x69,0x76,0x65,0x48,0x6b,0x64,0x66,0x01,0x36,0x45,0x43,0x44,0x48,0x20,
0x72,0x65,0x71,0x75,0x69,0x72,0x65,0x73,0x20,0x61,0x20,0x70,0x72,0x69,0x76,0x61,
0x74,0x65,0x20,0x6b,0x65,0x79,0x01,0x38,0x70,0x75,0x62,0x6c,0x69,0x63,0x20,0x6b,
0x65,0x79,0x20,0x72,0x65,0x71,0x75,0x69,0x72,0x65,0x64,0x20,0x66,0x6f,0x72,0x20,
0x45,0x43,0x44,0x48,0x01,0x14,0x6e,0x61,0x74,0x69,0x76,0x65,0x45,0x63,0x64,0x68,
0x01,0x1c,0x64,0x65,0x72,0x69,0x76,0x65,0x64,0x4b,0x65,0x79,0x54,0x79,0x70,0x65,
0x01,0x14,0x62,0x69,0x74,0x73,0x4c,0x65,0x6e,0x67,0x74,0x68,0x01,0x08,0x62,0x69,
0x74,0x73,0x01,0x12,0x69,0x6d,0x70,0x6f,0x72,0x74,0x4b,0x65,0x79,0x01,0x16,0x67,
0x65,0x6e,0x65,0x72,0x61,0x74,0x65,0x4b,0x65,0x79,0x01,0x12,0x65,0x78,0x70,0x6f,
0x72,0x74,0x4b,0x65,0x79,0x01,0x1e,0x63,0x6c,0x6f,0x6e,0x65,0x54,0x79,0x70,0x65,
0x64,0x41,0x72,0x72,0x61,0x79,0x01,0x10,0x54,0x41,0x5f,0x43,0x54,0x4f,0x52,0x53,
0x01,0x14,0x75,0x74,0x66,0x38,0x45,0x6e,0x63,0x6f,0x64,0x65,0x01,0x14,0x75,0x74,
0x66,0x38,0x44,0x65,0x63,0x6f,0x64,0x65,0x01,0x14,0x42,0x79,0x74,0x65,0x57,0x72,
0x69,0x74,0x65,0x72,0x01,0x18,0x65,0x6e,0x63,0x6f,0x64,0x65,0x53,0x74,0x72,0x69,
0x6e,0x67,0x01,0x20,0x73,0x65,0x72,0x69,0x61,0x6c,0x69,0x7a,0x65,0x54,0x6f,0x42,
0x79,0x74,0x65,0x73,0x01,0x14,0x42,0x79,0x74,0x65,0x52,0x65,0x61,0x64,0x65,0x72,
0x01,0x28,0x64,0x65,0x73,0x65,0x72,0x69,0x61,0x6c,0x69,0x7a,0x65,0x46,0x72,0x6f,
0x6d,0x42,0x79,0x74,0x65,0x73,0x01,0x20,0x73,0x74,0x72,0x75,0x63,0x74,0x75,0x72,
0x65,0x64,0x43,0x6c,0x6f,0x6e,0x65,0x32,0x01,0x16,0x74,0x72,0x61,0x6e,0x73,0x66,
0x65,0x72,0x53,0x65,0x74,0x01,0x0c,0x69,0x73,0x50,0x6f,0x72,0x74,0x01,0x08,0x73,
0x65,0x65,0x6e,0x01,0x04,0x74,0x32,0x01,0x10,0x64,0x65,0x74,0x61,0x63,0x68,0x65,
0x64,0x01,0x36,0x74,0x72,0x61,0x6e,0x73,0x66,0x65,0x72,0x20,0x6d,0x75,0x73,0x74,
0x20,0x62,0x65,0x20,0x61,0x20,0x73,0x65,0x71,0x75,0x65,0x6e,0x63,0x65,0x01,0x2c,
0x64,0x75,0x70,0x6c,0x69,0x63,0x61,0x74,0x65,0x20,0x74,0x72,0x61,0x6e,0x73,0x66,
0x65,0x72,0x61,0x62,0x6c,0x65,0x01,0x34,0x6f,0x62,0x6a,0x65,0x63,0x74,0x20,0x69,
0x73,0x20,0x6e,0x6f,0x74,0x20,0x74,0x72,0x61,0x6e,0x73,0x66,0x65,0x72,0x61,0x62,
0x6c,0x65,0x01,0x4a,0x41,0x72,0x72,0x61,0x79,0x42,0x75,0x66,0x66,0x65,0x72,0x20,
0x68,0x61,0x73,0x20,0x61,0x6c,0x72,0x65,0x61,0x64,0x79,0x20,0x62,0x65,0x65,0x6e,
0x20,0x64,0x65,0x74,0x61,0x63,0x68,0x65,0x64,0x01,0x1a,0x5f,0x71,0x77,0x72,0x74,
0x54,0x72,0x61,0x6e,0x73,0x66,0x65,0x72,0x01,0x0c,0x72,0x65,0x67,0x65,0x78,0x70,
0x01,0x08,0x43,0x74,0x6f,0x72,0x01,0x04,0x74,0x73,0x01,0x04,0x70,0x72,0x01,0x0a,
0x70,0x72,0x6f,0x74,0x6f,0x01,0x30,0x53,0x79,0x6d,0x62,0x6f,0x6c,0x73,0x20,0x63,
0x61,0x6e,0x6e,0x6f,0x74,0x20,0x62,0x65,0x20,0x63,0x6c,0x6f,0x6e,0x65,0x64,0x01,
0x34,0x46,0x75,0x6e,0x63,0x74,0x69,0x6f,0x6e,0x73,0x20,0x63,0x61,0x6e,0x6e,0x6f,
0x74,0x20,0x62,0x65,0x20,0x63,0x6c,0x6f,0x6e,0x65,0x64,0x01,0x0e,0x67,0x65,0x74,
0x54,0x69,0x6d,0x65,0x01,0x56,0x4d,0x65,0x73,0x73,0x61,0x67,0x65,0x50,0x6f,0x72,
0x74,0x20,0x63,0x61,0x6e,0x6e,0x6f,0x74,0x20,0x62,0x65,0x20,0x63,0x6c,0x6f,0x6e,
0x65,0x64,0x20,0x28,0x75,0x73,0x65,0x20,0x74,0x72,0x61,0x6e,0x73,0x66,0x65,0x72,
0x29,0x01,0x5a,0x4f,0x62,0x6a,0x65,0x63,0x74,0x20,0x77,0x69,0x74,0x68,0x20,0x63,
0x75,0x73,0x74,0x6f,0x6d,0x20,0x70,0x72,0x6f,0x74,0x6f,0x74,0x79,0x70,0x65,0x20,
0x63,0x61,0x6e,0x6e,0x6f,0x74,0x20,0x62,0x65,0x20,0x63,0x6c,0x6f,0x6e,0x65,0x64,
0x01,0x02,0x52,0x01,0x06,0x75,0x33,0x32,0x01,0x06,0x66,0x36,0x34,0x01,0x08,0x72,
0x65,0x66,0x73,0x01,0x02,0x77,0x01,0x0c,0x66,0x62,0x79,0x74,0x65,0x73,0x01,0x0c,
0x62,0x62,0x79,0x74,0x65,0x73,0x01,0x06,0x61,0x75,0x38,0x01,0x06,0x74,0x75,0x38,
0x01,0x0c,0x76,0x70,0x72,0x6f,0x74,0x6f,0x01,0x04,0x69,0x73,0x01,0x2a,0x46,0x69,
0x6c,0x65,0x20,0x63,0x61,0x6e,0x6e,0x6f,0x74,0x20,0x62,0x65,0x20,0x63,0x6c,0x6f,
0x6e,0x65,0x64,0x01,0x2a,0x42,0x6c,0x6f,0x62,0x20,0x63,0x61,0x6e,0x6e,0x6f,0x74,
0x20,0x62,0x65,0x20,0x63,0x6c,0x6f,0x6e,0x65,0x64,0x01,0x26,0x42,0x61,0x64,0x20,
0x73,0x65,0x72,0x69,0x61,0x6c,0x69,0x7a,0x65,0x64,0x20,0x64,0x61,0x74,0x61,0x01,
0x04,0x72,0x64,0x01,0x06,0x74,0x61,0x67,0x01,0x04,0x6e,0x6d,0x01,0x04,0x74,0x61,
0x01,0x04,0x62,0x6c,0x01,0x04,0x6c,0x6d,0x01,0x04,0x66,0x6c,0x01,0x08,0x72,0x69,
0x64,0x78,0x01,0x0c,0x62,0x69,0x67,0x53,0x74,0x72,0x01,0x04,0x65,0x32,0x01,0x06,
0x70,0x69,0x64,0x01,0x0a,0x70,0x70,0x65,0x65,0x72,0x01,0x06,0x70,0x74,0x68,0x01,
0x0e,0x70,0x6f,0x72,0x74,0x52,0x65,0x66,0x01,0x5c,0x4d,0x65,0x73,0x73,0x61,0x67,
0x65,0x50,0x6f,0x72,0x74,0x20,0x72,0x65,0x66,0x65,0x72,0x65,0x6e,0x63,0x65,0x20,
0x72,0x65,0x71,0x75,0x69,0x72,0x65,0x73,0x20,0x6d,0x65,0x73,0x73,0x61,0x67,0x65,
0x2d,0x63,0x68,0x61,0x6e,0x6e,0x65,0x6c,0x01,0x0e,0x77,0x6f,0x72,0x6b,0x65,0x72,
0x73,0x01,0x14,0x6c,0x6f,0x61,0x64,0x53,0x63,0x72,0x69,0x70,0x74,0x01,0x0c,0x57,
0x6f,0x72,0x6b,0x65,0x72,0x01,0x1a,0x69,0x73,0x57,0x6f,0x72,0x6b,0x65,0x72,0x45,
0x72,0x72,0x6f,0x72,0x01,0x18,0x68,0x6f,0x73,0x74,0x44,0x69,0x73,0x70,0x61,0x74,
0x63,0x68,0x01,0x0e,0x66,0x69,0x6c,0x65,0x3a,0x2f,0x2f,0x01,0x5a,0x57,0x6f,0x72,
0x6b,0x65,0x72,0x3a,0x20,0x6f,0x6e,0x6c,0x79,0x20,0x66,0x69,0x6c,0x65,0x3a,0x2f,
0x2f,0x20,0x55,0x52,0x4c,0x73,0x20,0x61,0x72,0x65,0x20,0x73,0x75,0x70,0x70,0x6f,
0x72,0x74,0x65,0x64,0x20,0x69,0x6e,0x20,0x76,0x31,0x01,0x0c,0x5f,0x6f,0x6e,0x6d,
0x73,0x67,0x01,0x12,0x5f,0x6f,0x6e,0x6d,0x73,0x67,0x45,0x72,0x72,0x01,0x16,0x73,
0x70,0x61,0x77,0x6e,0x57,0x6f,0x72,0x6b,0x65,0x72,0x01,0x10,0x68,0x61,0x6e,0x64,
0x6c,0x65,0x72,0x73,0x01,0x3e,0x45,0x72,0x72,0x6f,0x72,0x20,0x69,0x6e,0x20,0x77,
0x6f,0x72,0x6b,0x65,0x72,0x20,0x65,0x76,0x65,0x6e,0x74,0x20,0x6c,0x69,0x73,0x74,
0x65,0x6e,0x65,0x72,0x3a,0x01,0x14,0x61,0x62,0x54,0x72,0x61,0x6e,0x73,0x66,0x65,
0x72,0x01,0x12,0x64,0x61,0x74,0x61,0x42,0x79,0x74,0x65,0x73,0x01,0x18,0x5f,0x5f,
0x71,0x77,0x72,0x74,0x5f,0x70,0x6f,0x72,0x74,0x73,0x01,0x1c,0x5f,0x5f,0x71,0x77,
0x72,0x74,0x5f,0x70,0x61,0x79,0x6c,0x6f,0x61,0x64,0x01,0x1e,0x77,0x6f,0x72,0x6b,
0x65,0x72,0x54,0x65,0x72,0x6d,0x69,0x6e,0x61,0x74,0x65,0x01,0x04,0x77,0x65,0x01,
0x0a,0x65,0x72,0x72,0x45,0x76,0x01,0x0a,0x69,0x6e,0x6e,0x65,0x72,0x01,0x1a,0x5f,
0x64,0x65,0x6c,0x69,0x76,0x65,0x72,0x45,0x72,0x72,0x6f,0x72,0x01,0x12,0x5f,0x70,
0x72,0x69,0x73,0x74,0x69,0x6e,0x65,0x01,0x0c,0x5f,0x69,0x6e,0x66,0x72,0x61,0x01,
0x0a,0x70,0x72,0x6f,0x70,0x73,0x01,0x0e,0x73,0x6b,0x69,0x70,0x70,0x65,0x64,0x01,
0x06,0x72,0x65,0x63,0x01,0x18,0x63,0x6f,0x6e,0x74,0x65,0x78,0x74,0x53,0x70,0x61,
0x77,0x6e,0x01,0x1c,0x63,0x6f,0x6e,0x74,0x65,0x78,0x74,0x53,0x75,0x73,0x70,0x65,
0x6e,0x64,0x01,0x1a,0x63,0x6f,0x6e,0x74,0x65,0x78,0x74,0x52,0x65,0x73,0x75,0x6d,
0x65,0x01,0x1c,0x63,0x6f,0x6e,0x74,0x65,0x78,0x74,0x44,0x65,0x73,0x74,0x72,0x6f,
0x79,0x01,0x28,0x5f,0x5f,0x71,0x77,0x72,0x74,0x5f,0x63,0x74,0x78,0x5f,0x63,0x61,
0x70,0x74,0x75,0x72,0x65,0x5f,0x5f,0x01,0x28,0x5f,0x5f,0x71,0x77,0x72,0x74,0x5f,
0x63,0x74,0x78,0x5f,0x72,0x65,0x73,0x74,0x6f,0x72,0x65,0x5f,0x5f,0x01,0x16,0x71,
0x77,0x72,0x74,0x43,0x6f,0x6e,0x74,0x65,0x78,0x74,0x01,0x0a,0x73,0x70,0x61,0x77,
0x6e,0x01,0x0e,0x73,0x75,0x73,0x70,0x65,0x6e,0x64,0x01,0x0c,0x72,0x65,0x73,0x75,
0x6d,0x65,0x01,0x0e,0x64,0x65,0x73,0x74,0x72,0x6f,0x79,0x01,0x56,0x71,0x75,0x65,
0x75,0x65,0x4d,0x69,0x63,0x72,0x6f,0x74,0x61,0x73,0x6b,0x20,0x72,0x65,0x71,0x75,
0x69,0x72,0x65,0x73,0x20,0x61,0x20,0x66,0x75,0x6e,0x63,0x74,0x69,0x6f,0x6e,0x20,
0x61,0x72,0x67,0x75,0x6d,0x65,0x6e,0x74,0x01,0x1c,0x71,0x75,0x65,0x75,0x65,0x4d,
0x69,0x63,0x72,0x6f,0x74,0x61,0x73,0x6b,0x01,0x22,0x5f,0x5f,0x6e,0x61,0x74,0x69,
0x76,0x65,0x5f,0x69,0x6e,0x6a,0x65,0x63,0x74,0x5f,0x5f,0x0c,0x00,0x0a,0x00,0xa8,
0x01,0x00,0x01,0x00,0x02,0x00,0x00,0x01,0x0a,0x01,0xaa,0x01,0x00,0x00,0x00,0x0c,
0x43,0x0a,0x00,0x00,0x01,0x1e,0x01,0x02,0x01,0x00,0x1f,0x91,0x02,0x1f,0xe4,0x03,
0x00,0x01,0x00,0xe6,0x03,0x00,0x00,0x00,0xe8,0x03,0x00,0x01,0x00,0xea,0x03,0x00,
0x02,0x00,0xec,0x03,0x00,0x03,0x00,0xee,0x03,0x00,0x04,0x00,0xf0,0x03,0x00,0x05,
0x00,0xf2,0x03,0x00,0x06,0x00,0xf4,0x03,0x00,0x07,0x00,0xf6,0x03,0x00,0x08,0x00,
0xf8,0x03,0x00,0x09,0x00,0xfa,0x03,0x00,0x0a,0x00,0xfc,0x03,0x00,0x0b,0x00,0xfe,
0x03,0x00,0x0c,0x00,0x80,0x04,0x00,0x0d,0x00,0x82,0x04,0x00,0x0e,0x00,0x84,0x04,
0x00,0x0f,0x00,0x86,0x04,0x00,0x10,0x00,0x88,0x04,0x00,0x11,0x00,0x8a,0x04,0x00,
0x12,0x00,0x8c,0x04,0x00,0x13,0x00,0x8e,0x04,0x00,0x14,0x00,0x90,0x04,0x00,0x15,
0x00,0x92,0x04,0x00,0x16,0x00,0x94,0x04,0x00,0x17,0x00,0x96,0x04,0x00,0x18,0x00,
0x98,0x04,0x00,0x19,0x00,0x9a,0x04,0x00,0x1a,0x40,0x00,0x9c,0x04,0x00,0x1b,0x00,
0x9e,0x04,0x00,0x1c,0x00,0xa0,0x04,0x00,0x1d,0x00,0x0c,0x43,0x0a,0x00,0xe6,0x03,
0x01,0x04,0x01,0x02,0x04,0x00,0x11,0x86,0x02,0x05,0xa2,0x04,0x00,0x01,0x40,0x00,
0xa4,0x04,0x01,0x00,0x70,0x03,0xa6,0x04,0x01,0x01,0x70,0x01,0xa8,0x04,0x00,0x00,
0x40,0x02,0xaa,0x04,0x01,0x02,0x30,0x0c,0x43,0x0a,0x00,0xa8,0x04,0x01,0x00,0x01,
0x03,0x00,0x00,0x01,0x18,0x01,0xac,0x04,0x00,0x01,0x00,0x0c,0x42,0x0a,0x00,0x00,
0x01,0x01,0x01,0x04,0x00,0x00,0x00,0x64,0x02,0xae,0x04,0x00,0x01,0x00,0xb0,0x04,
0x07,0x00,0x03,0xd7,0xf9,0xf0,0x07,0x04,0x01,0x00,0x00,0x00,0x28,0xd7,0xf8,0xf0,
0x07,0x04,0x49,0x00,0x00,0x00,0x28,0xd7,0x96,0x04,0x4c,0x00,0x00,0x00,0xad,0xf0,
0x03,0xd7,0x28,0xd7,0x96,0x04,0x4a,0x00,0x00,0x00,0xad,0x11,0xf1,0x0a,0x0e,0xd7,
0x96,0x04,0x4b,0x00,0x00,0x00,0xad,0xf0,0x0a,0x38,0xa2,0x00,0x00,0x00,0xd7,0x23,
0x01,0x00,0x6b,0x14,0x00,0x00,0x00,0x38,0xa7,0x00,0x00,0x00,0x41,0x19,0x01,0x00,
0x00,0xd7,0x24,0x01,0x00,0x6e,0x28,0xcf,0x6b,0x0d,0x00,0x00,0x00,0x38,0xa2,0x00,
0x00,0x00,0xd7,0xf5,0x6e,0x28,0x30,0xb4,0x04,0x0e,0x13,0x10,0x08,0x04,0x35,0x00,
0x35,0x0e,0x3f,0x00,0x3e,0x36,0x48,0x32,0x63,0x5d,0x59,0x0f,0x00,0xd7,0x41,0x1b,
0x01,0x00,0x00,0xc5,0x00,0x24,0x01,0x00,0x41,0x63,0x00,0x00,0x00,0x04,0x1c,0x01,
0x00,0x00,0x25,0x01,0x00,0xb4,0x04,0x0d,0x05,0x06,0x21,0x1c,0x00,0x0a,0x14,0x11,
0x00,0x0c,0x41,0x0a,0x00,0x00,0x01,0x00,0x00,0x05,0x00,0x03,0x00,0x19,0x01,0xac,
0x04,0x00,0x01,0x00,0xa2,0x04,0x00,0x01,0xa6,0x04,0x01,0x18,0xa8,0x04,0x02,0x00,
0x0d,0x00,0x00,0xdb,0xe3,0x41,0x1d,0x01,0x00,0x00,0x64,0x01,0x00,0x40,0x1d,0x01,
0x00,0x00,0xe5,0xd7,0xf5,0x24,0x02,0x00,0x29,0xb4,0x04,0x1b,0x0c,0x06,0x17,0x05,
0x20,0x12,0x2f,0x2e,0x00,0x0c,0x41,0x0a,0x00,0x00,0x01,0x00,0x00,0x05,0x00,0x03,
0x00,0x19,0x01,0xac,0x04,0x00,0x01,0x00,0xa2,0x04,0x00,0x01,0xa6,0x04,0x01,0x18,
0xa8,0x04,0x02,0x00,0x0d,0x00,0x00,0xdb,0xe3,0x41,0x1d,0x01,0x00,0x00,0x64,0x01,
0x00,0x40,0x1e,0x01,0x00,0x00,0xe5,0xd7,0xf5,0x24,0x02,0x00,0x29,0xb4,0x04,0x1e,
0x0d,0x06,0x17,0x07,0x20,0x12,0x2f,0x30,0x00,0x0c,0x41,0x0a,0x00,0x00,0x01,0x00,
0x00,0x05,0x00,0x03,0x00,0x19,0x01,0xac,0x04,0x00,0x01,0x00,0xa2,0x04,0x00,0x01,
0xa6,0x04,0x01,0x18,0xa8,0x04,0x02,0x00,0x0d,0x00,0x00,0xdb,0xe3,0x41,0x1d,0x01,
0x00,0x00,0x64,0x01,0x00,0x40,0x1f,0x01,0x00,0x00,0xe5,0xd7,0xf5,0x24,0x02,0x00,
0x29,0xb4,0x04,0x21,0x0d,0x06,0x17,0x07,0x20,0x12,0x2f,0x30,0x00,0x0c,0x41,0x0a,
0x00,0x00,0x01,0x00,0x00,0x05,0x00,0x03,0x00,0x19,0x01,0xac,0x04,0x00,0x01,0x00,
0xa2,0x04,0x00,0x01,0xa6,0x04,0x01,0x18,0xa8,0x04,0x02,0x00,0x0d,0x00,0x00,0xdb,
0xe3,0x41,0x1d,0x01,0x00,0x00,0x64,0x01,0x00,0x40,0x37,0x00,0x00,0x00,0xe5,0xd7,
0xf5,0x24,0x02,0x00,0x29,0xb4,0x04,0x24,0x0e,0x06,0x17,0x09,0x20,0x12,0x2f,0x32,
0x00,0x0c,0x41,0x0a,0x00,0x00,0x01,0x00,0x00,0x05,0x00,0x03,0x00,0x19,0x01,0xac,
0x04,0x00,0x01,0x00,0xa2,0x04,0x00,0x01,0xa6,0x04,0x01,0x18,0xa8,0x04,0x02,0x00,
0x0d,0x00,0x00,0xdb,0xe3,0x41,0x1d,0x01,0x00,0x00,0x64,0x01,0x00,0x40,0x20,0x01,
0x00,0x00,0xe5,0xd7,0xf5,0x24,0x02,0x00,0x29,0xb4,0x04,0x27,0x0e,0x06,0x17,0x09,
0x20,0x12,0x2f,0x32,0x00,0x0c,0x41,0x0a,0x00,0x00,0x01,0x00,0x00,0x06,0x00,0x03,
0x00,0x1f,0x01,0xac,0x04,0x00,0x01,0x00,0xa2,0x04,0x00,0x01,0xa6,0x04,0x01,0x18,
0xa8,0x04,0x02,0x00,0x0d,0x00,0x00,0xdb,0xe3,0x41,0x1d,0x01,0x00,0x00,0x64,0x01,
0x00,0x40,0x20,0x01,0x00,0x00,0x04,0x21,0x01,0x00,0x00,0xe5,0xd7,0xf5,0x9c,0x24,
0x02,0x00,0x29,0xb4,0x04,0x2a,0x0e,0x08,0x17,0x09,0x20,0x12,0x43,0x34,0x07,0x16,
0x00,0x0c,0x43,0x0a,0x00,0x00,0x02,0x01,0x02,0x0a,0x00,0x02,0x00,0x5e,0x03,0xc4,
0x04,0x00,0x01,0x00,0xc6,0x04,0x00,0x01,0x00,0xb0,0x04,0x03,0x00,0x03,0xa2,0x04,
0x00,0x01,0xa6,0x04,0x01,0x18,0x6b,0x3b,0x00,0x00,0x00,0xe3,0x41,0x1d,0x01,0x00,
0x00,0x64,0x01,0x00,0x40,0x1d,0x01,0x00,0x00,0x38,0xa7,0x00,0x00,0x00,0x41,0x19,
0x01,0x00,0x00,0xd7,0x07,0xd8,0x11,0xaf,0xf0,0x05,0x0e,0x06,0xf2,0x06,0x40,0x24,
0x01,0x00,0x00,0x11,0xaf,0xf0,0x03,0x0e,0xbc,0x24,0x03,0x00,0x24,0x02,0x00,0x0e,
0x0e,0x29,0xcf,0x6b,0x1f,0x00,0x00,0x00,0xe3,0x41,0x1d,0x01,0x00,0x00,0x64,0x01,
0x00,0x40,0x1d,0x01,0x00,0x00,0x38,0xa2,0x00,0x00,0x00,0xd7,0xf5,0x24,0x02,0x00,
0x0e,0x0e,0x29,0x30,0xb4,0x04,0x2d,0x0c,0x0c,0x1d,0x01,0x20,0x12,0x5c,0x36,0xbd,
0x47,0x20,0x12,0x43,0x26,0x00,0x0c,0x43,0x0a,0x00,0x00,0x01,0x00,0x01,0x05,0x00,
0x02,0x00,0x21,0x01,0xca,0x04,0x00,0x01,0x00,0xa4,0x04,0x00,0x18,0xa2,0x04,0x00,
0x01,0xd7,0x11,0xf1,0x07,0x0e,0x04,0x16,0x00,0x00,0x00,0xdb,0x64,0x00,0x00,0x41,
0x46,0x00,0x00,0x00,0xd7,0xe4,0x41,0x26,0x01,0x00,0x00,0x24,0x00,0x00,0x24,0x02,
0x00,0x29,0xb4,0x04,0x34,0x0d,0x08,0x03,0x07,0x3a,0x00,0x2a,0x16,0x25,0x18,0x00,
0x0c,0x43,0x0a,0x00,0x00,0x01,0x02,0x01,0x0a,0x00,0x03,0x00,0x96,0x01,0x03,0xca,
0x04,0x00,0x01,0x00,0xce,0x04,0x01,0x00,0x30,0xd0,0x04,0x01,0x01,0x30,0xa4,0x04,
0x00,0x18,0xa2,0x04,0x00,0x01,0xa6,0x04,0x01,0x18,0x60,0x01,0x00,0x60,0x00,0x00,
0xd7,0x11,0xf1,0x07,0x0e,0x04,0x16,0x00,0x00,0x00,0xdb,0x64,0x00,0x00,0x41,0x45,
0x00,0x00,0x00,0xd7,0x24,0x01,0x00,0xcf,0x61,0x00,0x00,0xf8,0xf0,0x26,0xe4,0x41,
0x1d,0x01,0x00,0x00,0x64,0x02,0x00,0x40,0x1f,0x01,0x00,0x00,0x04,0x29,0x01,0x00,
0x00,0x41,0x64,0x00,0x00,0x00,0xd7,0x04,0x2a,0x01,0x00,0x00,0x24,0x02,0x00,0x24,
0x02,0x00,0x29,0x64,0x00,0x00,0x41,0x09,0x00,0x00,0x00,0xd7,0x24,0x01,0x00,0x0e,
0xe4,0x41,0x26,0x01,0x00,0x00,0x24,0x00,0x00,0x61,0x00,0x00,0x9d,0xd0,0xe4,0x41,
0x1d,0x01,0x00,0x00,0x64,0x02,0x00,0x40,0x1e,0x01,0x00,0x00,0xc6,0x41,0x64,0x00,
0x00,0x00,0xd7,0x04,0x2b,0x01,0x00,0x00,0x61,0x01,0x00,0x41,0x2c,0x01,0x00,0x00,
0xbd,0x24,0x01,0x00,0x04,0x2d,0x01,0x00,0x00,0x24,0x04,0x00,0x24,0x02,0x00,0x29,
0xb4,0x04,0x38,0x10,0x18,0x21,0x0d,0x62,0x32,0x2b,0x15,0x12,0x17,0x20,0x12,0xa0,
0x15,0x2a,0x1c,0x3a,0x0e,0x11,0x18,0x1c,0x41,0x20,0x12,0x8e,0x44,0x00,0x0c,0x41,
0x0a,0x00,0x00,0x02,0x00,0x01,0x06,0x00,0x03,0x00,0x24,0x02,0xdc,0x04,0x00,0x01,
0x00,0xac,0x04,0x00,0x01,0x00,0xa2,0x04,0x00,0x01,0xa6,0x04,0x01,0x18,0xa8,0x04,
0x02,0x00,0x0d,0x01,0x00,0xdc,0xd7,0x95,0xf0,0x1c,0xe3,0x41,0x1d,0x01,0x00,0x00,
0x64,0x01,0x00,0x40,0x37,0x00,0x00,0x00,0x04,0x2f,0x01,0x00,0x00,0xe5,0xd8,0xf5,
0x9c,0x24,0x02,0x00,0x0e,0x29,0xb4,0x04,0x43,0x0f,0x08,0x2c,0x07,0x20,0x12,0x43,
0x4a,0x07,0x16,0x00,0x0c,0x43,0x0a,0x00,0x00,0x00,0x00,0x00,0x00,0x00,0x00,0x00,
0x01,0x00,0x29,0xb4,0x04,0x48,0x0e,0x00,0x00,0x0c,0x43,0x0a,0x00,0x00,0x01,0x03,
0x01,0x08,0x00,0x02,0x00,0x76,0x04,0xca,0x04,0x00,0x01,0x00,0xe0,0x04,0x01,0x00,
0x30,0xe2,0x04,0x01,0x01,0x30,0x10,0x00,0x01,0x00,0xa2,0x04,0x00,0x01,0xa6,0x04,
0x01,0x18,0x08,0xd1,0x60,0x01,0x00,0x60,0x00,0x00,0xd7,0x11,0xf1,0x07,0x0e,0x04,
0x16,0x00,0x00,0x00,0xdb,0xcd,0x40,0x32,0x01,0x00,0x00,0x11,0xf1,0x12,0x0e,0xcd,
0x38,0xbf,0x00,0x00,0x00,0x11,0x21,0x00,0x00,0x15,0x42,0x32,0x01,0x00,0x00,0xcf,
0x61,0x00,0x00,0x41,0x45,0x00,0x00,0x00,0xd7,0x24,0x01,0x00,0x11,0xf1,0x03,0x0e,
0xba,0xbb,0x9c,0xd0,0x61,0x00,0x00,0x41,0x46,0x00,0x00,0x00,0xd7,0x61,0x01,0x00,
0x24,0x02,0x00,0x0e,0xe3,0x41,0x1d,0x01,0x00,0x00,0x64,0x01,0x00,0x40,0x1e,0x01,
0x00,0x00,0xc6,0x41,0x64,0x00,0x00,0x00,0xd7,0x04,0x2b,0x01,0x00,0x00,0x61,0x01,
0x00,0x24,0x03,0x00,0x24,0x02,0x00,0x29,0xb4,0x04,0x4a,0x0e,0x11,0x2b,0x09,0x71,
0x86,0x01,0x7b,0x51,0x2f,0x1e,0x12,0x51,0x2a,0x16,0x2b,0x15,0x20,0x12,0x00,0x0c,
0x43,0x0a,0x00,0x00,0x01,0x02,0x01,0x03,0x00,0x00,0x00,0x2a,0x03,0xca,0x04,0x00,
0x01,0x00,0xe0,0x04,0x01,0x00,0x30,0x10,0x00,0x01,0x00,0x08,0xd0,0x60,0x00,0x00,
0xd7,0x11,0xf1,0x07,0x0e,0x04,0x16,0x00,0x00,0x00,0xdb,0xcc,0x40,0x32,0x01,0x00,
0x00,0xcf,0x61,0x00,0x00,0xf0,0x0e,0x61,0x00,0x00,0x41,0x09,0x00,0x00,0x00,0xd7,
0x24,0x01,0x00,0x0e,0x29,0xb4,0x04,0x51,0x13,0x06,0x1c,0x13,0x78,0x04,0x2a,0x1c,
0x00,0x0c,0x43,0x0a,0x00,0x00,0x01,0x00,0x01,0x05,0x00,0x02,0x00,0x1c,0x01,0xca,
0x04,0x00,0x01,0x00,0xa2,0x04,0x00,0x01,0xa6,0x04,0x01,0x18,0xe3,0x41,0x1d,0x01,
0x00,0x00,0x64,0x01,0x00,0x40,0x1e,0x01,0x00,0x00,0xd7,0x11,0xf1,0x07,0x0e,0x04,
0x33,0x01,0x00,0x00,0x24,0x02,0x00,0x29,0xb4,0x04,0x58,0x0e,0x04,0x03,0x09,0x20,
0x12,0x00,0x0c,0x43,0x0a,0x00,0x00,0x00,0x00,0x00,0x00,0x00,0x00,0x00,0x01,0x00,
0x29,0xb4,0x04,0x5b,0x11,0x00,0x00,0x0c,0x43,0x0a,0x00,0x00,0x01,0x01,0x01,0x09,
0x00,0x02,0x00,0x4b,0x02,0xe8,0x04,0x00,0x01,0x00,0xb0,0x04,0x03,0x00,0x03,0xa2,
0x04,0x00,0x01,0xa6,0x04,0x01,0x18,0x6b,0x28,0x00,0x00,0x00,0xe3,0x41,0x1d,0x01,
0x00,0x00,0x64,0x01,0x00,0x40,0x1e,0x01,0x00,0x00,0x38,0xa7,0x00,0x00,0x00,0x41,
0x19,0x01,0x00,0x00,0xd7,0x07,0xbc,0x24,0x03,0x00,0x24,0x02,0x00,0x0e,0x0e,0x29,
0xcf,0x6b,0x1f,0x00,0x00,0x00,0xe3,0x41,0x1d,0x01,0x00,0x00,0x64,0x01,0x00,0x40,
0x1e,0x01,0x00,0x00,0x38,0xa2,0x00,0x00,0x00,0xd7,0xf5,0x24,0x02,0x00,0x0e,0x0e,
0x29,0x30,0xb4,0x04,0x5d,0x0e,0x0c,0x1d,0x05,0x20,0x12,0x5c,0x38,0x5e,0x49,0x20,
0x12,0x43,0x28,0x00,0xc5,0x00,0xd1,0x60,0x03,0x00,0x60,0x01,0x00,0x60,0x00,0x00,
0x38,0xbf,0x00,0x00,0x00,0x11,0x21,0x00,0x00,0xcf,0x0b,0xba,0x4b,0x20,0x01,0x00,
0x00,0xbb,0x4b,0x1d,0x01,0x00,0x00,0xbb,0x4b,0x1e,0x01,0x00,0x00,0xbc,0x4b,0x1f,
0x01,0x00,0x00,0xbd,0x4b,0x37,0x00,0x00,0x00,0xd0,0x0b,0xc5,0x01,0x4c,0x1d,0x01,
0x00,0x00,0x4b,0x1d,0x01,0x00,0x00,0xc5,0x02,0x4c,0x1e,0x01,0x00,0x00,0x4b,0x1e,
0x01,0x00,0x00,0xc5,0x03,0x4c,0x1f,0x01,0x00,0x00,0x4b,0x1f,0x01,0x00,0x00,0xc5,
0x04,0x4c,0x37,0x00,0x00,0x00,0x4b,0x37,0x00,0x00,0x00,0xc5,0x05,0x4c,0x20,0x01,
0x00,0x00,0x4b,0x20,0x01,0x00,0x00,0xc5,0x06,0x4c,0x35,0x01,0x00,0x00,0x4b,0x35,
0x01,0x00,0x00,0xc5,0x07,0x4c,0x36,0x01,0x00,0x00,0x4b,0x36,0x01,0x00,0x00,0xc5,
0x08,0x4c,0x37,0x01,0x00,0x00,0x4b,0x37,0x01,0x00,0x00,0xc5,0x09,0x4c,0x38,0x01,
0x00,0x00,0x4b,0x38,0x01,0x00,0x00,0xc5,0x0a,0x4c,0x39,0x01,0x00,0x00,0x4b,0x39,
0x01,0x00,0x00,0xc5,0x0b,0x4c,0x3a,0x01,0x00,0x00,0x4b,0x3a,0x01,0x00,0x00,0xc5,
0x0c,0x4c,0x31,0x01,0x00,0x00,0x4b,0x31,0x01,0x00,0x00,0xc5,0x0d,0x4c,0x3b,0x01,
0x00,0x00,0x4b,0x3b,0x01,0x00,0x00,0xc5,0x0e,0x4c,0x3c,0x01,0x00,0x00,0x4b,0x3c,
0x01,0x00,0x00,0xc5,0x0f,0x4c,0x3d,0x01,0x00,0x00,0x4b,0x3d,0x01,0x00,0x00,0xc5,
0x10,0x4c,0x3e,0x01,0x00,0x00,0x4b,0x3e,0x01,0x00,0x00,0xd2,0x38,0x95,0x00,0x00,
0x00,0x61,0x03,0x00,0x42,0x3f,0x01,0x00,0x00,0x29,0xb4,0x04,0x04,0x03,0x08,0x3f,
0x4a,0x00,0xec,0x01,0xc0,0x01,0x45,0x00,0x0c,0x43,0x0a,0x00,0xe8,0x03,0x01,0x10,
0x01,0x03,0x0c,0x00,0x14,0xcf,0x02,0x11,0xa2,0x04,0x00,0x01,0x40,0x03,0x80,0x05,
0x01,0x00,0x70,0x07,0x82,0x05,0x01,0x01,0x70,0x09,0x84,0x05,0x01,0x02,0x70,0x01,
0x86,0x05,0x00,0x00,0x40,0x08,0x88,0x05,0x01,0x03,0x70,0x02,0x8a,0x05,0x01,0x05,
0x60,0x04,0x8c,0x05,0x00,0x04,0x40,0x06,0x8e,0x05,0x04,0x10,0x30,0xfe,0x01,0x05,
0x08,0x70,0x05,0x8e,0x05,0x01,0x06,0x20,0x90,0x05,0x06,0x10,0x30,0xfe,0x01,0x07,
0x0b,0x70,0x0a,0x90,0x05,0x01,0x0a,0x60,0x00,0x92,0x05,0x08,0x10,0x30,0xfe,0x01,
0x09,0x0e,0x70,0x0b,0x92,0x05,0x01,0x0d,0x20,0x0c,0x43,0x0a,0x00,0x86,0x05,0x01,
0x00,0x01,0x03,0x01,0x02,0x01,0x0e,0x01,0x94,0x05,0x00,0x01,0x40,0x00,0x90,0x05,
0x0c,0x10,0x84,0x05,0x02,0x18,0x0c,0x43,0x0a,0x00,0x00,0x01,0x02,0x01,0x06,0x00,
0x02,0x00,0x8b,0x01,0x03,0x96,0x05,0x00,0x01,0x00,0x98,0x05,0x00,0x00,0x00,0xb0,
0x04,0x09,0x00,0x03,0x94,0x05,0x00,0x01,0x90,0x05,0x00,0x12,0xd7,0x40,0x4d,0x01,
0x00,0x00,0x68,0x83,0x00,0x00,0x00,0xd7,0x40,0x4e,0x01,0x00,0x00,0x41,0x4f,0x01,
0x00,0x00,0xe3,0x40,0x50,0x01,0x00,0x00,0x24,0x01,0x00,0xba,0xa8,0xf0,0x68,0xd7,
0x40,0x51,0x01,0x00,0x00,0x41,0x52,0x01,0x00,0x00,0xe3,0x24,0x01,0x00,0x0e,0xd7,
0x40,0x53,0x01,0x00,0x00,0x95,0xf0,0x4f,0xd7,0x0a,0x42,0x53,0x01,0x00,0x00,0xd7,
0x09,0x42,0x53,0x01,0x00,0x00,0xd7,0x40,0x4d,0x01,0x00,0x00,0xf0,0x39,0xd7,0x40,
0x51,0x01,0x00,0x00,0xef,0xba,0xa7,0xf0,0x2e,0xd7,0x41,0x54,0x01,0x00,0x00,0x24,
0x00,0x00,0xcf,0x6b,0x19,0x00,0x00,0x00,0xd7,0x41,0x55,0x01,0x00,0x00,0x64,0x01,
0x00,0x11,0xcb,0x21,0x01,0x00,0xd7,0x24,0x02,0x00,0x0e,0x0e,0x29,0xd0,0x6b,0x06,
0x00,0x00,0x00,0x0e,0x29,0x30,0x29,0xb4,0x04,0x6e,0x19,0x14,0x71,0x3c,0x2f,0x28,
0x17,0x7f,0x39,0x22,0x4a,0x1d,0x26,0x00,0x71,0x56,0x35,0x2d,0x31,0x1f,0x20,0x22,
0x00,0x64,0x01,0x00,0x41,0x56,0x01,0x00,0x00,0xc5,0x00,0x24,0x01,0x00,0x29,0xb4,
0x04,0x6d,0x05,0x04,0x03,0x04,0x2a,0x24,0x00,0x0c,0x43,0x0a,0x00,0x8c,0x05,0x00,
0x00,0x00,0x02,0x00,0x03,0x00,0x22,0x00,0x88,0x05,0x04,0x18,0xa2,0x04,0x00,0x01,
0x8a,0x05,0x05,0x10,0x64,0x00,0x00,0xf0,0x15,0xe4,0x41,0x57,0x01,0x00,0x00,0x24,
0x00,0x00,0x64,0x02,0x00,0x9d,0x01,0x40,0x42,0x0f,0x00,0x9a,0x28,0xe4,0x41,0x26,
0x01,0x00,0x00,0x25,0x00,0x00,0xb4,0x04,0x84,0x01,0x05,0x08,0x3b,0x22,0x11,0x16,
0x16,0x22,0x45,0x3d,0x00,0x0c,0x42,0x0b,0x01,0x00,0x00,0x01,0x00,0x02,0x00,0x01,
0x00,0x0f,0x01,0x10,0x00,0x01,0x00,0xfe,0x01,0x08,0x18,0x08,0xcf,0x2b,0x64,0x00,
0x00,0x11,0xf0,0x06,0xcb,0x1b,0x24,0x00,0x00,0x29,0xb4,0x04,0x8b,0x01,0x07,0x00,
0x00,0x0c,0x42,0x0b,0x01,0x00,0x00,0x00,0x00,0x01,0x00,0x01,0x00,0x04,0x00,0x8c,
0x05,0x06,0x00,0xe3,0x23,0x00,0x00,0xb4,0x04,0x90,0x01,0x07,0x02,0x08,0x12,0x00,
0x0c,0x42,0x0b,0x01,0x00,0x00,0x00,0x00,0x01,0x00,0x00,0x00,0x02,0x00,0xba,0x28,
0xb4,0x04,0x97,0x01,0x0b,0x00,0x00,0x0c,0x42,0x0b,0x01,0x00,0x02,0x00,0x02,0x05,
0x00,0x03,0x00,0x5a,0x02,0x74,0x00,0x01,0x00,0xc6,0x04,0x00,0x01,0x00,0x80,0x05,
0x00,0x18,0x8c,0x05,0x06,0x00,0x86,0x05,0x03,0x00,0xd7,0x96,0x04,0x4c,0x00,0x00,
0x00,0xae,0x11,0xf1,0x05,0x0e,0xd7,0xc6,0xad,0xf0,0x10,0x38,0xda,0x00,0x00,0x00,
0x11,0x04,0x58,0x01,0x00,0x00,0x21,0x01,0x00,0x30,0x64,0x00,0x00,0x41,0x46,0x00,
0x00,0x00,0xd7,0x0b,0xd7,0x4b,0x3a,0x00,0x00,0x00,0x04,0x59,0x01,0x00,0x00,0x4b,
0x50,0x01,0x00,0x00,0xe4,0xf4,0x4b,0x5a,0x01,0x00,0x00,0xba,0x4b,0x5b,0x01,0x00,
0x00,0x24,0x02,0x00,0x0e,0xe5,0x64,0x00,0x00,0x41,0x45,0x00,0x00,0x00,0xd7,0x24,
0x01,0x00,0xf5,0x29,0xb4,0x04,0x9d,0x01,0x07,0x12,0x08,0x2c,0x3e,0x2a,0x17,0x39,
0x4f,0x17,0x2a,0x14,0x64,0x06,0x55,0x19,0x07,0x18,0x2a,0x14,0x00,0x0c,0x42,0x0b,
0x01,0x00,0x03,0x05,0x03,0x06,0x00,0x04,0x00,0x9e,0x03,0x08,0x74,0x00,0x01,0x00,
0xb8,0x05,0x00,0x01,0x00,0xba,0x05,0x00,0x01,0x00,0xb4,0x05,0x01,0x00,0x20,0xbc,
0x05,0x01,0x01,0x20,0xc6,0x04,0x05,0x02,0x30,0xbe,0x05,0x08,0x02,0x30,0xc0,0x05,
0x0d,0x02,0x30,0x80,0x05,0x00,0x18,0x8c,0x05,0x06,0x00,0x82,0x05,0x01,0x18,0x86,
0x05,0x03,0x00,0x60,0x01,0x00,0x60,0x00,0x00,0xd7,0x96,0x04,0x4c,0x00,0x00,0x00,
0xae,0x11,0xf1,0x05,0x0e,0xd7,0xc6,0xad,0xf0,0x10,0x38,0xda,0x00,0x00,0x00,0x11,
0x04,0x61,0x01,0x00,0x00,0x21,0x01,0x00,0x30,0x06,0xcf,0x06,0xd0,0xd8,0x96,0x04,
0x4d,0x00,0x00,0x00,0xad,0x68,0x95,0x00,0x00,0x00,0xd8,0x07,0xae,0x68,0x8d,0x00,
0x00,0x00,0x60,0x02,0x00,0xd8,0xd1,0x61,0x02,0x00,0x40,0x27,0x01,0x00,0x00,0xf8,
0xf1,0x30,0x64,0x00,0x00,0x41,0x45,0x00,0x00,0x00,0x61,0x02,0x00,0x40,0x27,0x01,
0x00,0x00,0x24,0x01,0x00,0x11,0xaf,0xf0,0x05,0x0e,0x06,0xf2,0x06,0x40,0x5a,0x01,
0x00,0x00,0x11,0xaf,0xf0,0x0d,0x0e,0x61,0x02,0x00,0x40,0x27,0x01,0x00,0x00,0xf2,
0x02,0xba,0x11,0x62,0x00,0x00,0x0e,0x61,0x02,0x00,0x40,0x62,0x01,0x00,0x00,0xf8,
0xf1,0x30,0x64,0x00,0x00,0x41,0x45,0x00,0x00,0x00,0x61,0x02,0x00,0x40,0x62,0x01,
0x00,0x00,0x24,0x01,0x00,0x11,0xaf,0xf0,0x05,0x0e,0x06,0xf2,0x06,0x40,0x5a,0x01,
0x00,0x00,0x11,0xaf,0xf0,0x0e,0x0e,0x61,0x02,0x00,0x40,0x62,0x01,0x00,0x00,0xf2,
0x03,0xe4,0xf4,0x11,0x62,0x01,0x00,0x0e,0xf3,0x9a,0x00,0xd8,0xf0,0x43,0x60,0x03,
0x00,0x64,0x00,0x00,0x41,0x45,0x00,0x00,0x00,0xd8,0x24,0x01,0x00,0xd2,0x61,0x03,
0x00,0x95,0xf0,0x1e,0x38,0xa0,0x00,0x00,0x00,0x11,0x04,0x63,0x01,0x00,0x00,0x41,
0x64,0x00,0x00,0x00,0xd8,0x04,0x64,0x01,0x00,0x00,0x24,0x02,0x00,0x21,0x01,0x00,
0x30,0x61,0x03,0x00,0x40,0x5a,0x01,0x00,0x00,0x11,0x62,0x00,0x00,0x0e,0xf2,0x07,
0xba,0x11,0x62,0x00,0x00,0x0e,0xd9,0xf0,0x44,0x60,0x04,0x00,0x64,0x00,0x00,0x41,
0x45,0x00,0x00,0x00,0xd9,0x24,0x01,0x00,0xc8,0x04,0x61,0x04,0x00,0x95,0xf0,0x1e,
0x38,0xa0,0x00,0x00,0x00,0x11,0x04,0x63,0x01,0x00,0x00,0x41,0x64,0x00,0x00,0x00,
0xd9,0x04,0x64,0x01,0x00,0x00,0x24,0x02,0x00,0x21,0x01,0x00,0x30,0x61,0x04,0x00,
0x40,0x5a,0x01,0x00,0x00,0x11,0x62,0x01,0x00,0x0e,0xf2,0x08,0xe4,0xf4,0x11,0x62,
0x01,0x00,0x0e,0x64,0x02,0x00,0x41,0x52,0x01,0x00,0x00,0x0b,0xd7,0x4b,0x3a,0x00,
0x00,0x00,0x04,0x65,0x01,0x00,0x00,0x4b,0x50,0x01,0x00,0x00,0x61,0x00,0x00,0x4b,
0x5a,0x01,0x00,0x00,0x61,0x01,0x00,0x61,0x00,0x00,0x9d,0x4b,0x5b,0x01,0x00,0x00,
0x24,0x01,0x00,0x0e,0xe6,0x64,0x02,0x00,0x64,0x02,0x00,0xef,0xbb,0x9d,0x46,0xf5,
0x29,0xb4,0x04,0xac,0x01,0x07,0x38,0x26,0x2c,0x3e,0x2a,0x17,0x39,0x69,0x1a,0x43,
0x34,0x40,0x61,0x2a,0x3c,0x39,0x26,0xe4,0x61,0x2a,0x34,0x39,0x26,0xca,0x52,0x78,
0x6d,0x3b,0x21,0x95,0x17,0x4f,0x00,0x69,0x36,0x40,0x1d,0x95,0x17,0x4f,0x00,0x07,
0x14,0x23,0x1b,0x2a,0x12,0x00,0x1c,0x08,0x1a,0x45,0x2b,0x07,0x18,0x25,0x36,0x00,
0x0c,0x42,0x0b,0x01,0x00,0x01,0x00,0x01,0x03,0x00,0x01,0x00,0x1e,0x01,0x74,0x00,
0x01,0x00,0x80,0x05,0x00,0x18,0xd7,0xf0,0x0f,0x64,0x00,0x00,0x41,0x09,0x00,0x00,
0x00,0xd7,0x24,0x01,0x00,0x0e,0x29,0x64,0x00,0x00,0x41,0x3a,0x01,0x00,0x00,0x24,
0x00,0x00,0x0e,0x29,0xb4,0x04,0xd4,0x01,0x07,0x08,0x13,0x08,0x2a,0x1a,0x22,0x19,
0x2a,0x0c,0x00,0x0c,0x42,0x0b,0x01,0x00,0x01,0x01,0x01,0x04,0x00,0x01,0x00,0x48,
0x02,0x74,0x00,0x01,0x00,0xcc,0x05,0x04,0x00,0x20,0x82,0x05,0x01,0x18,0xd7,0xf0,
0x3c,0x60,0x00,0x00,0x64,0x00,0x00,0xef,0xbb,0x9d,0xcf,0x61,0x00,0x00,0xba,0xa8,
0xf0,0x34,0x64,0x00,0x00,0x61,0x00,0x00,0x46,0x40,0x3a,0x00,0x00,0x00,0xd7,0xad,
0xf0,0x11,0x64,0x00,0x00,0x41,0x67,0x01,0x00,0x00,0x61,0x00,0x00,0xbb,0x24,0x02,
0x00,0x0e,0x61,0x00,0x00,0x8f,0x62,0x00,0x00,0x0e,0xf2,0xd0,0x64,0x00,0x00,0xba,
0x42,0x33,0x00,0x00,0x00,0x29,0xb4,0x04,0xde,0x01,0x07,0x0e,0x36,0x46,0x20,0x10,
0x53,0x17,0x17,0x2d,0x2a,0x20,0x00,0x12,0x08,0x27,0x00,0x0c,0x42,0x0b,0x01,0x00,
0x00,0x01,0x00,0x03,0x01,0x02,0x03,0x30,0x01,0xd0,0x05,0x01,0x00,0x70,0x00,0x80,
0x05,0x00,0x18,0x82,0x05,0x01,0x18,0x0c,0x42,0x0b,0x01,0x00,0x01,0x00,0x01,0x05,
0x00,0x01,0x00,0x12,0x01,0x94,0x05,0x00,0x01,0x00,0xd0,0x05,0x00,0x18,0x64,0x00,
0x00,0x41,0x52,0x01,0x00,0x00,0x0b,0xd7,0x07,0x52,0x06,0x0e,0x0e,0x25,0x01,0x00,
0xb4,0x04,0xee,0x01,0x0f,0x02,0x2a,0x34,0x00,0x0c,0x42,0x0b,0x01,0x00,0x01,0x00,
0x01,0x05,0x00,0x01,0x00,0x12,0x01,0x94,0x05,0x00,0x01,0x00,0xd0,0x05,0x00,0x18,
0x64,0x00,0x00,0x41,0x52,0x01,0x00,0x00,0x0b,0xd7,0x07,0x52,0x06,0x0e,0x0e,0x25,
0x01,0x00,0xb4,0x04,0xef,0x01,0x12,0x02,0x2a,0x34,0x00,0x0c,0x42,0x0b,0x01,0x00,
0x02,0x00,0x02,0x02,0x00,0x00,0x00,0x0e,0x02,0xd2,0x05,0x00,0x01,0x00,0xd4,0x05,
0x00,0x01,0x00,0xd7,0x40,0x5a,0x01,0x00,0x00,0xd8,0x40,0x5a,0x01,0x00,0x00,0x9d,
0x28,0xb4,0x04,0xf0,0x01,0x17,0x02,0x20,0x3a,0x00,0x60,0x00,0x00,0x26,0x00,0x00,
0xcf,0x64,0x00,0x00,0x41,0x56,0x01,0x00,0x00,0xc5,0x00,0x24,0x01,0x00,0x0e,0x64,
0x01,0x00,0x41,0x56,0x01,0x00,0x00,0xc5,0x01,0x24,0x01,0x00,0x0e,0x61,0x00,0x00,
0x41,0x6b,0x01,0x00,0x00,0xc5,0x02,0x25,0x01,0x00,0xb4,0x04,0xec,0x01,0x07,0x0a,
0x27,0x04,0x2a,0x0c,0x21,0x0b,0x2a,0x12,0x49,0x0a,0x00,0x0c,0x42,0x0b,0x01,0x00,
0x02,0x01,0x02,0x03,0x02,0x00,0x01,0x15,0x03,0x74,0x00,0x01,0x40,0x00,0xd8,0x05,
0x00,0x01,0x40,0x01,0x10,0x00,0x01,0x00,0x0c,0x42,0x0b,0x01,0x00,0x01,0x00,0x01,
0x02,0x00,0x02,0x00,0x1b,0x01,0x94,0x05,0x00,0x01,0x00,0x74,0x00,0x01,0xd8,0x05,
0x01,0x01,0xd7,0x40,0x3a,0x00,0x00,0x00,0xe3,0xad,0x11,0xf0,0x10,0x0e,0xe4,0x95,
0x11,0xf1,0x0a,0x0e,0xd7,0x40,0x50,0x01,0x00,0x00,0xe4,0xad,0x28,0xb4,0x04,0xf7,
0x01,0x0b,0x04,0x20,0x34,0x5c,0x4c,0x00,0x08,0xcf,0xcb,0x41,0x6d,0x01,0x00,0x00,
0x24,0x00,0x00,0x41,0x6e,0x01,0x00,0x00,0xc5,0x00,0x25,0x01,0x00,0xb4,0x04,0xf5,
0x01,0x07,0x04,0x2b,0x1c,0x2b,0x13,0x00,0x0c,0x42,0x0b,0x01,0x00,0x01,0x01,0x01,
0x03,0x01,0x00,0x01,0x15,0x02,0xd8,0x05,0x00,0x01,0x40,0x00,0x10,0x00,0x01,0x00,
0x0c,0x42,0x0b,0x01,0x00,0x01,0x00,0x01,0x02,0x00,0x01,0x00,0x09,0x01,0x94,0x05,
0x00,0x01,0x00,0xd8,0x05,0x00,0x01,0xd7,0x40,0x50,0x01,0x00,0x00,0xe3,0xad,0x28,
0xb4,0x04,0xfe,0x01,0x22,0x02,0x20,0x4c,0x00,0x08,0xcf,0xcb,0x41,0x6d,0x01,0x00,
0x00,0x24,0x00,0x00,0x41,0x6e,0x01,0x00,0x00,0xc5,0x00,0x25,0x01,0x00,0xb4,0x04,
0xfd,0x01,0x07,0x04,0x2b,0x1c,0x2a,0x1a,0x00,0x0c,0x42,0x0b,0x01,0x00,0x01,0x01,
0x01,0x02,0x00,0x01,0x00,0x17,0x02,0x98,0x05,0x00,0x01,0x00,0x10,0x00,0x01,0x00,
0xfe,0x01,0x0b,0x18,0x08,0xcf,0x2b,0x64,0x00,0x00,0x11,0xf0,0x06,0xcb,0x1b,0x24,
0x00,0x00,0x0e,0xcb,0xd7,0x42,0x6f,0x01,0x00,0x00,0x29,0xb4,0x04,0x84,0x02,0x07,
0x02,0x4e,0x04,0x00,0x0c,0x42,0x0b,0x01,0x00,0x00,0x01,0x00,0x01,0x00,0x00,0x00,
0x09,0x01,0x10,0x00,0x01,0x00,0x08,0xcf,0xcb,0x40,0x6f,0x01,0x00,0x00,0x28,0xb4,
0x04,0x87,0x02,0x07,0x00,0x00,0x0c,0x42,0x0b,0x01,0x00,0x01,0x01,0x01,0x03,0x01,
0x00,0x01,0x12,0x02,0xd8,0x05,0x00,0x01,0x40,0x00,0x10,0x00,0x01,0x00,0x0c,0x43,
0x0a,0x01,0x00,0x01,0x00,0x01,0x02,0x00,0x01,0x00,0x09,0x01,0xb0,0x04,0x00,0x01,
0x00,0xd8,0x05,0x00,0x01,0xd7,0x40,0x50,0x01,0x00,0x00,0xe3,0xad,0x28,0xb4,0x04,
0x8b,0x02,0x25,0x02,0x21,0x05,0x00,0x08,0xcf,0xcb,0x40,0x6f,0x01,0x00,0x00,0x41,
0x6e,0x01,0x00,0x00,0xc5,0x00,0x25,0x01,0x00,0xb4,0x04,0x8a,0x02,0x07,0x02,0x44,
0x3c,0x00,0x0c,0x42,0x0b,0x01,0x00,0x02,0x01,0x02,0x03,0x02,0x00,0x01,0x12,0x03,
0x74,0x00,0x01,0x40,0x00,0xd8,0x05,0x00,0x01,0x40,0x01,0x10,0x00,0x01,0x00,0x0c,
0x43,0x0a,0x01,0x00,0x01,0x00,0x01,0x02,0x00,0x02,0x00,0x1b,0x01,0xb0,0x04,0x00,
0x01,0x00,0x74,0x00,0x01,0xd8,0x05,0x01,0x01,0xd7,0x40,0x3a,0x00,0x00,0x00,0xe3,
0xad,0x11,0xf0,0x10,0x0e,0xe4,0x95,0x11,0xf1,0x0a,0x0e,0xd7,0x40,0x50,0x01,0x00,
0x00,0xe4,0xad,0x28,0xb4,0x04,0x90,0x02,0x25,0x04,0x21,0x0f,0x5c,0x44,0x00,0x08,
0xcf,0xcb,0x40,0x6f,0x01,0x00,0x00,0x41,0x6e,0x01,0x00,0x00,0xc5,0x00,0x25,0x01,
0x00,0xb4,0x04,0x8f,0x02,0x07,0x02,0x44,0x3c,0x00,0x0c,0x42,0x0b,0x01,0x00,0x01,
0x01,0x01,0x02,0x00,0x01,0x00,0x37,0x02,0xaa,0x05,0x00,0x01,0x00,0x10,0x00,0x01,
0x00,0xfe,0x01,0x0e,0x18,0x08,0xcf,0x2b,0x64,0x00,0x00,0x11,0xf0,0x06,0xcb,0x1b,
0x24,0x00,0x00,0x0e,0xcb,0xd7,0x42,0x55,0x01,0x00,0x00,0xcb,0x26,0x00,0x00,0x42,
0x51,0x01,0x00,0x00,0xcb,0x26,0x00,0x00,0x42,0x4e,0x01,0x00,0x00,0xcb,0x09,0x42,
0x4d,0x01,0x00,0x00,0xcb,0x09,0x42,0x53,0x01,0x00,0x00,0x29,0xb4,0x04,0x96,0x02,
0x07,0x0a,0x4e,0x04,0x26,0x00,0x30,0x00,0x30,0x00,0x26,0x00,0x00,0x0c,0x42,0x0b,
0x01,0x00,0x01,0x01,0x01,0x03,0x00,0x01,0x00,0x40,0x02,0xc6,0x04,0x00,0x01,0x00,
0x10,0x00,0x01,0x00,0x84,0x05,0x02,0x18,0x08,0xcf,0xd7,0x95,0x11,0xf1,0x09,0x0e,
0xd7,0x40,0x70,0x01,0x00,0x00,0x95,0xf0,0x10,0x38,0xda,0x00,0x00,0x00,0x11,0x04,
0x71,0x01,0x00,0x00,0x21,0x01,0x00,0x30,0xcb,0x0a,0x42,0x4d,0x01,0x00,0x00,0xcb,
0xd7,0x40,0x70,0x01,0x00,0x00,0x42,0x4e,0x01,0x00,0x00,0x64,0x00,0x00,0x41,0x52,
0x01,0x00,0x00,0xcb,0x24,0x01,0x00,0x29,0xb4,0x04,0x9d,0x02,0x07,0x0a,0x59,0x1c,
0x4f,0x17,0x26,0x00,0x3f,0x00,0x2a,0x1e,0x00,0x0c,0x42,0x0b,0x01,0x00,0x00,0x02,
0x00,0x04,0x00,0x01,0x00,0x32,0x02,0xe4,0x05,0x00,0x00,0x00,0x10,0x00,0x01,0x00,
0x84,0x05,0x02,0x18,0x08,0xd0,0xcc,0x09,0x42,0x4d,0x01,0x00,0x00,0xcc,0x26,0x00,
0x00,0x42,0x51,0x01,0x00,0x00,0x64,0x00,0x00,0x41,0x4f,0x01,0x00,0x00,0xcc,0x24,
0x01,0x00,0xd3,0xba,0xa8,0xf0,0x0f,0x64,0x00,0x00,0x41,0x67,0x01,0x00,0x00,0xcb,
0xbb,0x24,0x02,0x00,0x0e,0x29,0xb4,0x04,0xa5,0x02,0x07,0x0c,0x0d,0x04,0x26,0x00,
0x58,0x38,0x1c,0x21,0x16,0x06,0x2a,0x22,0x00,0x0c,0x42,0x0b,0x01,0x00,0x00,0x02,
0x00,0x02,0x00,0x00,0x00,0x14,0x02,0xe6,0x05,0x00,0x00,0x00,0x10,0x00,0x01,0x00,
0x08,0xd0,0xcc,0x40,0x51,0x01,0x00,0x00,0xcf,0xcc,0x26,0x00,0x00,0x42,0x51,0x01,
0x00,0x00,0xcb,0x28,0xb4,0x04,0xab,0x02,0x07,0x02,0x31,0x04,0x00,0xc5,0x00,0xd2,
0xc5,0x01,0xc8,0x06,0x60,0x0f,0x00,0x60,0x0c,0x00,0x60,0x09,0x00,0x60,0x05,0x00,
0x60,0x04,0x00,0x60,0x02,0x00,0x60,0x01,0x00,0x60,0x00,0x00,0x38,0xbf,0x00,0x00,
0x00,0x11,0x21,0x00,0x00,0xcf,0x26,0x00,0x00,0xd0,0x26,0x00,0x00,0xd1,0xd7,0x40,
0x57,0x01,0x00,0x00,0xfb,0xc8,0x04,0xba,0xc8,0x05,0x61,0x04,0x00,0xf0,0x0f,0xd7,
0x41,0x57,0x01,0x00,0x00,0x24,0x00,0x00,0x11,0x62,0x05,0x00,0x0e,0x60,0x07,0x00,
0x06,0x60,0x08,0x00,0xc4,0x02,0x55,0x47,0x01,0x00,0x00,0x00,0xc5,0x03,0x53,0x74,
0x01,0x00,0x00,0x00,0xc5,0x04,0x53,0x75,0x01,0x00,0x00,0x01,0xc5,0x05,0x53,0x59,
0x01,0x00,0x00,0x00,0xc5,0x06,0x53,0x65,0x01,0x00,0x00,0x00,0xc5,0x07,0x53,0x76,
0x01,0x00,0x00,0x00,0xc5,0x08,0x53,0x77,0x01,0x00,0x00,0x00,0xc5,0x09,0x53,0x6d,
0x01,0x00,0x00,0x00,0xc5,0x0a,0x53,0x78,0x01,0x00,0x00,0x00,0xc5,0x0b,0x53,0x79,
0x01,0x00,0x00,0x00,0x06,0xc8,0x08,0x0e,0xc9,0x07,0x67,0x08,0x00,0xc8,0x09,0x38,
0x95,0x00,0x00,0x00,0x61,0x09,0x00,0x11,0x21,0x00,0x00,0x42,0x7a,0x01,0x00,0x00,
0x38,0x95,0x00,0x00,0x00,0x61,0x09,0x00,0x42,0x47,0x01,0x00,0x00,0x60,0x0a,0x00,
0x06,0x60,0x0b,0x00,0xc4,0x0c,0x55,0x48,0x01,0x00,0x00,0x00,0xc5,0x0d,0x53,0x6d,
0x01,0x00,0x00,0x00,0xc5,0x0e,0x53,0x79,0x01,0x00,0x00,0x00,0xc5,0x0f,0x53,0x78,
0x01,0x00,0x00,0x00,0x06,0xc8,0x0b,0x0e,0xc9,0x0a,0x67,0x0b,0x00,0xc8,0x0c,0x60,
0x0d,0x00,0x06,0x60,0x0e,0x00,0xc4,0x10,0x55,0x49,0x01,0x00,0x00,0x00,0xc5,0x11,
0x53,0x7b,0x01,0x00,0x00,0x00,0xc5,0x12,0x53,0x7c,0x01,0x00,0x00,0x00,0xc5,0x13,
0x53,0x54,0x01,0x00,0x00,0x00,0x06,0xc8,0x0e,0x0e,0xc9,0x0d,0x67,0x0e,0x00,0xc8,
0x0f,0x38,0x95,0x00,0x00,0x00,0x61,0x0f,0x00,0x42,0x49,0x01,0x00,0x00,0x38,0x95,
0x00,0x00,0x00,0x61,0x0c,0x00,0x42,0x48,0x01,0x00,0x00,0x29,0xb4,0x04,0x69,0x03,
0x19,0x9e,0x48,0x00,0x18,0x2a,0x0e,0x3c,0x4d,0x20,0x2a,0x00,0x6a,0xfe,0x01,0x2d,
0x1b,0x3a,0x3f,0x39,0x00,0x71,0x5e,0x00,0x44,0x00,0x00,0x0c,0x43,0x0a,0x00,0xea,
0x03,0x01,0x02,0x01,0x02,0x03,0x00,0x04,0x43,0x03,0xa2,0x04,0x00,0x01,0x40,0x01,
0xfa,0x05,0x01,0x00,0x70,0x00,0xfc,0x05,0x01,0x01,0x60,0x02,0x0c,0x41,0x0a,0x00,
0x00,0x03,0x03,0x02,0x08,0x01,0x02,0x01,0xb3,0x01,0x06,0xaa,0x05,0x00,0x01,0x00,
0xfe,0x05,0x00,0x01,0x00,0xac,0x04,0x00,0x01,0x00,0xd0,0x05,0x01,0x00,0x30,0x80,
0x06,0x01,0x01,0x70,0x00,0x94,0x05,0x01,0x02,0x30,0xfa,0x05,0x00,0x18,0xa2,0x04,
0x00,0x01,0x0c,0x43,0x0a,0x00,0x00,0x00,0x02,0x00,0x05,0x00,0x02,0x00,0x9b,0x01,
0x02,0xb0,0x04,0x01,0x00,0x30,0x82,0x06,0x05,0x01,0x03,0xfa,0x05,0x00,0x1a,0x80,
0x06,0x01,0x18,0x60,0x00,0x00,0x64,0x00,0x00,0x41,0x45,0x00,0x00,0x00,0x64,0x01,
0x00,0x24,0x01,0x00,0xcf,0x61,0x00,0x00,0x68,0x84,0x00,0x00,0x00,0x61,0x00,0x00,
0x40,0x82,0x01,0x00,0x00,0x95,0xf0,0x76,0x64,0x00,0x00,0x41,0x09,0x00,0x00,0x00,
0x64,0x01,0x00,0x24,0x01,0x00,0x0e,0x6b,0x20,0x00,0x00,0x00,0x61,0x00,0x00,0x40,
0x55,0x01,0x00,0x00,0x41,0x62,0x00,0x00,0x00,0x07,0x61,0x00,0x00,0x40,0x16,0x01,
0x00,0x00,0x24,0x02,0x00,0x0e,0x0e,0x29,0xd0,0x6b,0x42,0x00,0x00,0x00,0x38,0x95,
0x00,0x00,0x00,0x40,0x83,0x01,0x00,0x00,0xfb,0xf0,0x10,0x38,0x95,0x00,0x00,0x00,
0x41,0x83,0x01,0x00,0x00,0xcc,0x24,0x01,0x00,0x0e,0x38,0x95,0x00,0x00,0x00,0x40,
0x3f,0x01,0x00,0x00,0xf0,0x15,0x38,0x3f,0x01,0x00,0x00,0x41,0x37,0x00,0x00,0x00,
0x04,0x84,0x01,0x00,0x00,0xcc,0x24,0x02,0x00,0x0e,0x0e,0x29,0x30,0x29,0xb4,0x04,
0xca,0x02,0x1b,0x14,0x3a,0x12,0x86,0x31,0x2a,0x28,0x40,0x23,0x43,0x22,0x9f,0x2a,
0x12,0x47,0x34,0x2e,0x5a,0x2d,0x34,0x10,0x00,0x0d,0x02,0x00,0xdd,0x60,0x02,0x00,
0x60,0x01,0x00,0x60,0x00,0x00,0xd7,0xfb,0xf1,0x10,0x38,0xda,0x00,0x00,0x00,0x11,
0x04,0x85,0x01,0x00,0x00,0x21,0x01,0x00,0x30,0x38,0xa6,0x00,0x00,0x00,0x41,0x86,
0x01,0x00,0x00,0x01,0xff,0xff,0xff,0x7f,0x38,0xa6,0x00,0x00,0x00,0x41,0x87,0x01,
0x00,0x00,0xba,0x38,0xa1,0x00,0x00,0x00,0xd8,0xf5,0x11,0xf1,0x03,0x0e,0xba,0x24,
0x02,0x00,0x24,0x02,0x00,0xdc,0xe4,0x41,0x88,0x01,0x00,0x00,0xd8,0xba,0x24,0x02,
0x00,0xcf,0x61,0x00,0x00,0x40,0x80,0x01,0x00,0x00,0xd0,0x0b,0xd7,0x4b,0x55,0x01,
0x00,0x00,0xd9,0x4b,0x16,0x01,0x00,0x00,0x09,0x4b,0x82,0x01,0x00,0x00,0x09,0x4b,
0x89,0x01,0x00,0x00,0xd8,0x4b,0x7f,0x01,0x00,0x00,0x61,0x01,0x00,0x4b,0x8a,0x01,
0x00,0x00,0xd1,0x64,0x00,0x00,0x41,0x46,0x00,0x00,0x00,0x61,0x01,0x00,0x61,0x02,
0x00,0x24,0x02,0x00,0x0e,0x61,0x00,0x00,0x40,0x8c,0x00,0x00,0x00,0x41,0x89,0x00,
0x00,0x00,0xc5,0x00,0x24,0x01,0x00,0x0e,0x61,0x01,0x00,0x28,0xb4,0x04,0xb9,0x02,
0x1d,0x18,0x49,0x04,0x12,0x17,0x4f,0x17,0x34,0x1a,0x4d,0x2a,0x20,0x1c,0x67,0x21,
0x00,0x37,0x16,0x3d,0x2a,0x22,0x35,0x21,0x43,0x28,0x00,0x0c,0x41,0x0a,0x00,0x00,
0x03,0x04,0x02,0x08,0x03,0x03,0x01,0x99,0x01,0x07,0xaa,0x05,0x00,0x01,0x00,0xfe,
0x05,0x00,0x01,0x40,0x02,0xac,0x04,0x00,0x01,0x00,0x80,0x06,0x01,0x00,0x30,0x94,
0x06,0x01,0x01,0x20,0x94,0x05,0x01,0x02,0x70,0x00,0x96,0x06,0x00,0x00,0x40,0x01,
0xa2,0x04,0x00,0x01,0xfc,0x05,0x01,0x10,0xfa,0x05,0x00,0x18,0x0c,0x43,0x0a,0x00,
0x96,0x06,0x00,0x01,0x00,0x04,0x00,0x04,0x01,0x3d,0x01,0xd0,0x05,0x01,0x00,0x30,
0x94,0x05,0x02,0x18,0x96,0x06,0x03,0x00,0xa2,0x04,0x00,0x02,0xfe,0x05,0x01,0x01,
0x0c,0x43,0x0a,0x00,0x00,0x00,0x01,0x00,0x05,0x00,0x02,0x00,0x82,0x01,0x01,0x82,
0x06,0x04,0x00,0x03,0x94,0x05,0x00,0x1a,0x96,0x06,0x01,0x02,0x64,0x00,0x00,0x40,
0x82,0x01,0x00,0x00,0xf0,0x02,0x29,0x6b,0x21,0x00,0x00,0x00,0x64,0x00,0x00,0x40,
0x55,0x01,0x00,0x00,0x41,0x62,0x00,0x00,0x00,0x07,0x64,0x00,0x00,0x40,0x16,0x01,
0x00,0x00,0x24,0x02,0x00,0x0e,0x0e,0xf2,0x47,0xcf,0x6b,0x43,0x00,0x00,0x00,0x38,
0x95,0x00,0x00,0x00,0x40,0x83,0x01,0x00,0x00,0xfb,0xf0,0x10,0x38,0x95,0x00,0x00,
0x00,0x41,0x83,0x01,0x00,0x00,0xcb,0x24,0x01,0x00,0x0e,0x38,0x95,0x00,0x00,0x00,
0x40,0x3f,0x01,0x00,0x00,0xf0,0x15,0x38,0x3f,0x01,0x00,0x00,0x41,0x37,0x00,0x00,
0x00,0x04,0x8c,0x01,0x00,0x00,0xcb,0x24,0x02,0x00,0x0e,0x0e,0xf2,0x02,0x30,0x64,
0x00,0x00,0x40,0x82,0x01,0x00,0x00,0x95,0xf0,0x04,0xe4,0xf4,0x0e,0x29,0xb4,0x04,
0xf0,0x02,0x1d,0x12,0x55,0x1f,0x43,0x2a,0xa4,0x22,0x12,0x47,0x34,0x2e,0x5a,0x2d,
0x34,0x10,0x00,0x19,0x08,0x13,0x00,0x60,0x00,0x00,0x64,0x00,0x00,0x40,0x82,0x01,
0x00,0x00,0xf0,0x02,0x29,0xe5,0x41,0x88,0x01,0x00,0x00,0xe6,0xba,0x24,0x02,0x00,
0xcf,0x64,0x00,0x00,0x61,0x00,0x00,0x40,0x80,0x01,0x00,0x00,0x42,0x8a,0x01,0x00,
0x00,0x61,0x00,0x00,0x40,0x8c,0x00,0x00,0x00,0x41,0x89,0x00,0x00,0x00,0xc5,0x00,
0x24,0x01,0x00,0x29,0xb4,0x04,0xec,0x02,0x07,0x08,0x68,0x42,0x21,0x3d,0x53,0x00,
0x43,0x28,0x00,0x0d,0x02,0x00,0xdd,0xc5,0x00,0xd2,0x60,0x02,0x00,0x60,0x01,0x00,
0x60,0x00,0x00,0xd7,0xfb,0xf1,0x10,0x38,0xda,0x00,0x00,0x00,0x11,0x04,0x8d,0x01,
0x00,0x00,0x21,0x01,0x00,0x30,0x38,0xa6,0x00,0x00,0x00,0x41,0x86,0x01,0x00,0x00,
0x01,0xff,0xff,0xff,0x7f,0x38,0xa6,0x00,0x00,0x00,0x41,0x87,0x01,0x00,0x00,0xba,
0x38,0xa1,0x00,0x00,0x00,0xd8,0xf5,0x11,0xf1,0x03,0x0e,0xba,0x24,0x02,0x00,0x24,
0x02,0x00,0xdc,0x64,0x01,0x00,0x8f,0x65,0x01,0x00,0xcf,0x07,0xd0,0x0b,0xd7,0x4b,
0x55,0x01,0x00,0x00,0xd9,0x4b,0x16,0x01,0x00,0x00,0x09,0x4b,0x82,0x01,0x00,0x00,
0x0a,0x4b,0x89,0x01,0x00,0x00,0xd8,0x4b,0x7f,0x01,0x00,0x00,0x07,0x4b,0x8a,0x01,
0x00,0x00,0xd1,0x64,0x02,0x00,0x41,0x46,0x00,0x00,0x00,0x61,0x00,0x00,0x61,0x02,
0x00,0x24,0x02,0x00,0x0e,0xce,0xf4,0x0e,0x61,0x00,0x00,0x28,0xb4,0x04,0xdc,0x02,
0x1e,0x16,0x58,0x02,0x12,0x17,0x4f,0x17,0x34,0x1a,0x4d,0x2a,0x20,0x1c,0x00,0x3e,
0x16,0x5f,0x2a,0x22,0x00,0x0a,0x2c,0x21,0x00,0x0c,0x43,0x0a,0x00,0x00,0x01,0x01,
0x01,0x03,0x00,0x02,0x00,0x7c,0x02,0x80,0x06,0x00,0x01,0x00,0x94,0x05,0x01,0x00,
0x30,0xfa,0x05,0x00,0x18,0xa2,0x04,0x00,0x01,0x60,0x00,0x00,0xd7,0xf8,0x11,0xf1,
0x04,0x0e,0xd7,0xf9,0xf0,0x02,0x29,0x64,0x00,0x00,0x41,0x45,0x00,0x00,0x00,0xd7,
0x24,0x01,0x00,0xcf,0x61,0x00,0x00,0xf0,0x5c,0x61,0x00,0x00,0x0a,0x42,0x82,0x01,
0x00,0x00,0x64,0x00,0x00,0x41,0x09,0x00,0x00,0x00,0xd7,0x24,0x01,0x00,0x0e,0x61,
0x00,0x00,0x40,0x8a,0x01,0x00,0x00,0xf9,0xf1,0x20,0x61,0x00,0x00,0x40,0x8a,0x01,
0x00,0x00,0x06,0xae,0xf0,0x14,0xe4,0x41,0x8e,0x01,0x00,0x00,0x61,0x00,0x00,0x40,
0x8a,0x01,0x00,0x00,0x24,0x01,0x00,0x0e,0x29,0x61,0x00,0x00,0x40,0x89,0x01,0x00,
0x00,0x95,0xf0,0x11,0xd7,0xba,0xa7,0xf0,0x0c,0xe4,0x41,0x8e,0x01,0x00,0x00,0xd7,
0x24,0x01,0x00,0x0e,0x29,0xb4,0x04,0x84,0x03,0x1f,0x1a,0x17,0x11,0x20,0x2a,0x3f,
0x09,0x36,0x39,0x30,0x00,0x2a,0x28,0x44,0x16,0x39,0x46,0x17,0x7f,0x20,0x1e,0x80,
0x30,0x17,0x4d,0x20,0x1e,0x00,0x0c,0x43,0x0a,0x00,0x00,0x01,0x00,0x01,0x03,0x00,
0x00,0x00,0x0f,0x01,0x80,0x06,0x00,0x01,0x00,0x38,0x95,0x00,0x00,0x00,0x41,0x8f,
0x01,0x00,0x00,0xd7,0x24,0x01,0x00,0x29,0xb4,0x04,0x91,0x03,0x20,0x04,0x03,0x31,
0x34,0x30,0x00,0x60,0x01,0x00,0x60,0x00,0x00,0x38,0xbf,0x00,0x00,0x00,0x11,0x21,
0x00,0x00,0xcf,0xb9,0xd0,0x38,0x95,0x00,0x00,0x00,0xc5,0x00,0x42,0x90,0x01,0x00,
0x00,0x38,0x95,0x00,0x00,0x00,0xc5,0x01,0x42,0x91,0x01,0x00,0x00,0x38,0x95,0x00,
0x00,0x00,0xc5,0x02,0x42,0x8f,0x01,0x00,0x00,0x38,0x95,0x00,0x00,0x00,0xc5,0x03,
0x42,0x92,0x01,0x00,0x00,0x29,0xb4,0x04,0xb6,0x02,0x03,0x10,0x21,0x56,0x40,0x51,
0x00,0x0c,0x46,0x00,0x00,0x0c,0x50,0x00,0x00,0x0c,0x1a,0x00,0x00,0x0c,0x43,0x0a,
0x00,0xec,0x03,0x00,0x0b,0x00,0x04,0x06,0x00,0x1c,0xc9,0x03,0x0b,0xa6,0x06,0x00,
0x00,0x40,0x05,0xa8,0x06,0x02,0x0a,0x70,0x01,0xfe,0x01,0x03,0x02,0x70,0x00,0xa8,
0x06,0x01,0x00,0x60,0x04,0xaa,0x06,0x04,0x0a,0x30,0xfe,0x01,0x05,0x05,0x70,0x02,
0xaa,0x06,0x01,0x04,0x20,0xac,0x06,0x06,0x0a,0x30,0xfe,0x01,0x07,0x08,0x70,0x03,
0xac,0x06,0x01,0x07,0x20,0xae,0x06,0x00,0x01,0x00,0x0c,0x42,0x0b,0x01,0x00,0x02,
0x01,0x02,0x03,0x00,0x02,0x00,0xb1,0x01,0x03,0xd8,0x05,0x00,0x01,0x00,0xc6,0x04,
0x00,0x01,0x00,0x10,0x00,0x01,0x00,0xfe,0x01,0x02,0x18,0xa8,0x06,0x01,0x18,0x08,
0xcf,0x2b,0x64,0x00,0x00,0x11,0xf0,0x06,0xcb,0x1b,0x24,0x00,0x00,0x0e,0x38,0xa2,
0x00,0x00,0x00,0xd7,0xf5,0xdb,0xcb,0xd7,0x42,0x98,0x01,0x00,0x00,0xcb,0xd8,0x11,
0xaf,0xf0,0x05,0x0e,0x06,0xf2,0x06,0x40,0x99,0x01,0x00,0x00,0x11,0xaf,0xf0,0x03,
0x0e,0x09,0x42,0x9a,0x01,0x00,0x00,0xcb,0xd8,0x11,0xaf,0xf0,0x05,0x0e,0x06,0xf2,
0x06,0x40,0x9b,0x01,0x00,0x00,0x11,0xaf,0xf0,0x03,0x0e,0x09,0x42,0x9c,0x01,0x00,
0x00,0xcb,0xd8,0x11,0xaf,0xf0,0x05,0x0e,0x06,0xf2,0x06,0x40,0x9d,0x01,0x00,0x00,
0x11,0xaf,0xf0,0x03,0x0e,0x09,0x42,0x9e,0x01,0x00,0x00,0xcb,0x09,0x42,0x9f,0x01,
0x00,0x00,0xcb,0x09,0x42,0xa0,0x01,0x00,0x00,0xcb,0x09,0x42,0xa1,0x01,0x00,0x00,
0xcb,0x07,0x42,0xa2,0x01,0x00,0x00,0xcb,0x07,0x42,0xa3,0x01,0x00,0x00,0xcb,0x64,
0x01,0x00,0x40,0xa4,0x01,0x00,0x00,0x42,0xa5,0x01,0x00,0x00,0xcb,0x38,0xa8,0x00,
0x00,0x00,0x41,0x74,0x01,0x00,0x00,0x24,0x00,0x00,0x42,0xa6,0x01,0x00,0x00,0x29,
0xb4,0x04,0x9a,0x03,0x07,0x1c,0x4e,0x04,0x1b,0x1c,0x12,0x1b,0x26,0x00,0x85,0x00,
0x85,0x00,0x85,0x00,0x26,0x00,0x26,0x00,0x26,0x00,0x26,0x00,0x26,0x00,0x49,0x00,
0x39,0x2e,0x00,0x0c,0x42,0x0b,0x01,0x00,0x00,0x01,0x00,0x01,0x00,0x00,0x00,0x09,
0x01,0x10,0x00,0x01,0x00,0x08,0xcf,0xcb,0x40,0x98,0x01,0x00,0x00,0x28,0xb4,0x04,
0xa8,0x03,0x0b,0x00,0x00,0x0c,0x42,0x0b,0x01,0x00,0x00,0x01,0x00,0x01,0x00,0x00,
0x00,0x09,0x01,0x10,0x00,0x01,0x00,0x08,0xcf,0xcb,0x40,0x9a,0x01,0x00,0x00,0x28,
0xb4,0x04,0xab,0x03,0x0b,0x00,0x00,0x0c,0x42,0x0b,0x01,0x00,0x00,0x01,0x00,0x01,
0x00,0x00,0x00,0x09,0x01,0x10,0x00,0x01,0x00,0x08,0xcf,0xcb,0x40,0x9c,0x01,0x00,
0x00,0x28,0xb4,0x04,0xae,0x03,0x0b,0x00,0x00,0x0c,0x42,0x0b,0x01,0x00,0x00,0x01,
0x00,0x01,0x00,0x00,0x00,0x09,0x01,0x10,0x00,0x01,0x00,0x08,0xcf,0xcb,0x40,0x9e,
0x01,0x00,0x00,0x28,0xb4,0x04,0xb1,0x03,0x0b,0x00,0x00,0x0c,0x42,0x0b,0x01,0x00,
0x00,0x01,0x00,0x01,0x00,0x00,0x00,0x09,0x01,0x10,0x00,0x01,0x00,0x08,0xcf,0xcb,
0x40,0x9f,0x01,0x00,0x00,0x28,0xb4,0x04,0xb4,0x03,0x0b,0x00,0x00,0x0c,0x42,0x0b,
0x01,0x00,0x00,0x01,0x00,0x01,0x00,0x00,0x00,0x09,0x01,0x10,0x00,0x01,0x00,0x08,
0xcf,0xcb,0x40,0xa2,0x01,0x00,0x00,0x28,0xb4,0x04,0xb7,0x03,0x0b,0x00,0x00,0x0c,
0x42,0x0b,0x01,0x00,0x00,0x01,0x00,0x01,0x00,0x00,0x00,0x09,0x01,0x10,0x00,0x01,
0x00,0x08,0xcf,0xcb,0x40,0xa3,0x01,0x00,0x00,0x28,0xb4,0x04,0xba,0x03,0x0b,0x00,
0x00,0x0c,0x42,0x0b,0x01,0x00,0x00,0x01,0x00,0x01,0x00,0x00,0x00,0x09,0x01,0x10,
0x00,0x01,0x00,0x08,0xcf,0xcb,0x40,0xa5,0x01,0x00,0x00,0x28,0xb4,0x04,0xbd,0x03,
0x0b,0x00,0x00,0x0c,0x42,0x0b,0x01,0x00,0x00,0x01,0x00,0x01,0x00,0x00,0x00,0x09,
0x01,0x10,0x00,0x01,0x00,0x08,0xcf,0xcb,0x40,0xa6,0x01,0x00,0x00,0x28,0xb4,0x04,
0xc0,0x03,0x0b,0x00,0x00,0x0c,0x42,0x0b,0x01,0x00,0x00,0x00,0x00,0x01,0x00,0x01,
0x00,0x09,0x00,0xa8,0x06,0x01,0x18,0x64,0x00,0x00,0x40,0xa4,0x01,0x00,0x00,0x28,
0xb4,0x04,0xc3,0x03,0x0b,0x00,0x00,0x0c,0x42,0x0b,0x01,0x00,0x00,0x00,0x00,0x01,
0x00,0x01,0x00,0x09,0x00,0xa8,0x06,0x01,0x18,0x64,0x00,0x00,0x40,0xa7,0x01,0x00,
0x00,0x28,0xb4,0x04,0xc6,0x03,0x0b,0x00,0x00,0x0c,0x42,0x0b,0x01,0x00,0x00,0x00,
0x00,0x01,0x00,0x01,0x00,0x09,0x00,0xa8,0x06,0x01,0x18,0x64,0x00,0x00,0x40,0xa8,
0x01,0x00,0x00,0x28,0xb4,0x04,0xc9,0x03,0x0b,0x00,0x00,0x0c,0x42,0x0b,0x01,0x00,
0x00,0x00,0x00,0x01,0x00,0x01,0x00,0x09,0x00,0xa8,0x06,0x01,0x18,0x64,0x00,0x00,
0x40,0xa9,0x01,0x00,0x00,0x28,0xb4,0x04,0xcc,0x03,0x0b,0x00,0x00,0x0c,0x42,0x0b,
0x01,0x00,0x00,0x01,0x00,0x02,0x00,0x00,0x00,0x12,0x01,0x10,0x00,0x01,0x00,0x08,
0xcf,0xcb,0x40,0x9c,0x01,0x00,0x00,0xf0,0x08,0xcb,0x0a,0x42,0x9f,0x01,0x00,0x00,
0x29,0xb4,0x04,0xcf,0x03,0x07,0x02,0x36,0x08,0x00,0x0c,0x42,0x0b,0x01,0x00,0x00,
0x01,0x00,0x02,0x00,0x00,0x00,0x0a,0x01,0x10,0x00,0x01,0x00,0x08,0xcf,0xcb,0x0a,
0x42,0xa0,0x01,0x00,0x00,0x29,0xb4,0x04,0xd4,0x03,0x07,0x02,0x0d,0x04,0x00,0x0c,
0x42,0x0b,0x01,0x00,0x00,0x01,0x00,0x02,0x00,0x00,0x00,0x11,0x01,0x10,0x00,0x01,
0x00,0x08,0xcf,0xcb,0x0a,0x42,0xa0,0x01,0x00,0x00,0xcb,0x0a,0x42,0xa1,0x01,0x00,
0x00,0x29,0xb4,0x04,0xd7,0x03,0x07,0x04,0x0d,0x04,0x26,0x00,0x00,0x0c,0x42,0x0b,
0x01,0x00,0x03,0x01,0x03,0x02,0x00,0x00,0x00,0x2d,0x04,0xd8,0x05,0x00,0x01,0x00,
0xb2,0x06,0x00,0x01,0x00,0xb6,0x06,0x00,0x01,0x00,0x10,0x00,0x01,0x00,0x08,0xcf,
0xcb,0xd7,0x42,0x98,0x01,0x00,0x00,0xcb,0xd8,0x42,0x9a,0x01,0x00,0x00,0xcb,0xd9,
0x42,0x9c,0x01,0x00,0x00,0xcb,0x09,0x42,0x9f,0x01,0x00,0x00,0xcb,0x09,0x42,0xa0,
0x01,0x00,0x00,0xcb,0x09,0x42,0xa1,0x01,0x00,0x00,0x29,0xb4,0x04,0xdc,0x03,0x07,
0x0c,0x0d,0x04,0x26,0x00,0x26,0x00,0x26,0x00,0x26,0x00,0x26,0x00,0x00,0x0c,0x42,
0x0b,0x01,0x00,0x01,0x01,0x01,0x02,0x00,0x00,0x00,0x0a,0x02,0xbc,0x01,0x00,0x01,
0x00,0x10,0x00,0x01,0x00,0x08,0xcf,0xcb,0xd7,0x42,0xa2,0x01,0x00,0x00,0x29,0xb4,
0x04,0xe4,0x03,0x07,0x02,0x0d,0x04,0x00,0x0c,0x42,0x0b,0x01,0x00,0x01,0x01,0x01,
0x02,0x00,0x00,0x00,0x0a,0x02,0xbc,0x01,0x00,0x01,0x00,0x10,0x00,0x01,0x00,0x08,
0xcf,0xcb,0xd7,0x42,0xa3,0x01,0x00,0x00,0x29,0xb4,0x04,0xe7,0x03,0x07,0x02,0x0d,
0x04,0x00,0x0c,0x42,0x0b,0x01,0x00,0x01,0x01,0x01,0x02,0x00,0x00,0x00,0x0a,0x02,
0xd4,0x06,0x00,0x01,0x00,0x10,0x00,0x01,0x00,0x08,0xcf,0xcb,0xd7,0x42,0xa5,0x01,
0x00,0x00,0x29,0xb4,0x04,0xea,0x03,0x07,0x02,0x0d,0x04,0x00,0x0c,0x42,0x0b,0x01,
0x00,0x00,0x03,0x00,0x03,0x00,0x00,0x00,0x54,0x03,0xd6,0x06,0x01,0x00,0x30,0xbc,
0x01,0x01,0x01,0x20,0x10,0x00,0x01,0x00,0x08,0xd1,0x60,0x01,0x00,0x60,0x00,0x00,
0xcd,0x40,0xa5,0x01,0x00,0x00,0xba,0xad,0xf0,0x05,0x26,0x00,0x00,0x28,0x26,0x00,
0x00,0xcf,0xcd,0x40,0xa2,0x01,0x00,0x00,0xd0,0x61,0x01,0x00,0xf0,0x2b,0x61,0x00,
0x00,0x41,0x52,0x01,0x00,0x00,0x61,0x01,0x00,0x24,0x01,0x00,0x0e,0x61,0x01,0x00,
0x41,0xac,0x01,0x00,0x00,0x11,0xaf,0xf0,0x06,0x0e,0x0e,0x06,0xf2,0x04,0x24,0x00,
0x00,0x11,0x62,0x01,0x00,0x0e,0xf2,0xd2,0x61,0x00,0x00,0x28,0xb4,0x04,0xed,0x03,
0x07,0x0c,0x49,0x36,0x00,0x18,0x08,0x2d,0x2a,0x14,0x26,0x13,0x2a,0x20,0x00,0x0c,
0xc6,0x0b,0x01,0x00,0x02,0x03,0x02,0x04,0x00,0x01,0x00,0x45,0x05,0xd8,0x05,0x00,
0x01,0x00,0xc6,0x04,0x00,0x01,0x00,0xf6,0x01,0x00,0x01,0x00,0xf4,0x01,0x00,0x01,
0x00,0x10,0x00,0x01,0x20,0xfe,0x01,0x05,0x18,0x0c,0x02,0xcf,0x0c,0x03,0xd0,0x60,
0x02,0x00,0x2b,0xcb,0x35,0xcc,0xd7,0xd8,0x21,0x02,0x00,0x11,0x63,0x02,0x00,0x64,
0x00,0x00,0x11,0xf0,0x08,0x61,0x02,0x00,0x1b,0x24,0x00,0x00,0x0e,0x0e,0x61,0x02,
0x00,0xd8,0x11,0xaf,0xf0,0x05,0x0e,0x06,0xf2,0x06,0x40,0xad,0x01,0x00,0x00,0x11,
0xaf,0xf0,0x03,0x0e,0x07,0x42,0xae,0x01,0x00,0x00,0x61,0x02,0x00,0x28,0xb4,0x04,
0xfd,0x03,0x07,0x04,0x35,0x04,0x8a,0x00,0x00,0x0c,0x42,0x0b,0x01,0x00,0x00,0x01,
0x00,0x01,0x00,0x00,0x00,0x09,0x01,0x10,0x00,0x01,0x00,0x08,0xcf,0xcb,0x40,0xae,
0x01,0x00,0x00,0x28,0xb4,0x04,0x81,0x04,0x0b,0x00,0x00,0x0c,0x42,0x0b,0x01,0x00,
0x00,0x01,0x00,0x03,0x00,0x01,0x00,0x2e,0x01,0x10,0x00,0x01,0x00,0xfe,0x01,0x08,
0x18,0x08,0xcf,0x2b,0x64,0x00,0x00,0x11,0xf0,0x06,0xcb,0x1b,0x24,0x00,0x00,0x0e,
0xcb,0x38,0xbf,0x00,0x00,0x00,0x11,0x21,0x00,0x00,0x42,0xaf,0x01,0x00,0x00,0xcb,
0x38,0xc0,0x00,0x00,0x00,0x11,0x21,0x00,0x00,0x42,0xb0,0x01,0x00,0x00,0x29,0xb4,
0x04,0x86,0x04,0x07,0x08,0x4e,0x04,0x07,0x4c,0x49,0x4b,0x07,0x54,0x00,0x0c,0x42,
0x0b,0x01,0x00,0x03,0x07,0x03,0x05,0x00,0x00,0x00,0xc2,0x02,0x0a,0xd8,0x05,0x00,
0x01,0x00,0xaa,0x05,0x00,0x01,0x00,0xc6,0x04,0x00,0x01,0x00,0xe2,0x06,0x01,0x00,
0x20,0xe4,0x06,0x01,0x01,0x20,0xe6,0x06,0x01,0x02,0x20,0xe8,0x06,0x01,0x03,0x30,
0xea,0x06,0x01,0x04,0x30,0x94,0x05,0x0e,0x05,0x30,0x10,0x00,0x01,0x00,0x08,0xc8,
0x06,0x60,0x04,0x00,0x60,0x03,0x00,0x60,0x02,0x00,0x60,0x01,0x00,0x60,0x00,0x00,
0xd7,0x96,0x04,0x4c,0x00,0x00,0x00,0xae,0xf0,0x10,0x38,0xda,0x00,0x00,0x00,0x11,
0x04,0xb6,0x01,0x00,0x00,0x21,0x01,0x00,0x30,0xd8,0xf9,0x11,0xf1,0x04,0x0e,0xd8,
0xf8,0xf0,0x02,0x29,0xd8,0xfb,0xf1,0x1a,0xd8,0x96,0x04,0x4d,0x00,0x00,0x00,0xae,
0xf0,0x10,0x38,0xda,0x00,0x00,0x00,0x11,0x04,0xb7,0x01,0x00,0x00,0x21,0x01,0x00,
0x30,0x09,0xcf,0x09,0xd0,0x09,0xd1,0xd9,0x96,0x04,0x4b,0x00,0x00,0x00,0xad,0xf0,
0x09,0xd9,0x11,0x62,0x00,0x00,0x0e,0xf2,0x43,0xd9,0x96,0x04,0x4d,0x00,0x00,0x00,
0xad,0xf0,0x39,0xd9,0x07,0xae,0xf0,0x34,0xd9,0x40,0xb1,0x01,0x00,0x00,0x11,0xaf,
0xf0,0x03,0x0e,0x09,0x11,0x62,0x00,0x00,0x0e,0xd9,0x40,0xb2,0x01,0x00,0x00,0x11,
0xaf,0xf0,0x03,0x0e,0x09,0x11,0x62,0x01,0x00,0x0e,0xd9,0x40,0xb3,0x01,0x00,0x00,
0x11,0xaf,0xf0,0x03,0x0e,0x09,0x11,0x62,0x02,0x00,0x0e,0xd7,0x61,0x00,0x00,0xf0,
0x08,0x04,0xb8,0x01,0x00,0x00,0xf2,0x02,0xc6,0x9c,0xd2,0xc7,0x06,0x40,0xaf,0x01,
0x00,0x00,0x41,0x6b,0x00,0x00,0x00,0x61,0x03,0x00,0x24,0x01,0x00,0x95,0xf0,0x17,
0xc7,0x06,0x40,0xaf,0x01,0x00,0x00,0x41,0x46,0x00,0x00,0x00,0x61,0x03,0x00,0x26,
0x00,0x00,0x24,0x02,0x00,0x0e,0xc7,0x06,0x40,0xaf,0x01,0x00,0x00,0x41,0x45,0x00,
0x00,0x00,0x61,0x03,0x00,0x24,0x01,0x00,0xc8,0x04,0x60,0x05,0x00,0x61,0x04,0x00,
0x7e,0xf2,0x15,0xc8,0x05,0x61,0x05,0x00,0x40,0x55,0x01,0x00,0x00,0xd8,0xad,0xf0,
0x07,0x06,0x6e,0x1e,0x06,0x83,0x28,0x81,0x00,0xf0,0xe9,0x0e,0x83,0x61,0x04,0x00,
0x41,0x52,0x01,0x00,0x00,0x0b,0xd8,0x4b,0x55,0x01,0x00,0x00,0x61,0x01,0x00,0x4b,
0xb2,0x01,0x00,0x00,0x61,0x02,0x00,0x4b,0xb3,0x01,0x00,0x00,0x24,0x01,0x00,0x29,
0xb4,0x04,0x8a,0x04,0x07,0x32,0x62,0x2c,0x30,0x0f,0x54,0x0a,0x20,0x2a,0x1e,0x1b,
0x16,0x44,0x30,0x5b,0x00,0x16,0x0a,0x16,0x30,0x29,0x30,0x38,0x34,0x30,0x17,0x67,
0x58,0x00,0x58,0x00,0x5e,0x22,0x8a,0x0c,0x30,0x2d,0x3e,0x28,0x72,0x26,0x8b,0x1f,
0x4c,0x31,0x00,0x01,0x0a,0x00,0x2a,0x1a,0x00,0x0c,0x42,0x0b,0x01,0x00,0x03,0x05,
0x03,0x04,0x00,0x00,0x00,0xc8,0x01,0x08,0xd8,0x05,0x00,0x01,0x00,0xaa,0x05,0x00,
0x01,0x00,0xc6,0x04,0x00,0x01,0x00,0xe2,0x06,0x01,0x00,0x20,0xe8,0x06,0x01,0x01,
0x30,0xea,0x06,0x01,0x02,0x30,0xcc,0x05,0x0b,0x03,0x20,0x10,0x00,0x01,0x00,0x08,
0xc8,0x04,0x60,0x02,0x00,0x60,0x01,0x00,0x60,0x00,0x00,0xd7,0x96,0x04,0x4c,0x00,
0x00,0x00,0xae,0xf0,0x10,0x38,0xda,0x00,0x00,0x00,0x11,0x04,0xb6,0x01,0x00,0x00,
0x21,0x01,0x00,0x30,0xd8,0xf9,0x11,0xf1,0x04,0x0e,0xd8,0xf8,0xf0,0x02,0x29,0x09,
0xcf,0xd9,0x96,0x04,0x4b,0x00,0x00,0x00,0xad,0xf0,0x09,0xd9,0x11,0x62,0x00,0x00,
0x0e,0xf2,0x21,0xd9,0x96,0x04,0x4d,0x00,0x00,0x00,0xad,0xf0,0x17,0xd9,0x07,0xae,
0xf0,0x12,0xd9,0x40,0xb1,0x01,0x00,0x00,0x11,0xaf,0xf0,0x03,0x0e,0x09,0x11,0x62,
0x00,0x00,0x0e,0xd7,0x61,0x00,0x00,0xf0,0x08,0x04,0xb8,0x01,0x00,0x00,0xf2,0x02,
0xc6,0x9c,0xd0,0xc7,0x04,0x40,0xaf,0x01,0x00,0x00,0x41,0x45,0x00,0x00,0x00,0x61,
0x01,0x00,0x24,0x01,0x00,0xd1,0x61,0x02,0x00,0x95,0xf0,0x02,0x29,0x60,0x03,0x00,
0xba,0xd2,0x61,0x03,0x00,0x61,0x02,0x00,0xef,0xa5,0xf0,0x2b,0x61,0x02,0x00,0x61,
0x03,0x00,0x46,0x40,0x55,0x01,0x00,0x00,0xd8,0xad,0xf0,0x11,0x61,0x02,0x00,0x41,
0x67,0x01,0x00,0x00,0x61,0x03,0x00,0xbb,0x24,0x02,0x00,0x29,0x61,0x03,0x00,0x90,
0x62,0x03,0x00,0x0e,0xf2,0xcd,0x29,0xb4,0x04,0xae,0x04,0x07,0x20,0x44,0x2c,0x30,
0x0f,0x54,0x0a,0x20,0x2a,0x00,0x07,0x08,0x1d,0x30,0x29,0x30,0x38,0x34,0x30,0x17,
0x67,0x5e,0x22,0x8a,0x2c,0x72,0x29,0x62,0x1e,0x17,0x3d,0x2a,0x28,0x00,0x0c,0x42,
0x0b,0x01,0x00,0x01,0x0d,0x01,0x0b,0x00,0x02,0x00,0x9d,0x04,0x0e,0xf2,0x06,0x00,
0x01,0x00,0xf4,0x06,0x01,0x00,0x30,0xf6,0x06,0x01,0x01,0x30,0xf8,0x06,0x01,0x02,
0x30,0xe8,0x06,0x04,0x03,0x30,0xea,0x06,0x05,0x04,0x30,0xfa,0x06,0x05,0x05,0x30,
0x94,0x05,0x07,0x06,0x30,0xaa,0x05,0x0a,0x07,0x30,0x82,0x06,0x0d,0x07,0x03,0x94,
0x05,0x18,0x03,0x30,0xfc,0x06,0x18,0x0a,0x30,0xe4,0x05,0x19,0x0b,0x30,0x10,0x00,
0x01,0x00,0xa8,0x06,0x03,0x10,0xa6,0x06,0x00,0x00,0x08,0xc8,0x0c,0x60,0x02,0x00,
0x60,0x01,0x00,0x60,0x00,0x00,0xd7,0x95,0x11,0xf1,0x0f,0x0e,0xd7,0x40,0x6c,0x01,
0x00,0x00,0x96,0x04,0x4c,0x00,0x00,0x00,0xae,0xf0,0x10,0x38,0xda,0x00,0x00,0x00,
0x11,0x04,0xbf,0x01,0x00,0x00,0x21,0x01,0x00,0x30,0xd7,0x41,0xc0,0x01,0x00,0x00,
0xc7,0x0c,0x24,0x01,0x00,0x0e,0xd7,0x41,0xc1,0x01,0x00,0x00,0xc7,0x0c,0x24,0x01,
0x00,0x0e,0xd7,0x41,0xc2,0x01,0x00,0x00,0x64,0x00,0x00,0x40,0xa8,0x01,0x00,0x00,
0x24,0x01,0x00,0x0e,0xd7,0x40,0x6c,0x01,0x00,0x00,0x04,0xb8,0x01,0x00,0x00,0x9c,
0xcf,0xd7,0x40,0x6c,0x01,0x00,0x00,0xd0,0x26,0x00,0x00,0xd1,0x60,0x03,0x00,0x61,
0x00,0x00,0x61,0x01,0x00,0x26,0x02,0x00,0x7e,0xf3,0x2a,0x01,0xd2,0x60,0x05,0x00,
0x60,0x04,0x00,0xc7,0x0c,0x40,0xaf,0x01,0x00,0x00,0x41,0x45,0x00,0x00,0x00,0x61,
0x03,0x00,0x24,0x01,0x00,0xc8,0x04,0x61,0x04,0x00,0x95,0x69,0x08,0x01,0x00,0x00,
0x61,0x04,0x00,0x41,0xc3,0x01,0x00,0x00,0x24,0x00,0x00,0xc8,0x05,0x60,0x06,0x00,
0x61,0x05,0x00,0x7e,0xf3,0xe6,0x00,0xc8,0x06,0xd7,0x40,0xa1,0x01,0x00,0x00,0x69,
0xe3,0x00,0x00,0x00,0x6b,0x43,0x00,0x00,0x00,0x60,0x07,0x00,0x61,0x06,0x00,0x40,
0x55,0x01,0x00,0x00,0xfb,0xf0,0x0b,0x61,0x06,0x00,0x40,0x55,0x01,0x00,0x00,0xf2,
0x0e,0x61,0x06,0x00,0x40,0x55,0x01,0x00,0x00,0x40,0xc4,0x01,0x00,0x00,0xc8,0x07,
0x61,0x07,0x00,0xfb,0xf0,0x10,0x61,0x07,0x00,0x41,0xc5,0x01,0x00,0x00,0xc7,0x0c,
0xd7,0x24,0x02,0x00,0x0e,0x0e,0xf2,0x6d,0xc8,0x08,0x6b,0x68,0x00,0x00,0x00,0xe4,
0xbf,0xa5,0xf0,0x3c,0x38,0x95,0x00,0x00,0x00,0x40,0x83,0x01,0x00,0x00,0xfb,0xf0,
0x2f,0xe4,0x8e,0xe8,0x6b,0x1e,0x00,0x00,0x00,0x38,0x95,0x00,0x00,0x00,0x41,0x83,
0x01,0x00,0x00,0xc7,0x08,0x24,0x01,0x00,0x0e,0x0e,0x06,0x6c,0x0d,0x00,0x00,0x00,
0x0e,0xf2,0x2e,0x6c,0x05,0x00,0x00,0x00,0x30,0xe4,0x8d,0xe8,0x6d,0xf2,0x22,0x38,
0x95,0x00,0x00,0x00,0x40,0x3f,0x01,0x00,0x00,0xf0,0x16,0x38,0x3f,0x01,0x00,0x00,
0x41,0x37,0x00,0x00,0x00,0x04,0xc6,0x01,0x00,0x00,0xc7,0x08,0x24,0x02,0x00,0x0e,
0x0e,0xf2,0x02,0x30,0x61,0x06,0x00,0x40,0xb2,0x01,0x00,0x00,0xf0,0x1e,0x61,0x02,
0x00,0x41,0x52,0x01,0x00,0x00,0x0b,0x61,0x06,0x00,0x4b,0x4a,0x01,0x00,0x00,0x61,
0x04,0x00,0x4b,0xbe,0x01,0x00,0x00,0x24,0x01,0x00,0x0e,0x81,0x00,0x68,0x19,0xff,
0xff,0xff,0x0e,0x83,0x81,0x00,0x68,0xd5,0xfe,0xff,0xff,0x0e,0x83,0x60,0x0a,0x00,
0x60,0x09,0x00,0x61,0x02,0x00,0x7e,0xf2,0x3b,0x70,0x41,0x4a,0x01,0x00,0x00,0xc8,
0x09,0x41,0xbe,0x01,0x00,0x00,0xc8,0x0a,0x0e,0x60,0x0b,0x00,0x61,0x0a,0x00,0x41,
0x4f,0x01,0x00,0x00,0x61,0x09,0x00,0x24,0x01,0x00,0xc8,0x0b,0x61,0x0b,0x00,0xba,
0xa8,0xf0,0x11,0x61,0x0a,0x00,0x41,0x67,0x01,0x00,0x00,0x61,0x0b,0x00,0xbb,0x24,
0x02,0x00,0x0e,0x81,0x00,0xf0,0xc3,0x0e,0x83,0xd7,0x41,0xc2,0x01,0x00,0x00,0xba,
0x24,0x01,0x00,0x0e,0xd7,0x41,0xc1,0x01,0x00,0x00,0x07,0x24,0x01,0x00,0x0e,0xd7,
0x40,0x9f,0x01,0x00,0x00,0x95,0x28,0xb4,0x04,0xc5,0x04,0x07,0x58,0x7b,0x4c,0x30,
0x2f,0x4f,0x17,0x20,0x22,0x21,0x21,0x20,0x30,0x21,0x2f,0x20,0x2a,0x5d,0x16,0x00,
0x35,0x08,0x16,0x81,0x13,0x00,0x2c,0x08,0x20,0x9e,0x25,0x12,0x2b,0x2a,0x1c,0x5f,
0x14,0x48,0x4e,0x12,0x7d,0x2c,0x04,0x34,0x2e,0x72,0x2d,0x5f,0x03,0x34,0x10,0x00,
0x19,0x08,0x13,0x2a,0x12,0x00,0x1d,0x27,0x19,0x00,0x09,0x07,0x03,0x00,0x28,0x3a,
0x36,0x3a,0x1b,0x17,0x11,0x2a,0x18,0x00,0x0d,0x05,0x1f,0x00,0x01,0x0c,0x00,0x20,
0x0c,0x1c,0x0b,0x20,0x30,0x00,0x60,0x09,0x00,0x60,0x06,0x00,0x60,0x03,0x00,0xba,
0xcf,0x60,0x01,0x00,0x06,0x60,0x02,0x00,0xc4,0x00,0x55,0x94,0x01,0x00,0x00,0x00,
0xc5,0x01,0x53,0x6c,0x01,0x00,0x00,0x01,0xc5,0x02,0x53,0x99,0x01,0x00,0x00,0x01,
0xc5,0x03,0x53,0x9b,0x01,0x00,0x00,0x01,0xc5,0x04,0x53,0x9d,0x01,0x00,0x00,0x01,
0xc5,0x05,0x53,0xc7,0x01,0x00,0x00,0x01,0xc5,0x06,0x53,0x5e,0x00,0x00,0x00,0x01,
0xc5,0x07,0x53,0xc8,0x01,0x00,0x00,0x01,0xc5,0x08,0x53,0xc9,0x01,0x00,0x00,0x01,
0xc5,0x09,0x53,0xca,0x01,0x00,0x00,0x01,0xc5,0x0a,0x53,0xa4,0x01,0x00,0x00,0x01,
0xc5,0x0b,0x53,0xa7,0x01,0x00,0x00,0x01,0xc5,0x0c,0x53,0xa8,0x01,0x00,0x00,0x01,
0xc5,0x0d,0x53,0xa9,0x01,0x00,0x00,0x01,0xc5,0x0e,0x53,0xcb,0x01,0x00,0x00,0x00,
0xc5,0x0f,0x53,0xcc,0x01,0x00,0x00,0x00,0xc5,0x10,0x53,0xcd,0x01,0x00,0x00,0x00,
0xc5,0x11,0x53,0xce,0x01,0x00,0x00,0x00,0xc5,0x12,0x53,0xc0,0x01,0x00,0x00,0x00,
0xc5,0x13,0x53,0xc1,0x01,0x00,0x00,0x00,0xc5,0x14,0x53,0xc2,0x01,0x00,0x00,0x00,
0xc5,0x15,0x53,0xcf,0x01,0x00,0x00,0x00,0x06,0xd1,0x0e,0xd4,0x67,0x02,0x00,0x67,
0x01,0x00,0xd2,0x61,0x03,0x00,0xba,0x42,0xa4,0x01,0x00,0x00,0x61,0x03,0x00,0xbb,
0x42,0xa7,0x01,0x00,0x00,0x61,0x03,0x00,0xbc,0x42,0xa8,0x01,0x00,0x00,0x61,0x03,
0x00,0xbd,0x42,0xa9,0x01,0x00,0x00,0x60,0x04,0x00,0x61,0x03,0x00,0x60,0x05,0x00,
0xc4,0x16,0x55,0x95,0x01,0x00,0x00,0x01,0xc5,0x17,0x53,0xad,0x01,0x00,0x00,0x01,
0x06,0xc8,0x05,0x0e,0xc9,0x04,0x67,0x05,0x00,0xc8,0x06,0x60,0x07,0x00,0x06,0x60,
0x08,0x00,0xc4,0x18,0x55,0x96,0x01,0x00,0x00,0x00,0xc5,0x19,0x53,0xd0,0x01,0x00,
0x00,0x00,0xc5,0x1a,0x53,0xd1,0x01,0x00,0x00,0x00,0xc5,0x1b,0x53,0xd2,0x01,0x00,
0x00,0x00,0x06,0xc8,0x08,0x0e,0xc9,0x07,0x67,0x08,0x00,0xc8,0x09,0x38,0x95,0x00,
0x00,0x00,0x61,0x03,0x00,0x42,0xd3,0x01,0x00,0x00,0x38,0x95,0x00,0x00,0x00,0x61,
0x06,0x00,0x42,0x95,0x01,0x00,0x00,0x38,0x95,0x00,0x00,0x00,0x61,0x09,0x00,0x42,
0xd4,0x01,0x00,0x00,0x61,0x09,0x00,0x11,0x21,0x00,0x00,0xc8,0x0a,0x38,0x95,0x00,
0x00,0x00,0xc7,0x0a,0x40,0xd0,0x01,0x00,0x00,0x41,0xd5,0x01,0x00,0x00,0xc7,0x0a,
0x24,0x01,0x00,0x42,0xd0,0x01,0x00,0x00,0x38,0x95,0x00,0x00,0x00,0xc7,0x0a,0x40,
0xd1,0x01,0x00,0x00,0x41,0xd5,0x01,0x00,0x00,0xc7,0x0a,0x24,0x01,0x00,0x42,0xd1,
0x01,0x00,0x00,0x38,0x95,0x00,0x00,0x00,0xc7,0x0a,0x40,0xd2,0x01,0x00,0x00,0x41,
0xd5,0x01,0x00,0x00,0xc7,0x0a,0x24,0x01,0x00,0x42,0xd2,0x01,0x00,0x00,0x29,0xb4,
0x04,0x97,0x03,0x03,0x27,0x00,0xcd,0x01,0xc2,0x01,0x04,0x30,0x00,0x30,0x00,0x30,
0x00,0x00,0x5f,0xf6,0x01,0x00,0x44,0x00,0x44,0x00,0x44,0x2e,0x30,0x2d,0x57,0x82,
0x01,0x35,0x81,0x01,0x57,0x8e,0x01,0x35,0x8d,0x01,0x57,0x76,0x00,0x0c,0x43,0x0a,
0x00,0xee,0x03,0x00,0x09,0x00,0x03,0x06,0x00,0x0d,0xb8,0x03,0x09,0xac,0x07,0x04,
0x06,0x70,0x01,0xfe,0x01,0x05,0x01,0x70,0x00,0xac,0x07,0x01,0x00,0x60,0x03,0xae,
0x07,0x06,0x06,0x30,0xfe,0x01,0x07,0x04,0x70,0x02,0xae,0x07,0x01,0x03,0x20,0xb0,
0x07,0x0a,0x09,0x70,0x05,0xfe,0x01,0x0b,0x07,0x70,0x04,0xb0,0x07,0x09,0x06,0x20,
0x0c,0xc6,0x0b,0x01,0x00,0x00,0x03,0x00,0x03,0x00,0x01,0x00,0x39,0x03,0xf6,0x01,
0x00,0x01,0x00,0xf4,0x01,0x00,0x01,0x00,0x10,0x00,0x01,0x20,0xfe,0x01,0x01,0x18,
0x0c,0x02,0xcf,0x0c,0x03,0xd0,0x60,0x02,0x00,0x2b,0xcb,0x35,0xcc,0x21,0x00,0x00,
0x11,0x63,0x02,0x00,0x64,0x00,0x00,0x11,0xf0,0x08,0x61,0x02,0x00,0x1b,0x24,0x00,
0x00,0x0e,0x0e,0x61,0x02,0x00,0x09,0x42,0xd9,0x01,0x00,0x00,0x61,0x02,0x00,0x06,
0x42,0xda,0x01,0x00,0x00,0x61,0x02,0x00,0x28,0xb4,0x04,0x85,0x05,0x07,0x06,0x35,
0x04,0x80,0x00,0x30,0x00,0x00,0x0c,0x42,0x0b,0x01,0x00,0x00,0x01,0x00,0x01,0x00,
0x00,0x00,0x09,0x01,0x10,0x00,0x01,0x00,0x08,0xcf,0xcb,0x40,0xd9,0x01,0x00,0x00,
0x28,0xb4,0x04,0x8d,0x05,0x0b,0x00,0x00,0x0c,0x42,0x0b,0x01,0x00,0x00,0x01,0x00,
0x01,0x00,0x00,0x00,0x09,0x01,0x10,0x00,0x01,0x00,0x08,0xcf,0xcb,0x40,0xda,0x01,
0x00,0x00,0x28,0xb4,0x04,0x93,0x05,0x0b,0x00,0x00,0x0c,0x42,0x0b,0x01,0x00,0x00,
0x02,0x00,0x04,0x00,0x00,0x00,0x2b,0x02,0xa8,0x02,0x00,0x00,0x00,0x10,0x00,0x01,
0x00,0x08,0xd0,0xcc,0x40,0xd9,0x01,0x00,0x00,0xf0,0x21,0xcc,0x40,0xda,0x01,0x00,
0x00,0xd3,0xf8,0xf0,0x15,0x38,0xdd,0x00,0x00,0x00,0x11,0x04,0xdb,0x01,0x00,0x00,
0x04,0xdc,0x01,0x00,0x00,0x21,0x02,0x00,0xcf,0xcb,0x30,0x29,0xb4,0x04,0x99,0x05,
0x07,0x06,0x5a,0x26,0x12,0x00,0x68,0x11,0x00,0x0c,0x4a,0x0b,0x01,0x00,0x03,0x03,
0x03,0x05,0x02,0x00,0x01,0x41,0x06,0xd8,0x05,0x00,0x01,0x00,0xaa,0x05,0x00,0x01,
0x40,0x00,0xc6,0x04,0x00,0x01,0x00,0xba,0x07,0x00,0x00,0x40,0x01,0x10,0x00,0x01,
0x00,0xf8,0x01,0x00,0x01,0x00,0x0c,0x43,0x0a,0x01,0x00,0x00,0x00,0x00,0x06,0x00,
0x02,0x00,0x49,0x00,0xaa,0x05,0x01,0x01,0xba,0x07,0x00,0x00,0xe3,0xfb,0xf0,0x1b,
0xe3,0x41,0xc5,0x01,0x00,0x00,0xe4,0x38,0xd3,0x01,0x00,0x00,0x11,0x04,0xde,0x01,
0x00,0x00,0x21,0x01,0x00,0x24,0x02,0x00,0x0e,0x29,0xe3,0xf0,0x28,0xe3,0x40,0xc4,
0x01,0x00,0x00,0xfb,0xf0,0x1f,0xe3,0x40,0xc4,0x01,0x00,0x00,0x41,0xc5,0x01,0x00,
0x00,0xe4,0x38,0xd3,0x01,0x00,0x00,0x11,0x04,0xde,0x01,0x00,0x00,0x21,0x01,0x00,
0x24,0x02,0x00,0x0e,0x29,0xb4,0x04,0xad,0x05,0x22,0x10,0x08,0x06,0x12,0x2b,0x20,
0x1c,0x07,0x14,0x8f,0x3a,0x12,0x69,0x39,0x34,0x07,0x14,0x00,0x0c,0x04,0xd1,0x08,
0xd0,0xcc,0xcd,0x35,0x04,0xd0,0x01,0x00,0x00,0x46,0xd7,0xd8,0xd9,0x24,0x03,0x00,
0x0e,0xd7,0x04,0xde,0x01,0x00,0x00,0xad,0xf0,0x23,0xcc,0x40,0xd9,0x01,0x00,0x00,
0xf0,0x1b,0xcc,0xcf,0x38,0xce,0x00,0x00,0x00,0x41,0x8a,0x00,0x00,0x00,0x24,0x00,
0x00,0x41,0x89,0x00,0x00,0x00,0xc5,0x00,0x24,0x01,0x00,0x0e,0x29,0xb4,0x04,0xa9,
0x05,0x07,0x0c,0x1c,0x04,0x2f,0x2e,0x2b,0x13,0x5e,0x15,0x34,0x10,0x2a,0x1e,0x00,
0x0c,0x42,0x0b,0x01,0x00,0x01,0x02,0x01,0x03,0x00,0x00,0x00,0x38,0x03,0xa8,0x02,
0x00,0x01,0x00,0xf2,0x06,0x01,0x00,0x30,0x10,0x00,0x01,0x00,0x08,0xd0,0x60,0x00,
0x00,0xcc,0x40,0xd9,0x01,0x00,0x00,0xf0,0x02,0x29,0xcc,0x0a,0x42,0xd9,0x01,0x00,
0x00,0xcc,0xd7,0x42,0xda,0x01,0x00,0x00,0x38,0xd3,0x01,0x00,0x00,0x11,0x04,0xde,
0x01,0x00,0x00,0x21,0x01,0x00,0xcf,0xcc,0x41,0xd2,0x01,0x00,0x00,0x61,0x00,0x00,
0x24,0x01,0x00,0x29,0xb4,0x04,0xb6,0x05,0x07,0x0a,0x4a,0x04,0x26,0x00,0x26,0x24,
0x4e,0x23,0x20,0x26,0x00,0x0c,0x42,0x0b,0x01,0x00,0x01,0x01,0x01,0x04,0x00,0x01,
0x00,0x39,0x02,0xa8,0x02,0x00,0x01,0x00,0xbe,0x07,0x01,0x00,0x30,0xac,0x07,0x00,
0x18,0x60,0x00,0x00,0x64,0x00,0x00,0x11,0x21,0x00,0x00,0xcf,0xd7,0xf8,0xf0,0x15,
0x38,0xdd,0x00,0x00,0x00,0x11,0x04,0xdb,0x01,0x00,0x00,0x04,0xdc,0x01,0x00,0x00,
0x21,0x02,0x00,0xdb,0x61,0x00,0x00,0x0a,0x42,0xd9,0x01,0x00,0x00,0x61,0x00,0x00,
0xd7,0x42,0xda,0x01,0x00,0x00,0x61,0x00,0x00,0x28,0xb4,0x04,0xc0,0x05,0x0e,0x0a,
0x12,0x1c,0x30,0x07,0x12,0x00,0x68,0x1d,0x30,0x00,0x00,0x0c,0x42,0x0b,0x01,0x00,
0x01,0x02,0x01,0x04,0x02,0x01,0x02,0x2f,0x03,0xda,0x04,0x00,0x01,0x00,0xbe,0x07,
0x01,0x00,0x70,0x00,0xc0,0x07,0x01,0x01,0x70,0x01,0xac,0x07,0x00,0x18,0x0c,0x43,
0x0a,0x01,0x00,0x00,0x00,0x00,0x06,0x00,0x01,0x00,0x1f,0x00,0xbe,0x07,0x00,0x18,
0x64,0x00,0x00,0x41,0xe1,0x01,0x00,0x00,0x38,0xdd,0x00,0x00,0x00,0x11,0x04,0xe2,
0x01,0x00,0x00,0x04,0xe3,0x01,0x00,0x00,0x21,0x02,0x00,0x24,0x01,0x00,0x29,0xb4,
0x04,0xcf,0x05,0x22,0x04,0x03,0x2d,0x2a,0x24,0x00,0x0c,0x43,0x0a,0x01,0x00,0x00,
0x00,0x00,0x02,0x00,0x01,0x00,0x0a,0x00,0xc0,0x07,0x01,0x18,0x38,0x8f,0x01,0x00,
0x00,0x64,0x00,0x00,0xf5,0x29,0xb4,0x04,0xd2,0x05,0x2a,0x04,0x03,0x3d,0x1b,0x1a,
0x00,0x60,0x01,0x00,0x60,0x00,0x00,0x64,0x00,0x00,0x11,0x21,0x00,0x00,0xcf,0x38,
0x90,0x01,0x00,0x00,0xc5,0x00,0xd7,0xf6,0xd0,0x61,0x00,0x00,0x41,0xd0,0x01,0x00,
0x00,0x04,0xde,0x01,0x00,0x00,0xc5,0x01,0x24,0x02,0x00,0x0e,0x61,0x00,0x00,0x28,
0xb4,0x04,0xcd,0x05,0x0e,0x08,0x21,0x1c,0x44,0x0c,0x1e,0x31,0x2a,0x0e,0x00,0x0c,
0x42,0x0b,0x01,0x00,0x01,0x05,0x01,0x0a,0x03,0x01,0x02,0x95,0x02,0x06,0xc8,0x07,
0x00,0x01,0x00,0xd0,0x05,0x01,0x00,0x70,0x00,0xfa,0x06,0x01,0x01,0x70,0x02,0xbe,
0x07,0x04,0x02,0x70,0x01,0xca,0x07,0x0a,0x05,0x30,0xcc,0x07,0x05,0x03,0x30,0xac,
0x07,0x00,0x18,0x0c,0x43,0x0a,0x01,0x00,0x00,0x00,0x00,0x03,0x00,0x02,0x00,0x14,
0x00,0xd0,0x05,0x00,0x18,0xbe,0x07,0x02,0x18,0x64,0x00,0x00,0x41,0xe1,0x01,0x00,
0x00,0x64,0x01,0x00,0x40,0x94,0x00,0x00,0x00,0x24,0x01,0x00,0x29,0xb4,0x04,0xe9,
0x05,0x16,0x04,0x03,0x11,0x2a,0x1c,0x00,0x0c,0x43,0x0a,0x01,0x00,0x00,0x01,0x00,
0x07,0x00,0x01,0x00,0x2f,0x01,0xca,0x07,0x02,0x00,0x30,0xfa,0x06,0x01,0x18,0x60,
0x00,0x00,0x64,0x00,0x00,0x7e,0xf2,0x20,0xcf,0x61,0x00,0x00,0x40,0xdf,0x01,0x00,
0x00,0x41,0xd1,0x01,0x00,0x00,0x04,0xde,0x01,0x00,0x00,0x61,0x00,0x00,0x40,0xe6,
0x01,0x00,0x00,0x24,0x02,0x00,0x0e,0x81,0x00,0xf0,0xde,0x0e,0x83,0x29,0xb4,0x04,
0xef,0x05,0x2a,0x06,0x35,0x07,0x43,0x12,0x70,0x47,0x00,0x60,0x01,0x00,0x60,0x00,
0x00,0x38,0x9f,0x00,0x00,0x00,0x41,0xe7,0x01,0x00,0x00,0xd7,0x24,0x01,0x00,0x95,
0xf0,0x10,0x38,0xda,0x00,0x00,0x00,0x11,0x04,0xe8,0x01,0x00,0x00,0x21,0x01,0x00,
0x30,0x64,0x00,0x00,0x11,0x21,0x00,0x00,0xcf,0x26,0x00,0x00,0xd0,0x60,0x02,0x00,
0xd7,0x67,0x02,0x00,0x7e,0xf3,0xb0,0x00,0xd1,0x60,0x04,0x00,0x61,0x02,0x00,0x64,
0x00,0x00,0xa9,0x95,0xf0,0x10,0x38,0xda,0x00,0x00,0x00,0x11,0x04,0xe9,0x01,0x00,
0x00,0x21,0x01,0x00,0x30,0x61,0x02,0x00,0x40,0xea,0x01,0x00,0x00,0xf0,0x4b,0x61,
0x00,0x00,0x41,0xe1,0x01,0x00,0x00,0x61,0x02,0x00,0x40,0x94,0x00,0x00,0x00,0x24,
0x01,0x00,0x0e,0x60,0x03,0x00,0x61,0x01,0x00,0x7e,0xf2,0x20,0xd2,0x61,0x03,0x00,
0x40,0xdf,0x01,0x00,0x00,0x41,0xd1,0x01,0x00,0x00,0x04,0xde,0x01,0x00,0x00,0x61,
0x03,0x00,0x40,0xe6,0x01,0x00,0x00,0x24,0x02,0x00,0x0e,0x81,0x00,0xf0,0xde,0x0e,
0x83,0x61,0x00,0x00,0x6e,0x1e,0x06,0x83,0x28,0xc5,0x00,0x4c,0xe6,0x01,0x00,0x00,
0xc8,0x04,0x61,0x02,0x00,0x41,0xd0,0x01,0x00,0x00,0x04,0xde,0x01,0x00,0x00,0x61,
0x04,0x00,0x24,0x02,0x00,0x0e,0x61,0x01,0x00,0x41,0x52,0x01,0x00,0x00,0x0b,0x61,
0x02,0x00,0x4b,0xdf,0x01,0x00,0x00,0x61,0x04,0x00,0x4b,0xe6,0x01,0x00,0x00,0x24,
0x01,0x00,0x0e,0x67,0x02,0x00,0x81,0x00,0x68,0x4f,0xff,0xff,0xff,0x0e,0x83,0x67,
0x02,0x00,0x61,0x00,0x00,0x41,0xd0,0x01,0x00,0x00,0x04,0xde,0x01,0x00,0x00,0xc5,
0x01,0x0b,0x0a,0x4b,0xb2,0x01,0x00,0x00,0x24,0x03,0x00,0x0e,0x61,0x00,0x00,0x28,
0xb4,0x04,0xda,0x05,0x0e,0x28,0x53,0x1c,0x26,0x0d,0x4f,0x0e,0x9b,0x0e,0x26,0x17,
0x82,0x13,0x2a,0x1c,0x71,0x1a,0x43,0x12,0x70,0x47,0x00,0x12,0x0c,0x03,0x2a,0x0e,
0x3f,0x0d,0x2a,0x14,0x00,0x20,0x19,0x17,0x00,0x04,0x1e,0x00,0x2a,0x0e,0x00,0x0c,
0x42,0x0b,0x01,0x00,0x00,0x01,0x00,0x03,0x00,0x02,0x00,0x1d,0x01,0x10,0x00,0x01,
0x00,0xfe,0x01,0x04,0x18,0xac,0x07,0x02,0x10,0x08,0xcf,0x2b,0x64,0x00,0x00,0x11,
0xf0,0x06,0xcb,0x1b,0x24,0x00,0x00,0x0e,0xcb,0x64,0x01,0x00,0x11,0x21,0x00,0x00,
0x42,0xeb,0x01,0x00,0x00,0x29,0xb4,0x04,0xf6,0x05,0x07,0x04,0x4e,0x04,0x07,0x26,
0x00,0x0c,0x42,0x0b,0x01,0x00,0x00,0x01,0x00,0x01,0x00,0x00,0x00,0x09,0x01,0x10,
0x00,0x01,0x00,0x08,0xcf,0xcb,0x40,0xeb,0x01,0x00,0x00,0x28,0xb4,0x04,0xfc,0x05,
0x0b,0x00,0x00,0x0c,0x42,0x0b,0x01,0x00,0x01,0x01,0x01,0x04,0x00,0x00,0x00,0x2a,
0x02,0xa8,0x02,0x00,0x01,0x00,0x10,0x00,0x01,0x00,0x08,0xcf,0xd7,0xf8,0xf0,0x15,
0x38,0xdd,0x00,0x00,0x00,0x11,0x04,0xdb,0x01,0x00,0x00,0x04,0xdc,0x01,0x00,0x00,
0x21,0x02,0x00,0xdb,0xcb,0x40,0xeb,0x01,0x00,0x00,0x41,0xe1,0x01,0x00,0x00,0xd7,
0x24,0x01,0x00,0x29,0xb4,0x04,0x84,0x06,0x07,0x08,0x12,0x22,0x12,0x00,0x68,0x1d,
0x39,0x28,0x00,0x0c,0xc6,0x0b,0x01,0x00,0x02,0x03,0x02,0x03,0x00,0x02,0x00,0x58,
0x05,0x68,0x00,0x01,0x00,0x74,0x00,0x01,0x00,0xf6,0x01,0x00,0x01,0x00,0xf4,0x01,
0x00,0x01,0x00,0x10,0x00,0x01,0x20,0xfe,0x01,0x07,0x18,0xb0,0x07,0x06,0x18,0x0c,
0x02,0xcf,0x0c,0x03,0xd0,0x60,0x02,0x00,0x2b,0xcb,0x35,0xcc,0xd7,0x21,0x01,0x00,
0x11,0x63,0x02,0x00,0x64,0x00,0x00,0x11,0xf0,0x08,0x61,0x02,0x00,0x1b,0x24,0x00,
0x00,0x0e,0x0e,0x61,0x02,0x00,0xd8,0x11,0xf1,0x07,0x0e,0x04,0xa0,0x00,0x00,0x00,
0x42,0x3a,0x00,0x00,0x00,0x61,0x02,0x00,0x64,0x01,0x00,0x40,0xec,0x01,0x00,0x00,
0x61,0x02,0x00,0x40,0x3a,0x00,0x00,0x00,0x46,0x11,0xf1,0x03,0x0e,0xba,0x42,0xed,
0x01,0x00,0x00,0x61,0x02,0x00,0x28,0xb4,0x04,0x8d,0x06,0x09,0x06,0x35,0x04,0x85,
0x00,0x5d,0x00,0x00,0x60,0x05,0x00,0x60,0x02,0x00,0x38,0x95,0x00,0x00,0x00,0x40,
0xd4,0x01,0x00,0x00,0xfb,0xf1,0x10,0x38,0xa0,0x00,0x00,0x00,0x11,0x04,0xee,0x01,
0x00,0x00,0x21,0x01,0x00,0x30,0x60,0x00,0x00,0x38,0xd4,0x01,0x00,0x00,0x60,0x01,
0x00,0xc4,0x00,0x55,0xd6,0x01,0x00,0x00,0x01,0xc5,0x01,0x53,0xea,0x01,0x00,0x00,
0x01,0xc5,0x02,0x53,0x94,0x00,0x00,0x00,0x01,0xc5,0x03,0x53,0xef,0x01,0x00,0x00,
0x00,0xc5,0x04,0x53,0xd0,0x01,0x00,0x00,0x00,0xc5,0x05,0x53,0xe1,0x01,0x00,0x00,
0x00,0x1b,0xc5,0x06,0x53,0xde,0x01,0x00,0x00,0x00,0xc5,0x07,0x53,0xf0,0x01,0x00,
0x00,0x00,0xc5,0x08,0x53,0xf1,0x01,0x00,0x00,0x00,0x1b,0x06,0xd0,0x0e,0xd3,0x67,
0x01,0x00,0x67,0x00,0x00,0xd1,0x60,0x03,0x00,0x06,0x60,0x04,0x00,0xc4,0x09,0x55,
0xd7,0x01,0x00,0x00,0x00,0xc5,0x0a,0x53,0xdf,0x01,0x00,0x00,0x01,0xc5,0x0b,0x53,
0xde,0x01,0x00,0x00,0x00,0x06,0xc8,0x04,0x0e,0xd6,0x67,0x04,0x00,0xc8,0x05,0x38,
0x95,0x00,0x00,0x00,0x40,0xdd,0x00,0x00,0x00,0xfa,0x68,0xe6,0x00,0x00,0x00,0x60,
0x08,0x00,0x60,0x06,0x00,0x38,0xa0,0x00,0x00,0x00,0x60,0x07,0x00,0xc4,0x0c,0x55,
0xd8,0x01,0x00,0x00,0x01,0x06,0xc8,0x07,0x0e,0xc9,0x06,0x67,0x07,0x00,0x67,0x06,
0x00,0xc8,0x08,0x61,0x08,0x00,0x0b,0xbb,0x4b,0xf2,0x01,0x00,0x00,0xbc,0x4b,0xf3,
0x01,0x00,0x00,0xbd,0x4b,0xf4,0x01,0x00,0x00,0xbe,0x4b,0xf5,0x01,0x00,0x00,0xbf,
0x4b,0xf6,0x01,0x00,0x00,0xc0,0x4b,0xf7,0x01,0x00,0x00,0xc1,0x4b,0xf8,0x01,0x00,
0x00,0xc2,0x08,0x4b,0xf9,0x01,0x00,0x00,0xc2,0x09,0x4b,0xfa,0x01,0x00,0x00,0xc2,
0x0a,0x4b,0xfb,0x01,0x00,0x00,0xc2,0x0b,0x4b,0xfc,0x01,0x00,0x00,0xc2,0x0c,0x4b,
0xd9,0x00,0x00,0x00,0xc2,0x0d,0x4b,0xfd,0x01,0x00,0x00,0xc2,0x0e,0x4b,0xfe,0x01,
0x00,0x00,0xc2,0x0f,0x4b,0xff,0x01,0x00,0x00,0xc2,0x10,0x4b,0x00,0x02,0x00,0x00,
0xc2,0x11,0x4b,0x01,0x02,0x00,0x00,0xc2,0x12,0x4b,0x02,0x02,0x00,0x00,0xc2,0x13,
0x4b,0x03,0x02,0x00,0x00,0xc2,0x14,0x4b,0xdc,0x01,0x00,0x00,0xc2,0x15,0x4b,0x04,
0x02,0x00,0x00,0xc2,0x16,0x4b,0x05,0x02,0x00,0x00,0xc2,0x17,0x4b,0xe3,0x01,0x00,
0x00,0xc2,0x18,0x4b,0x06,0x02,0x00,0x00,0xc2,0x19,0x4b,0x07,0x02,0x00,0x00,0x42,
0xec,0x01,0x00,0x00,0x38,0x95,0x00,0x00,0x00,0x61,0x08,0x00,0x42,0xdd,0x00,0x00,
0x00,0x38,0x95,0x00,0x00,0x00,0x61,0x05,0x00,0x42,0xd7,0x01,0x00,0x00,0x38,0x95,
0x00,0x00,0x00,0x61,0x02,0x00,0x42,0xd6,0x01,0x00,0x00,0x29,0xb4,0x04,0x80,0x05,
0x03,0x17,0x53,0x50,0x12,0x33,0x00,0xa2,0x01,0x92,0x02,0x36,0x00,0x2a,0x10,0x49,
0x00,0xb1,0x01,0x36,0x00,0x45,0x03,0x44,0x00,0x00,0x0c,0x43,0x0a,0x00,0xf0,0x03,
0x00,0x06,0x00,0x04,0x05,0x00,0x2e,0xbf,0x03,0x06,0x90,0x08,0x02,0x06,0x70,0x01,
0xfe,0x01,0x03,0x01,0x70,0x00,0x90,0x08,0x01,0x00,0x60,0x04,0x92,0x08,0x04,0x06,
0x70,0x03,0xfe,0x01,0x05,0x04,0x70,0x02,0x92,0x08,0x01,0x03,0x20,0x0c,0x42,0x0b,
0x01,0x00,0x01,0x03,0x01,0x09,0x00,0x02,0x00,0x91,0x02,0x04,0x94,0x08,0x00,0x01,
0x00,0x96,0x08,0x0b,0x00,0x30,0xe8,0x06,0x10,0x00,0x30,0x10,0x00,0x01,0x00,0xfe,
0x01,0x01,0x18,0x90,0x08,0x00,0x18,0x08,0xd1,0x2b,0x64,0x00,0x00,0x11,0xf0,0x06,
0xcd,0x1b,0x24,0x00,0x00,0x0e,0xcd,0x26,0x00,0x00,0x42,0x0c,0x02,0x00,0x00,0xcd,
0x07,0x42,0x0d,0x02,0x00,0x00,0xd7,0xf8,0x11,0xf1,0x04,0x0e,0xd7,0xf9,0x69,0xe8,
0x00,0x00,0x00,0xd7,0x96,0x04,0x4c,0x00,0x00,0x00,0xad,0xf0,0x0d,0xcd,0x41,0x0e,
0x02,0x00,0x00,0xd7,0x24,0x01,0x00,0x0e,0x29,0xd7,0x64,0x01,0x00,0xa9,0xf0,0x16,
0xcd,0xd7,0x40,0x0c,0x02,0x00,0x00,0x41,0xc3,0x01,0x00,0x00,0x24,0x00,0x00,0x42,
0x0c,0x02,0x00,0x00,0x29,0xd7,0x96,0x04,0x4d,0x00,0x00,0x00,0xad,0x68,0xa9,0x00,
0x00,0x00,0x38,0xa4,0x00,0x00,0x00,0x40,0x0f,0x02,0x00,0x00,0xd7,0xaa,0xf0,0x5d,
0x60,0x00,0x00,0xd7,0x7e,0xf2,0x4f,0xcf,0x38,0x9f,0x00,0x00,0x00,0x41,0xe7,0x01,
0x00,0x00,0x61,0x00,0x00,0x24,0x01,0x00,0xf0,0x3c,0x61,0x00,0x00,0xef,0xbb,0xa8,
0xf0,0x34,0xcd,0x40,0x0c,0x02,0x00,0x00,0x41,0x52,0x01,0x00,0x00,0x38,0xa2,0x00,
0x00,0x00,0x61,0x00,0x00,0xba,0x46,0xf5,0x61,0x00,0x00,0xef,0xbc,0xa8,0xf0,0x0e,
0x38,0xa2,0x00,0x00,0x00,0x61,0x00,0x00,0xbb,0x46,0xf5,0xf2,0x02,0xc6,0x26,0x02,
0x00,0x24,0x01,0x00,0x0e,0x81,0x00,0xf0,0xaf,0x0e,0x83,0x29,0x60,0x01,0x00,0x38,
0x9e,0x00,0x00,0x00,0x41,0x31,0x00,0x00,0x00,0xd7,0x24,0x01,0x00,0x7e,0xf2,0x22,
0xd0,0xcd,0x40,0x0c,0x02,0x00,0x00,0x41,0x52,0x01,0x00,0x00,0x61,0x01,0x00,0x38,
0xa2,0x00,0x00,0x00,0xd7,0x61,0x01,0x00,0x46,0xf5,0x26,0x02,0x00,0x24,0x01,0x00,
0x0e,0x81,0x00,0xf0,0xdc,0x0e,0x83,0x29,0xb4,0x04,0xb7,0x06,0x07,0x37,0x4e,0x04,
0x30,0x00,0x2b,0x1a,0x20,0x26,0x26,0x09,0x30,0x31,0x20,0x18,0x26,0x1a,0x21,0x31,
0x3e,0x38,0x35,0x05,0x71,0x03,0x72,0x01,0x3e,0x30,0x17,0x4f,0x39,0x1a,0x1b,0x1a,
0x34,0x32,0x2f,0x16,0x00,0x15,0x03,0x83,0x01,0x00,0x0f,0x0c,0x3c,0x2b,0x37,0x39,
0x1a,0x2a,0x24,0x5b,0x41,0x00,0x0c,0x42,0x0b,0x01,0x00,0x01,0x04,0x01,0x0c,0x00,
0x00,0x00,0xc9,0x01,0x05,0xa0,0x08,0x00,0x01,0x00,0xa2,0x08,0x01,0x00,0x30,0x96,
0x08,0x05,0x01,0x30,0xa4,0x08,0x06,0x02,0x30,0x10,0x00,0x01,0x00,0x08,0xd2,0x60,
0x00,0x00,0xd7,0xba,0x46,0x04,0x13,0x02,0x00,0x00,0xad,0xf0,0x0c,0xd7,0x41,0xc3,
0x01,0x00,0x00,0xbb,0x24,0x01,0x00,0xdb,0xd7,0x95,0xf0,0x02,0x29,0xd7,0x41,0x65,
0x00,0x00,0x00,0x04,0x14,0x02,0x00,0x00,0x24,0x01,0x00,0xcf,0x60,0x01,0x00,0x61,
0x00,0x00,0x7e,0xf3,0x88,0x00,0xd0,0x60,0x02,0x00,0x61,0x01,0x00,0x95,0xf1,0x7d,
0x61,0x01,0x00,0x41,0x4f,0x01,0x00,0x00,0x04,0x15,0x02,0x00,0x00,0x24,0x01,0x00,
0xd1,0x61,0x02,0x00,0xba,0xa5,0xf0,0x22,0xce,0x40,0x0c,0x02,0x00,0x00,0x41,0x52,
0x01,0x00,0x00,0xce,0x41,0x16,0x02,0x00,0x00,0x61,0x01,0x00,0x24,0x01,0x00,0xc6,
0x26,0x02,0x00,0x24,0x01,0x00,0x0e,0xf2,0x44,0xce,0x40,0x0c,0x02,0x00,0x00,0x41,
0x52,0x01,0x00,0x00,0xce,0x41,0x16,0x02,0x00,0x00,0x61,0x01,0x00,0x41,0xc3,0x01,
0x00,0x00,0xba,0x61,0x02,0x00,0x24,0x02,0x00,0x24,0x01,0x00,0xce,0x41,0x16,0x02,
0x00,0x00,0x61,0x01,0x00,0x41,0xc3,0x01,0x00,0x00,0x61,0x02,0x00,0xbb,0x9c,0x24,
0x01,0x00,0x24,0x01,0x00,0x26,0x02,0x00,0x24,0x01,0x00,0x0e,0x81,0x00,0x68,0x77,
0xff,0xff,0xff,0x0e,0x83,0x29,0xb4,0x04,0xcd,0x06,0x07,0x24,0x2b,0x22,0x2b,0x19,
0x20,0x14,0x55,0x0c,0xbe,0x06,0x3f,0x0d,0x17,0x13,0x39,0x1a,0x20,0x26,0x54,0x3f,
0x39,0x1a,0x21,0x04,0x2a,0x0a,0x53,0x09,0x2a,0x16,0x11,0x10,0x00,0x17,0x0f,0x4b,
0x00,0x0c,0x42,0x0b,0x01,0x00,0x01,0x01,0x01,0x06,0x00,0x00,0x02,0x2a,0x02,0xa0,
0x08,0x00,0x01,0x00,0xb0,0x04,0x03,0x00,0x03,0x07,0x04,0x5c,0x2b,0x07,0x34,0x01,
0x00,0x01,0x00,0x12,0x00,0x00,0x00,0x09,0x06,0x00,0x00,0x00,0x05,0x08,0xf5,0xff,
0xff,0xff,0x0c,0x00,0x01,0x2b,0x0d,0x00,0x0b,0x6b,0x1f,0x00,0x00,0x00,0x38,0x17,
0x02,0x00,0x00,0xd7,0x41,0x18,0x02,0x00,0x00,0xc4,0x00,0xc4,0x01,0x34,0x04,0x1c,
0x01,0x00,0x00,0x24,0x02,0x00,0xf5,0x6e,0x28,0xcf,0x6b,0x07,0x00,0x00,0x00,0xd7,
0x6e,0x28,0x30,0xb4,0x04,0xe0,0x06,0x07,0x04,0x36,0x3c,0x20,0x08,0x00,0x0c,0x42,
0x0b,0x01,0x00,0x01,0x00,0x01,0x04,0x00,0x00,0x05,0x28,0x01,0xa0,0x08,0x00,0x01,
0x00,0x07,0x06,0x25,0x32,0x30,0x07,0x3c,0x01,0x00,0x01,0x00,0x16,0x00,0x00,0x00,
0x09,0x06,0x00,0x00,0x00,0x05,0x08,0xf5,0xff,0xff,0xff,0x0c,0x00,0x01,0x25,0x01,
0x32,0x01,0x30,0x0d,0x00,0x0b,0x07,0x0e,0x5b,0x21,0x27,0x28,0x29,0x2a,0x5d,0x07,
0x46,0x01,0x00,0x01,0x00,0x1b,0x00,0x00,0x00,0x09,0x06,0x00,0x00,0x00,0x05,0x08,
0xf5,0xff,0xff,0xff,0x0c,0x00,0x16,0x02,0x00,0x21,0x00,0x21,0x00,0x27,0x00,0x2a,
0x00,0x0d,0x00,0x0b,0x0c,0x43,0x0a,0x01,0x00,0x01,0x00,0x01,0x04,0x00,0x00,0x00,
0x23,0x01,0xb2,0x08,0x00,0x01,0x00,0x04,0x1a,0x02,0x00,0x00,0xd7,0x41,0x1b,0x02,
0x00,0x00,0xba,0x24,0x01,0x00,0x41,0x3b,0x00,0x00,0x00,0xc2,0x10,0x24,0x01,0x00,
0x41,0x1c,0x02,0x00,0x00,0x24,0x00,0x00,0x9c,0x28,0xb4,0x04,0xe8,0x06,0x51,0x08,
0x1c,0x71,0x20,0x04,0x2f,0x1c,0x34,0x1a,0x00,0x38,0x1d,0x02,0x00,0x00,0xd7,0xf5,
0x41,0x18,0x02,0x00,0x00,0xc4,0x00,0xc4,0x01,0x34,0x04,0x1e,0x02,0x00,0x00,0x24,
0x02,0x00,0x41,0x18,0x02,0x00,0x00,0xc4,0x02,0xc4,0x03,0x34,0xc5,0x04,0x25,0x02,
0x00,0xb4,0x04,0xe7,0x06,0x07,0x06,0x1c,0x38,0x25,0x0a,0x5c,0x2a,0x00,0x0c,0x42,
0x0b,0x01,0x00,0x00,0x01,0x00,0x03,0x00,0x00,0x00,0x1f,0x01,0x10,0x00,0x01,0x00,
0x08,0xcf,0xcb,0x40,0x0d,0x02,0x00,0x00,0xf0,0x15,0xcb,0x40,0x0d,0x02,0x00,0x00,
0xcb,0x41,0x3b,0x00,0x00,0x00,0x24,0x00,0x00,0x42,0x1f,0x02,0x00,0x00,0x29,0xb4,
0x04,0xec,0x06,0x07,0x04,0x36,0x08,0x3e,0x32,0x00,0x0c,0x42,0x0b,0x01,0x00,0x02,
0x01,0x02,0x05,0x00,0x00,0x00,0x2c,0x03,0x74,0x00,0x01,0x00,0x88,0x01,0x00,0x01,
0x00,0x10,0x00,0x01,0x00,0x08,0xcf,0xcb,0x40,0x0c,0x02,0x00,0x00,0x41,0x52,0x01,
0x00,0x00,0x38,0xa2,0x00,0x00,0x00,0xd7,0xf5,0x38,0xa2,0x00,0x00,0x00,0xd8,0xf5,
0x26,0x02,0x00,0x24,0x01,0x00,0x0e,0xcb,0x41,0x20,0x02,0x00,0x00,0x24,0x00,0x00,
0x29,0xb4,0x04,0xf1,0x06,0x07,0x0c,0x0d,0x04,0x39,0x1a,0x1b,0x1a,0x25,0x1c,0x30,
0x4f,0x20,0x0a,0x00,0x0c,0x42,0x0b,0x01,0x00,0x01,0x01,0x01,0x04,0x01,0x00,0x01,
0x2a,0x02,0x74,0x00,0x01,0x40,0x00,0x10,0x00,0x01,0x00,0x0c,0x43,0x0a,0x01,0x00,
0x01,0x00,0x01,0x02,0x00,0x01,0x00,0x06,0x01,0xc2,0x08,0x00,0x01,0x00,0x74,0x00,
0x01,0xd7,0xba,0x46,0xe3,0xae,0x28,0xb4,0x04,0xf7,0x06,0x2c,0x02,0x12,0x21,0x00,
0x08,0xcf,0x38,0xa2,0x00,0x00,0x00,0xd7,0xf5,0xdb,0xcb,0xcb,0x40,0x0c,0x02,0x00,
0x00,0x41,0x6e,0x01,0x00,0x00,0xc5,0x00,0x24,0x01,0x00,0x42,0x0c,0x02,0x00,0x00,
0xcb,0x41,0x20,0x02,0x00,0x00,0x24,0x00,0x00,0x29,0xb4,0x04,0xf5,0x06,0x07,0x0c,
0x0d,0x04,0x1b,0x1c,0x12,0x1b,0x3e,0x46,0x37,0x45,0x20,0x0a,0x00,0x0c,0x42,0x0b,
0x01,0x00,0x01,0x02,0x01,0x05,0x00,0x00,0x00,0x32,0x03,0x74,0x00,0x01,0x00,0xc2,
0x08,0x02,0x00,0x30,0x10,0x00,0x01,0x00,0x08,0xd0,0x38,0xa2,0x00,0x00,0x00,0xd7,
0xf5,0xdb,0x60,0x00,0x00,0xcc,0x40,0x0c,0x02,0x00,0x00,0x7e,0xf2,0x15,0xcf,0x61,
0x00,0x00,0xba,0x46,0xd7,0xad,0xf0,0x0b,0x61,0x00,0x00,0xbb,0x46,0x6e,0x1e,0x06,
0x83,0x28,0x81,0x00,0xf0,0xe9,0x0e,0x83,0x07,0x28,0xb4,0x04,0xfc,0x06,0x07,0x08,
0x0d,0x04,0x1b,0x1c,0x6d,0x02,0x60,0x1d,0x00,0x0c,0x42,0x0b,0x01,0x00,0x01,0x03,
0x01,0x07,0x00,0x00,0x00,0x42,0x04,0x74,0x00,0x01,0x00,0xd0,0x05,0x01,0x00,0x30,
0xc2,0x08,0x02,0x01,0x30,0x10,0x00,0x01,0x00,0x08,0xd1,0x60,0x00,0x00,0x38,0xa2,
0x00,0x00,0x00,0xd7,0xf5,0xdb,0x26,0x00,0x00,0xcf,0x60,0x01,0x00,0xcd,0x40,0x0c,
0x02,0x00,0x00,0x7e,0xf2,0x1c,0xd0,0x61,0x01,0x00,0xba,0x46,0xd7,0xad,0xf0,0x12,
0x61,0x00,0x00,0x41,0x52,0x01,0x00,0x00,0x61,0x01,0x00,0xbb,0x46,0x24,0x01,0x00,
0x0e,0x81,0x00,0xf0,0xe2,0x0e,0x83,0x61,0x00,0x00,0x28,0xb4,0x04,0x83,0x07,0x07,
0x0c,0x1c,0x04,0x1b,0x1c,0x82,0x02,0x16,0x0c,0x2a,0x18,0x47,0x41,0x00,0x0c,0x42,
0x0b,0x01,0x00,0x01,0x02,0x01,0x05,0x00,0x00,0x00,0x2e,0x03,0x74,0x00,0x01,0x00,
0xc2,0x08,0x02,0x00,0x30,0x10,0x00,0x01,0x00,0x08,0xd0,0x38,0xa2,0x00,0x00,0x00,
0xd7,0xf5,0xdb,0x60,0x00,0x00,0xcc,0x40,0x0c,0x02,0x00,0x00,0x7e,0xf2,0x11,0xcf,
0x61,0x00,0x00,0xba,0x46,0xd7,0xad,0xf0,0x07,0x0a,0x6e,0x1e,0x06,0x83,0x28,0x81,
0x00,0xf0,0xed,0x0e,0x83,0x09,0x28,0xb4,0x04,0x8b,0x07,0x07,0x08,0x0d,0x04,0x1b,
0x1c,0x6d,0x02,0x4c,0x1d,0x00,0x0c,0x42,0x0b,0x01,0x00,0x02,0x04,0x02,0x07,0x00,
0x00,0x00,0x92,0x01,0x06,0x74,0x00,0x01,0x00,0x88,0x01,0x00,0x01,0x00,0xc4,0x08,
0x01,0x00,0x20,0xd0,0x05,0x01,0x01,0x30,0xc2,0x08,0x02,0x02,0x30,0x10,0x00,0x01,
0x00,0x08,0xd2,0x60,0x01,0x00,0x60,0x00,0x00,0x38,0xa2,0x00,0x00,0x00,0xd7,0xf5,
0xdb,0x38,0xa2,0x00,0x00,0x00,0xd8,0xf5,0xdc,0x09,0xcf,0x26,0x00,0x00,0xd0,0x60,
0x02,0x00,0xce,0x40,0x0c,0x02,0x00,0x00,0x7e,0xf2,0x39,0xd1,0x61,0x02,0x00,0xba,
0x46,0xd7,0xad,0xf0,0x20,0x61,0x00,0x00,0x95,0xf0,0x29,0x61,0x01,0x00,0x41,0x52,
0x01,0x00,0x00,0xd7,0xd8,0x26,0x02,0x00,0x24,0x01,0x00,0x0e,0x0a,0x11,0x62,0x00,
0x00,0x0e,0xf2,0x10,0x61,0x01,0x00,0x41,0x52,0x01,0x00,0x00,0x61,0x02,0x00,0x24,
0x01,0x00,0x0e,0x81,0x00,0xf0,0xc5,0x0e,0x83,0x61,0x00,0x00,0x95,0xf0,0x12,0x61,
0x01,0x00,0x41,0x52,0x01,0x00,0x00,0xd7,0xd8,0x26,0x02,0x00,0x24,0x01,0x00,0x0e,
0xce,0x61,0x01,0x00,0x42,0x0c,0x02,0x00,0x00,0xce,0x41,0x20,0x02,0x00,0x00,0x24,
0x00,0x00,0x29,0xb4,0x04,0x92,0x07,0x07,0x26,0x2b,0x04,0x1b,0x1c,0x12,0x1b,0x1b,
0x1e,0x00,0x1b,0x08,0x00,0x36,0x11,0x2a,0x0e,0x30,0x0d,0x2d,0x03,0x2a,0x18,0x00,
0x0c,0x0d,0x1f,0x00,0x07,0x16,0x04,0x2a,0x0e,0x31,0x11,0x30,0x00,0x20,0x0a,0x00,
0x0c,0x42,0x0b,0x01,0x00,0x00,0x01,0x00,0x03,0x00,0x00,0x01,0x1d,0x01,0x10,0x00,
0x01,0x00,0x0c,0x43,0x0a,0x01,0x00,0x02,0x00,0x02,0x04,0x00,0x00,0x00,0x0e,0x02,
0xd2,0x05,0x00,0x01,0x00,0xd4,0x05,0x00,0x01,0x00,0xd7,0xba,0x46,0x41,0x23,0x02,
0x00,0x00,0xd8,0xba,0x46,0x25,0x01,0x00,0xb4,0x04,0xa8,0x07,0x1b,0x02,0x2b,0x14,
0x00,0x08,0xcf,0xcb,0x40,0x0c,0x02,0x00,0x00,0x41,0x6b,0x01,0x00,0x00,0xc5,0x00,
0x24,0x01,0x00,0x0e,0xcb,0x41,0x20,0x02,0x00,0x00,0x24,0x00,0x00,0x29,0xb4,0x04,
0xa7,0x07,0x07,0x08,0x0d,0x04,0x39,0x24,0x23,0x23,0x20,0x0a,0x00,0x0c,0x42,0x0b,
0x01,0x00,0x00,0x03,0x00,0x0a,0x00,0x00,0x00,0x5b,0x03,0xc8,0x08,0x01,0x00,0x30,
0xc2,0x08,0x02,0x01,0x30,0x10,0x00,0x01,0x00,0x08,0xd1,0x60,0x00,0x00,0x26,0x00,
0x00,0xcf,0x60,0x01,0x00,0xcd,0x40,0x0c,0x02,0x00,0x00,0x7e,0xf2,0x31,0xd0,0x61,
0x00,0x00,0x41,0x52,0x01,0x00,0x00,0xcd,0x41,0x25,0x02,0x00,0x00,0x61,0x01,0x00,
0xba,0x46,0x24,0x01,0x00,0x04,0x15,0x02,0x00,0x00,0x9c,0xcd,0x41,0x25,0x02,0x00,
0x00,0x61,0x01,0x00,0xbb,0x46,0x24,0x01,0x00,0x9c,0x24,0x01,0x00,0x0e,0x81,0x00,
0xf0,0xcd,0x0e,0x83,0x61,0x00,0x00,0x41,0x63,0x00,0x00,0x00,0x04,0x14,0x02,0x00,
0x00,0x25,0x01,0x00,0xb4,0x04,0xad,0x07,0x07,0x10,0x73,0x08,0x2a,0x16,0x20,0x1a,
0x2a,0x10,0x20,0x0c,0x20,0x1a,0x5b,0x69,0x32,0x1a,0x00,0x0c,0x42,0x0b,0x01,0x00,
0x02,0x02,0x02,0x09,0x00,0x00,0x00,0x2c,0x04,0xaa,0x05,0x00,0x01,0x00,0xcc,0x08,
0x00,0x01,0x00,0xc2,0x08,0x02,0x00,0x30,0x10,0x00,0x01,0x00,0x08,0xd0,0x60,0x00,
0x00,0xcc,0x40,0x0c,0x02,0x00,0x00,0x7e,0xf2,0x18,0xcf,0xd7,0x41,0xc5,0x01,0x00,
0x00,0xd8,0x61,0x00,0x00,0xbb,0x46,0x61,0x00,0x00,0xba,0x46,0xcc,0x24,0x04,0x00,
0x0e,0x81,0x00,0xf0,0xe6,0x0e,0x83,0x29,0xb4,0x04,0xb4,0x07,0x07,0x06,0x4f,0x08,
0x20,0x1c,0x6a,0x1f,0x00,0x0c,0x42,0x0b,0x01,0x00,0x00,0x01,0x00,0x02,0x00,0x00,
0x00,0x16,0x01,0x10,0x00,0x01,0x00,0x08,0xcf,0xcb,0x40,0x0c,0x02,0x00,0x00,0x38,
0xa4,0x00,0x00,0x00,0x40,0x0f,0x02,0x00,0x00,0x47,0x25,0x00,0x00,0xb4,0x04,0xb9,
0x07,0x07,0x02,0x62,0x3a,0x00,0x0c,0x42,0x0b,0x01,0x00,0x00,0x03,0x00,0x03,0x02,
0x00,0x02,0x2e,0x03,0xce,0x08,0x01,0x00,0x70,0x01,0xcc,0x05,0x01,0x01,0x60,0x00,
0x10,0x00,0x01,0x00,0x0c,0x43,0x0a,0x01,0x00,0x00,0x00,0x00,0x04,0x00,0x02,0x00,
0x2c,0x00,0xcc,0x05,0x01,0x10,0xce,0x08,0x00,0x18,0x64,0x00,0x00,0x64,0x01,0x00,
0xef,0xa5,0xf0,0x1b,0x0b,0x64,0x01,0x00,0x64,0x00,0x00,0x90,0x65,0x00,0x00,0x46,
0xba,0x46,0x4b,0x44,0x00,0x00,0x00,0x09,0x4b,0x71,0x00,0x00,0x00,0x28,0x0b,0x0a,
0x4b,0x71,0x00,0x00,0x00,0x28,0xb4,0x04,0xc0,0x07,0x11,0x02,0x12,0x08,0x00,0x0c,
0x43,0x0a,0x01,0x00,0x00,0x01,0x00,0x01,0x00,0x00,0x00,0x04,0x01,0x10,0x00,0x01,
0x00,0x08,0xcf,0xcb,0x28,0xb4,0x04,0xc6,0x07,0x1e,0x00,0x00,0x08,0xd1,0x60,0x01,
0x00,0x60,0x00,0x00,0xcd,0x40,0x0c,0x02,0x00,0x00,0xcf,0xba,0xd0,0x0b,0xc5,0x00,
0x4c,0x72,0x00,0x00,0x00,0x4b,0x72,0x00,0x00,0x00,0x38,0xa4,0x00,0x00,0x00,0x40,
0x0f,0x02,0x00,0x00,0xc5,0x01,0x4d,0x50,0x0e,0x28,0xb4,0x04,0xbc,0x07,0x07,0x00,
0x00,0x0c,0x42,0x0b,0x01,0x00,0x00,0x03,0x00,0x03,0x02,0x00,0x02,0x2e,0x03,0xce,
0x08,0x01,0x00,0x70,0x01,0xcc,0x05,0x01,0x01,0x60,0x00,0x10,0x00,0x01,0x00,0x0c,
0x43,0x0a,0x01,0x00,0x00,0x00,0x00,0x04,0x00,0x02,0x00,0x2c,0x00,0xcc,0x05,0x01,
0x10,0xce,0x08,0x00,0x18,0x64,0x00,0x00,0x64,0x01,0x00,0xef,0xa5,0xf0,0x1b,0x0b,
0x64,0x01,0x00,0x64,0x00,0x00,0x90,0x65,0x00,0x00,0x46,0xbb,0x46,0x4b,0x44,0x00,
0x00,0x00,0x09,0x4b,0x71,0x00,0x00,0x00,0x28,0x0b,0x0a,0x4b,0x71,0x00,0x00,0x00,
0x28,0xb4,0x04,0xcf,0x07,0x11,0x02,0x12,0x08,0x00,0x0c,0x43,0x0a,0x01,0x00,0x00,
0x01,0x00,0x01,0x00,0x00,0x00,0x04,0x01,0x10,0x00,0x01,0x00,0x08,0xcf,0xcb,0x28,
0xb4,0x04,0xd5,0x07,0x1e,0x00,0x00,0x08,0xd1,0x60,0x01,0x00,0x60,0x00,0x00,0xcd,
0x40,0x0c,0x02,0x00,0x00,0xcf,0xba,0xd0,0x0b,0xc5,0x00,0x4c,0x72,0x00,0x00,0x00,
0x4b,0x72,0x00,0x00,0x00,0x38,0xa4,0x00,0x00,0x00,0x40,0x0f,0x02,0x00,0x00,0xc5,
0x01,0x4d,0x50,0x0e,0x28,0xb4,0x04,0xcb,0x07,0x07,0x00,0x00,0x0c,0x42,0x0b,0x01,
0x00,0x00,0x01,0x00,0x02,0x00,0x00,0x00,0x0b,0x01,0x10,0x00,0x01,0x00,0x08,0xcf,
0xcb,0x41,0x4c,0x01,0x00,0x00,0x25,0x00,0x00,0xb4,0x04,0xda,0x07,0x0f,0x02,0x2b,
0x0c,0x00,0x0c,0x42,0x0b,0x01,0x00,0x02,0x02,0x02,0x04,0x00,0x02,0x00,0x3c,0x04,
0xd0,0x08,0x00,0x01,0x00,0xd2,0x08,0x00,0x01,0x00,0xd4,0x08,0x01,0x00,0x20,0x10,
0x00,0x01,0x00,0xfe,0x01,0x04,0x18,0x92,0x08,0x03,0x18,0x08,0xd0,0x2b,0x64,0x00,
0x00,0x11,0xf0,0x06,0xcc,0x1b,0x24,0x00,0x00,0x0e,0x60,0x00,0x00,0x07,0xcf,0xd8,
0xf0,0x18,0xd8,0x64,0x01,0x00,0xa9,0xf0,0x04,0xd8,0xf2,0x09,0x64,0x01,0x00,0x11,
0xd8,0x21,0x01,0x00,0x11,0x62,0x00,0x00,0x0e,0xcc,0x41,0x0e,0x02,0x00,0x00,0xd7,
0x61,0x00,0x00,0x24,0x02,0x00,0x29,0xb4,0x04,0xdf,0x07,0x07,0x0a,0x78,0x08,0x07,
0x34,0x2f,0x24,0x45,0x5b,0x20,0x18,0x00,0x0c,0x42,0x0b,0x01,0x00,0x02,0x14,0x02,
0x06,0x00,0x01,0x02,0x9b,0x07,0x16,0xd0,0x08,0x00,0x01,0x00,0xd4,0x08,0x00,0x01,
0x00,0xd6,0x08,0x01,0x00,0x30,0xd8,0x08,0x01,0x01,0x20,0xda,0x08,0x01,0x02,0x20,
0xdc,0x08,0x01,0x03,0x20,0xde,0x08,0x01,0x04,0x20,0xe0,0x08,0x01,0x05,0x20,0xe2,
0x08,0x01,0x06,0x20,0xd6,0x06,0x01,0x07,0x20,0xe4,0x08,0x01,0x08,0x20,0xe6,0x08,
0x01,0x09,0x20,0xe8,0x08,0x01,0x0a,0x30,0xea,0x08,0x01,0x0b,0x30,0xec,0x08,0x09,
0x12,0x20,0xee,0x08,0x09,0x0d,0x30,0xf0,0x08,0x15,0x12,0x30,0xf2,0x08,0x15,0x0f,
0x30,0xf4,0x08,0x01,0x0c,0x30,0xf6,0x08,0x01,0x11,0x20,0xf8,0x08,0x19,0x12,0x30,
0x10,0x00,0x01,0x00,0x90,0x08,0x02,0x10,0x07,0x86,0x02,0x5e,0x28,0x3f,0x3a,0x28,
0x5b,0x61,0x2d,0x7a,0x5d,0x5b,0x61,0x2d,0x7a,0x30,0x2d,0x39,0x2b,0x2e,0x2d,0x5d,
0x2a,0x29,0x3a,0x29,0x3f,0x28,0x3f,0x3a,0x5c,0x2f,0x5c,0x2f,0x28,0x3f,0x3a,0x28,
0x5b,0x5e,0x3a,0x40,0x5d,0x2a,0x29,0x28,0x3f,0x3a,0x3a,0x28,0x5b,0x5e,0x40,0x5d,
0x2a,0x29,0x29,0x3f,0x40,0x29,0x3f,0x28,0x5c,0x5b,0x5b,0x5e,0x5c,0x5d,0x5d,0x2a,
0x5c,0x5d,0x7c,0x5b,0x5e,0x3a,0x2f,0x3f,0x23,0x5d,0x2a,0x29,0x28,0x3f,0x3a,0x3a,
0x28,0x5c,0x64,0x2b,0x29,0x29,0x3f,0x29,0x3f,0x28,0x5c,0x2f,0x3f,0x5b,0x5e,0x3f,
0x23,0x5d,0x2a,0x29,0x3f,0x28,0x3f,0x3a,0x5c,0x3f,0x28,0x5b,0x5e,0x23,0x5d,0x2a,
0x29,0x29,0x3f,0x28,0x3f,0x3a,0x23,0x28,0x2e,0x2a,0x29,0x29,0x3f,0x24,0x07,0xac,
0x07,0x02,0x00,0x09,0x03,0xce,0x01,0x00,0x00,0x09,0x06,0x00,0x00,0x00,0x05,0x08,
0xf5,0xff,0xff,0xff,0x0c,0x00,0x06,0x0e,0x01,0x01,0x0a,0x34,0x00,0x00,0x00,0x1a,
0x0c,0x01,0x16,0x01,0x00,0x41,0x00,0x5a,0x00,0x1d,0x14,0x00,0x00,0x00,0x00,0x00,
0x00,0x00,0xff,0xff,0xff,0x7f,0x01,0x00,0x00,0x00,0x16,0x04,0x00,0x2b,0x00,0x2b,
0x00,0x2d,0x00,0x2e,0x00,0x30,0x00,0x39,0x00,0x41,0x00,0x5a,0x00,0x0b,0x0d,0x01,
0x01,0x3a,0x1b,0x0e,0x02,0x05,0x0a,0xe5,0x00,0x00,0x00,0x1a,0x01,0x2f,0x01,0x2f,
0x0e,0x02,0x03,0x0a,0x56,0x00,0x00,0x00,0x1a,0x0c,0x02,0x1d,0x10,0x00,0x00,0x00,
0x00,0x00,0x00,0x00,0xff,0xff,0xff,0x7f,0x01,0x00,0x00,0x00,0x16,0x03,0x00,0x00,
0x00,0x39,0x00,0x3b,0x00,0x3f,0x00,0x41,0x00,0xff,0xff,0x0b,0x0d,0x02,0x0e,0x03,
0x03,0x0a,0x25,0x00,0x00,0x00,0x1a,0x01,0x3a,0x0c,0x03,0x1d,0x0c,0x00,0x00,0x00,
0x00,0x00,0x00,0x00,0xff,0xff,0xff,0x7f,0x01,0x00,0x00,0x00,0x16,0x02,0x00,0x00,
0x00,0x3f,0x00,0x41,0x00,0xff,0xff,0x0b,0x0d,0x03,0x1b,0x01,0x40,0x1b,0x0c,0x04,
0x0a,0x26,0x00,0x00,0x00,0x01,0x5b,0x1d,0x0c,0x00,0x00,0x00,0x00,0x00,0x00,0x00,
0xff,0xff,0xff,0x7f,0x01,0x00,0x00,0x00,0x16,0x02,0x00,0x00,0x00,0x5c,0x00,0x5e,
0x00,0xff,0xff,0x0b,0x01,0x5d,0x08,0x29,0x00,0x00,0x00,0x1d,0x18,0x00,0x00,0x00,
0x00,0x00,0x00,0x00,0xff,0xff,0xff,0x7f,0x01,0x00,0x00,0x00,0x16,0x05,0x00,0x00,
0x00,0x22,0x00,0x24,0x00,0x2e,0x00,0x30,0x00,0x39,0x00,0x3b,0x00,0x3e,0x00,0x40,
0x00,0xff,0xff,0x0b,0x0d,0x04,0x0e,0x05,0x05,0x0a,0x21,0x00,0x00,0x00,0x1a,0x01,
0x3a,0x0c,0x05,0x1d,0x08,0x00,0x00,0x00,0x01,0x00,0x00,0x00,0xff,0xff,0xff,0x7f,
0x01,0x00,0x00,0x00,0x16,0x01,0x00,0x30,0x00,0x39,0x00,0x0b,0x0d,0x05,0x1b,0x1b,
0x0e,0x06,0x06,0x0a,0x3b,0x00,0x00,0x00,0x1a,0x0c,0x06,0x1d,0x03,0x00,0x00,0x00,
0x00,0x00,0x00,0x00,0x01,0x00,0x00,0x00,0x01,0x00,0x00,0x00,0x01,0x2f,0x0b,0x1d,
0x10,0x00,0x00,0x00,0x00,0x00,0x00,0x00,0xff,0xff,0xff,0x7f,0x01,0x00,0x00,0x00,
0x16,0x03,0x00,0x00,0x00,0x22,0x00,0x24,0x00,0x3e,0x00,0x40,0x00,0xff,0xff,0x0b,
0x0d,0x06,0x1b,0x0e,0x07,0x07,0x0a,0x25,0x00,0x00,0x00,0x1a,0x01,0x3f,0x0c,0x07,
0x1d,0x0c,0x00,0x00,0x00,0x00,0x00,0x00,0x00,0xff,0xff,0xff,0x7f,0x01,0x00,0x00,
0x00,0x16,0x02,0x00,0x00,0x00,0x22,0x00,0x24,0x00,0xff,0xff,0x0b,0x0d,0x07,0x1b,
0x0e,0x08,0x08,0x0a,0x1b,0x00,0x00,0x00,0x1a,0x01,0x23,0x0c,0x08,0x1d,0x02,0x00,
0x00,0x00,0x00,0x00,0x00,0x00,0xff,0xff,0xff,0x7f,0x01,0x00,0x00,0x00,0x04,0x0b,
0x0d,0x08,0x1b,0x07,0x0d,0x00,0x0b,0x08,0xc8,0x13,0x60,0x11,0x00,0x60,0x10,0x00,
0x60,0x0b,0x00,0x60,0x0a,0x00,0x60,0x09,0x00,0x60,0x08,0x00,0x60,0x07,0x00,0x60,
0x06,0x00,0x60,0x05,0x00,0x60,0x04,0x00,0x60,0x03,0x00,0x60,0x02,0x00,0x60,0x01,
0x00,0x60,0x00,0x00,0xd7,0x96,0x04,0x4c,0x00,0x00,0x00,0xae,0xf0,0x10,0x38,0xda,
0x00,0x00,0x00,0x11,0x04,0x3d,0x02,0x00,0x00,0x21,0x01,0x00,0x30,0xd7,0x41,0x3e,
0x02,0x00,0x00,0x24,0x00,0x00,0xdb,0xc4,0x00,0xc4,0x01,0x34,0xcf,0xd7,0x41,0x2c,
0x02,0x00,0x00,0x61,0x00,0x00,0x24,0x01,0x00,0xd0,0x61,0x01,0x00,0x95,0xf0,0x12,
0x38,0xda,0x00,0x00,0x00,0x11,0x04,0x3f,0x02,0x00,0x00,0xd7,0x9c,0x21,0x01,0x00,
0x30,0x06,0x11,0xf8,0xf1,0x2f,0x7e,0x81,0x00,0x0e,0x0e,0x81,0x00,0x0e,0xd1,0x81,
0x00,0x0e,0xd2,0x81,0x00,0x0e,0xc8,0x04,0x81,0x00,0x0e,0xc8,0x05,0x81,0x00,0x0e,
0xc8,0x06,0x81,0x00,0x0e,0xc8,0x07,0x81,0x00,0x0e,0xc8,0x08,0x81,0x00,0x0e,0xc8,
0x09,0x83,0xf2,0x07,0x0e,0x61,0x01,0x00,0xf2,0xcd,0x61,0x02,0x00,0x95,0xf0,0x16,
0xd8,0x95,0xf0,0x12,0x38,0xda,0x00,0x00,0x00,0x11,0x04,0x40,0x02,0x00,0x00,0xd7,
0x9c,0x21,0x01,0x00,0x30,0x0b,0xbb,0x4b,0x41,0x02,0x00,0x00,0xbb,0x4b,0x42,0x02,
0x00,0x00,0xbb,0x4b,0x43,0x02,0x00,0x00,0xbb,0x4b,0x44,0x02,0x00,0x00,0xbb,0x4b,
0x45,0x02,0x00,0x00,0xc8,0x0a,0x61,0x02,0x00,0xf0,0x0e,0x61,0x02,0x00,0x41,0x46,
0x02,0x00,0x00,0x24,0x00,0x00,0xf2,0x02,0xc6,0xc8,0x0b,0x61,0x0b,0x00,0x68,0x9b,
0x00,0x00,0x00,0x61,0x0a,0x00,0x61,0x0b,0x00,0x46,0x68,0x8f,0x00,0x00,0x00,0x61,
0x05,0x00,0x95,0x68,0x86,0x00,0x00,0x00,0x61,0x07,0x00,0xf0,0x7e,0x60,0x0d,0x00,
0x60,0x0c,0x00,0x61,0x07,0x00,0xc8,0x0c,0x61,0x0c,0x00,0xba,0x46,0x04,0x47,0x02,
0x00,0x00,0xad,0xf0,0x12,0x61,0x0c,0x00,0x41,0xc3,0x01,0x00,0x00,0xbb,0x24,0x01,
0x00,0x11,0x62,0x0c,0x00,0x0e,0x61,0x0c,0x00,0x41,0x4f,0x01,0x00,0x00,0x04,0x47,
0x02,0x00,0x00,0x24,0x01,0x00,0xc8,0x0d,0x61,0x0d,0x00,0xba,0xa5,0xf0,0x15,0x61,
0x0c,0x00,0x11,0x62,0x05,0x00,0x0e,0x04,0x47,0x02,0x00,0x00,0x11,0x62,0x07,0x00,
0x0e,0xf2,0x28,0x61,0x0c,0x00,0x41,0xc3,0x01,0x00,0x00,0xba,0x61,0x0d,0x00,0x24,
0x02,0x00,0x11,0x62,0x05,0x00,0x0e,0x61,0x0c,0x00,0x41,0xc3,0x01,0x00,0x00,0x61,
0x0d,0x00,0x24,0x01,0x00,0x11,0x62,0x07,0x00,0x0e,0x61,0x0b,0x00,0xf0,0x2c,0x61,
0x0a,0x00,0x61,0x0b,0x00,0x46,0xf0,0x23,0x61,0x05,0x00,0x95,0xf0,0x1d,0x61,0x0b,
0x00,0x04,0x48,0x02,0x00,0x00,0xae,0xf0,0x12,0x38,0xda,0x00,0x00,0x00,0x11,0x04,
0x3f,0x02,0x00,0x00,0xd7,0x9c,0x21,0x01,0x00,0x30,0x61,0x02,0x00,0x95,0x68,0xbc,
0x00,0x00,0x00,0xd8,0x68,0xb6,0x00,0x00,0x00,0xd8,0x40,0x49,0x02,0x00,0x00,0x11,
0x62,0x02,0x00,0x0e,0x61,0x05,0x00,0x95,0x68,0xa2,0x00,0x00,0x00,0xd8,0x40,0x4a,
0x02,0x00,0x00,0x11,0x62,0x05,0x00,0x0e,0xd8,0x40,0x4b,0x02,0x00,0x00,0x11,0x62,
0x06,0x00,0x0e,0xd8,0x40,0x4c,0x02,0x00,0x00,0x11,0x62,0x03,0x00,0x0e,0xd8,0x40,
0x4d,0x02,0x00,0x00,0x11,0x62,0x04,0x00,0x0e,0x61,0x07,0x00,0xf0,0x5d,0x61,0x07,
0x00,0xba,0x46,0x04,0x47,0x02,0x00,0x00,0xae,0xf0,0x50,0x60,0x0f,0x00,0x60,0x0e,
0x00,0xd8,0x40,0x4e,0x02,0x00,0x00,0x11,0xf1,0x07,0x0e,0x04,0x47,0x02,0x00,0x00,
0xc8,0x0e,0x61,0x0e,0x00,0x41,0x4f,0x02,0x00,0x00,0xba,0x61,0x0e,0x00,0x41,0x50,
0x02,0x00,0x00,0x04,0x47,0x02,0x00,0x00,0x24,0x01,0x00,0xbb,0x9c,0x24,0x02,0x00,
0xc8,0x0f,0xc7,0x13,0x41,0x51,0x02,0x00,0x00,0x61,0x0f,0x00,0x61,0x07,0x00,0x9c,
0x24,0x01,0x00,0x11,0x62,0x07,0x00,0x0e,0xf2,0x12,0x61,0x07,0x00,0x95,0xf0,0x0c,
0xd8,0x40,0x4e,0x02,0x00,0x00,0x11,0x62,0x07,0x00,0x0e,0xc7,0x13,0x61,0x02,0x00,
0x11,0xf1,0x03,0x0e,0xc6,0x41,0x46,0x02,0x00,0x00,0x24,0x00,0x00,0x42,0x49,0x02,
0x00,0x00,0xc7,0x13,0x61,0x03,0x00,0x11,0xf1,0x03,0x0e,0xc6,0x42,0x4c,0x02,0x00,
0x00,0xc7,0x13,0x61,0x04,0x00,0x11,0xf1,0x03,0x0e,0xc6,0x42,0x4d,0x02,0x00,0x00,
0x61,0x05,0x00,0xf0,0x14,0x38,0xa2,0x00,0x00,0x00,0x61,0x05,0x00,0xf5,0x41,0x46,
0x02,0x00,0x00,0x24,0x00,0x00,0xf2,0x02,0xc6,0xc8,0x10,0x61,0x06,0x00,0x11,0xf1,
0x03,0x0e,0xc6,0xc8,0x11,0x61,0x11,0x00,0xc6,0xae,0xf0,0x3e,0x60,0x12,0x00,0x38,
0xa1,0x00,0x00,0x00,0x61,0x11,0x00,0xf5,0xc8,0x12,0x38,0xa1,0x00,0x00,0x00,0x41,
0x52,0x02,0x00,0x00,0x61,0x12,0x00,0x24,0x01,0x00,0x95,0x11,0xf1,0x14,0x0e,0x61,
0x12,0x00,0xba,0xa5,0x11,0xf1,0x0b,0x0e,0x61,0x12,0x00,0x01,0xff,0xff,0x00,0x00,
0xa7,0xf0,0x07,0xc6,0x11,0x62,0x11,0x00,0x0e,0xc7,0x13,0x61,0x10,0x00,0x42,0x4a,
0x02,0x00,0x00,0xc7,0x13,0x61,0x11,0x00,0x42,0x4b,0x02,0x00,0x00,0xc7,0x13,0x61,
0x07,0x00,0x11,0xf1,0x07,0x0e,0x04,0x47,0x02,0x00,0x00,0x42,0x4e,0x02,0x00,0x00,
0xc7,0x13,0x61,0x08,0x00,0x11,0xf1,0x03,0x0e,0xc6,0x42,0x1f,0x02,0x00,0x00,0xc7,
0x13,0x61,0x09,0x00,0x11,0xf1,0x03,0x0e,0xc6,0x42,0x53,0x02,0x00,0x00,0xc7,0x13,
0x64,0x00,0x00,0x11,0xc7,0x13,0x40,0x1f,0x02,0x00,0x00,0x21,0x01,0x00,0x42,0x54,
0x02,0x00,0x00,0xc7,0x13,0x40,0x54,0x02,0x00,0x00,0xc7,0x13,0x42,0x0d,0x02,0x00,
0x00,0x29,0xb4,0x04,0xe6,0x07,0x07,0x7d,0xe9,0x2a,0x30,0x0d,0x4f,0x17,0x20,0x14,
0x54,0x18,0x45,0x13,0x39,0x38,0x00,0x36,0x04,0x47,0x63,0x10,0x39,0x54,0x00,0x34,
0x06,0x1f,0x00,0x3a,0x06,0x27,0x2a,0x0a,0x2a,0x18,0x58,0x21,0x44,0x0d,0x17,0x0d,
0x2b,0x00,0x40,0x00,0x2a,0x18,0x3f,0x17,0x2a,0x24,0xaf,0x60,0x2b,0x73,0x39,0x38,
0x6e,0x4b,0x68,0x04,0x3a,0x00,0x3a,0x00,0x3a,0x00,0x6c,0x30,0xc7,0x06,0x2f,0x2c,
0x2a,0x26,0x26,0x83,0x01,0x25,0x32,0x11,0x14,0x68,0x45,0x00,0x0b,0x08,0x0b,0x4d,
0x44,0x2b,0x43,0x4e,0x00,0x80,0x3e,0x2f,0x0c,0x6d,0x29,0x3f,0x12,0x53,0x01,0x48,
0x2c,0x2f,0x1e,0x2b,0x71,0x23,0x07,0x35,0x00,0x35,0x00,0x62,0x00,0x4e,0x00,0x4e,
0x00,0x0c,0x32,0x62,0x31,0x00,0x0c,0x42,0x0b,0x01,0x00,0x01,0x04,0x01,0x06,0x00,
0x00,0x00,0xe5,0x01,0x05,0xd6,0x06,0x00,0x01,0x00,0xc8,0x08,0x01,0x00,0x30,0xd0,
0x05,0x01,0x01,0x30,0xaa,0x09,0x02,0x04,0x30,0xac,0x09,0x01,0x02,0x20,0x60,0x03,
0x00,0x60,0x01,0x00,0x60,0x00,0x00,0xd7,0x41,0x65,0x00,0x00,0x00,0x04,0x47,0x02,
0x00,0x00,0x24,0x01,0x00,0xcf,0x26,0x00,0x00,0xd0,0x60,0x02,0x00,0x61,0x00,0x00,
0x7e,0xf2,0x56,0xd1,0x61,0x02,0x00,0x04,0x57,0x02,0x00,0x00,0xad,0xf0,0x29,0x61,
0x01,0x00,0xef,0xba,0xa7,0xf0,0x42,0x61,0x01,0x00,0x61,0x01,0x00,0xef,0xbb,0x9d,
0x46,0x04,0x57,0x02,0x00,0x00,0xae,0xf0,0x30,0x61,0x01,0x00,0x41,0x58,0x02,0x00,
0x00,0x24,0x00,0x00,0x0e,0xf2,0x22,0x61,0x02,0x00,0x04,0x59,0x02,0x00,0x00,0xae,
0xf0,0x17,0x61,0x02,0x00,0xc6,0xae,0xf0,0x10,0x61,0x01,0x00,0x41,0x52,0x01,0x00,
0x00,0x61,0x02,0x00,0x24,0x01,0x00,0x0e,0x81,0x00,0xf0,0xa8,0x0e,0x83,0x61,0x01,
0x00,0x41,0x63,0x00,0x00,0x00,0x04,0x47,0x02,0x00,0x00,0x24,0x01,0x00,0xd2,0xd7,
0xba,0x46,0x04,0x47,0x02,0x00,0x00,0xad,0xf0,0x0f,0x04,0x47,0x02,0x00,0x00,0x61,
0x03,0x00,0x9c,0x11,0x62,0x03,0x00,0x0e,0xd7,0xd7,0xef,0xbb,0x9d,0x46,0x04,0x47,
0x02,0x00,0x00,0xad,0xf0,0x21,0x61,0x03,0x00,0x61,0x03,0x00,0xef,0xbb,0x9d,0x46,
0x04,0x47,0x02,0x00,0x00,0xae,0xf0,0x0f,0x61,0x03,0x00,0x04,0x47,0x02,0x00,0x00,
0x9c,0x11,0x62,0x03,0x00,0x0e,0x61,0x03,0x00,0x11,0xf1,0x07,0x0e,0x04,0x47,0x02,
0x00,0x00,0x28,0xb4,0x04,0xa8,0x08,0x07,0x2f,0x4e,0x2a,0x87,0x07,0x3f,0x12,0x39,
0x38,0x11,0x0e,0x2b,0x69,0x2a,0x0e,0x31,0x12,0x39,0x20,0x17,0x43,0x2a,0x18,0x00,
0x0c,0x0b,0x1f,0x00,0x09,0x12,0x2c,0x3f,0x0b,0x2a,0x0a,0x1b,0x22,0x3f,0x1d,0x11,
0x0e,0x4d,0x44,0x11,0x0e,0x2b,0x89,0x01,0x00,0x0c,0x42,0x0b,0x01,0x00,0x00,0x01,
0x00,0x02,0x00,0x00,0x00,0x0b,0x01,0x10,0x00,0x01,0x00,0x08,0xcf,0xcb,0x41,0x3b,
0x00,0x00,0x00,0x25,0x00,0x00,0xb4,0x04,0xbc,0x08,0x0b,0x02,0x2b,0x14,0x00,0x0c,
0x42,0x0b,0x01,0x00,0x00,0x01,0x00,0x03,0x00,0x00,0x00,0x39,0x01,0x10,0x00,0x01,
0x00,0x08,0xcf,0xcb,0x40,0x4a,0x02,0x00,0x00,0x95,0xf0,0x03,0xc6,0x28,0xcb,0x40,
0x49,0x02,0x00,0x00,0x04,0x5a,0x02,0x00,0x00,0x9c,0xcb,0x40,0x4a,0x02,0x00,0x00,
0x9c,0xcb,0x40,0x4b,0x02,0x00,0x00,0xf0,0x0f,0x04,0x5b,0x02,0x00,0x00,0xcb,0x40,
0x4b,0x02,0x00,0x00,0x9c,0xf2,0x02,0xc6,0x9c,0x28,0xb4,0x04,0xbf,0x08,0x0b,0x08,
0x63,0x2c,0x20,0x0e,0x25,0x1a,0x43,0x28,0x00,0x0c,0x42,0x0b,0x01,0x00,0x00,0x01,
0x00,0x02,0x00,0x00,0x00,0x0f,0x01,0x10,0x00,0x01,0x00,0x08,0xcf,0xcb,0x40,0x49,
0x02,0x00,0x00,0x04,0x5b,0x02,0x00,0x00,0x9c,0x28,0xb4,0x04,0xc3,0x08,0x0b,0x02,
0x2b,0x2c,0x00,0x0c,0x42,0x0b,0x01,0x00,0x00,0x01,0x00,0x01,0x00,0x00,0x00,0x09,
0x01,0x10,0x00,0x01,0x00,0x08,0xcf,0xcb,0x40,0x4c,0x02,0x00,0x00,0x28,0xb4,0x04,
0xc6,0x08,0x0b,0x00,0x00,0x0c,0x42,0x0b,0x01,0x00,0x00,0x01,0x00,0x01,0x00,0x00,
0x00,0x09,0x01,0x10,0x00,0x01,0x00,0x08,0xcf,0xcb,0x40,0x4d,0x02,0x00,0x00,0x28,
0xb4,0x04,0xc9,0x08,0x0b,0x00,0x00,0x0c,0x42,0x0b,0x01,0x00,0x00,0x01,0x00,0x03,
0x00,0x00,0x00,0x21,0x01,0x10,0x00,0x01,0x00,0x08,0xcf,0xcb,0x40,0x4a,0x02,0x00,
0x00,0xcb,0x40,0x4b,0x02,0x00,0x00,0xf0,0x0f,0x04,0x5b,0x02,0x00,0x00,0xcb,0x40,
0x4b,0x02,0x00,0x00,0x9c,0xf2,0x02,0xc6,0x9c,0x28,0xb4,0x04,0xcc,0x08,0x0b,0x04,
0x2b,0x24,0x43,0x28,0x00,0x0c,0x42,0x0b,0x01,0x00,0x00,0x01,0x00,0x01,0x00,0x00,
0x00,0x09,0x01,0x10,0x00,0x01,0x00,0x08,0xcf,0xcb,0x40,0x4a,0x02,0x00,0x00,0x28,
0xb4,0x04,0xcf,0x08,0x0b,0x00,0x00,0x0c,0x42,0x0b,0x01,0x00,0x00,0x01,0x00,0x01,
0x00,0x00,0x00,0x09,0x01,0x10,0x00,0x01,0x00,0x08,0xcf,0xcb,0x40,0x4b,0x02,0x00,
0x00,0x28,0xb4,0x04,0xd2,0x08,0x0b,0x00,0x00,0x0c,0x42,0x0b,0x01,0x00,0x00,0x01,
0x00,0x01,0x00,0x00,0x00,0x09,0x01,0x10,0x00,0x01,0x00,0x08,0xcf,0xcb,0x40,0x4e,
0x02,0x00,0x00,0x28,0xb4,0x04,0xd5,0x08,0x0b,0x00,0x00,0x0c,0x42,0x0b,0x01,0x00,
0x00,0x01,0x00,0x02,0x00,0x00,0x00,0x19,0x01,0x10,0x00,0x01,0x00,0x08,0xcf,0xcb,
0x40,0x1f,0x02,0x00,0x00,0xf0,0x0e,0x04,0x13,0x02,0x00,0x00,0xcb,0x40,0x1f,0x02,
0x00,0x00,0x9c,0x28,0xc6,0x28,0xb4,0x04,0xd8,0x08,0x0b,0x02,0x4e,0x34,0x00,0x0c,
0x42,0x0b,0x01,0x00,0x00,0x01,0x00,0x01,0x00,0x00,0x00,0x09,0x01,0x10,0x00,0x01,
0x00,0x08,0xcf,0xcb,0x40,0x54,0x02,0x00,0x00,0x28,0xb4,0x04,0xdb,0x08,0x0b,0x00,
0x00,0x0c,0x42,0x0b,0x01,0x00,0x00,0x01,0x00,0x02,0x00,0x00,0x00,0x19,0x01,0x10,
0x00,0x01,0x00,0x08,0xcf,0xcb,0x40,0x53,0x02,0x00,0x00,0xf0,0x0e,0x04,0x5c,0x02,
0x00,0x00,0xcb,0x40,0x53,0x02,0x00,0x00,0x9c,0x28,0xc6,0x28,0xb4,0x04,0xde,0x08,
0x0b,0x02,0x4e,0x30,0x00,0x0c,0x42,0x0b,0x01,0x00,0x01,0x01,0x01,0x04,0x00,0x00,
0x00,0x35,0x02,0xba,0x09,0x00,0x01,0x00,0x10,0x00,0x01,0x00,0x08,0xcf,0x38,0xa2,
0x00,0x00,0x00,0xd7,0xf5,0x41,0x46,0x02,0x00,0x00,0x24,0x00,0x00,0xdf,0x41,0x5e,
0x02,0x00,0x00,0x04,0x5b,0x02,0x00,0x00,0x24,0x01,0x00,0xf0,0x0d,0xd7,0x41,0xc3,
0x01,0x00,0x00,0xba,0xb9,0x24,0x02,0x00,0xdb,0xcb,0xd7,0x42,0x49,0x02,0x00,0x00,
0x29,0xb4,0x04,0xe2,0x08,0x0b,0x0e,0x0d,0x03,0x1b,0x16,0x25,0x06,0x30,0x0f,0x34,
0x1e,0x20,0x0c,0x21,0x35,0x00,0x0c,0x42,0x0b,0x01,0x00,0x01,0x01,0x01,0x03,0x00,
0x00,0x00,0x10,0x02,0xba,0x09,0x00,0x01,0x00,0x10,0x00,0x01,0x00,0x08,0xcf,0xcb,
0x38,0xa2,0x00,0x00,0x00,0xd7,0xf5,0x42,0x4c,0x02,0x00,0x00,0x29,0xb4,0x04,0xe7,
0x08,0x0b,0x04,0x0d,0x03,0x20,0x30,0x00,0x0c,0x42,0x0b,0x01,0x00,0x01,0x01,0x01,
0x03,0x00,0x00,0x00,0x10,0x02,0xba,0x09,0x00,0x01,0x00,0x10,0x00,0x01,0x00,0x08,
0xcf,0xcb,0x38,0xa2,0x00,0x00,0x00,0xd7,0xf5,0x42,0x4d,0x02,0x00,0x00,0x29,0xb4,
0x04,0xea,0x08,0x0b,0x04,0x0d,0x03,0x20,0x30,0x00,0x0c,0x42,0x0b,0x01,0x00,0x01,
0x07,0x01,0x05,0x00,0x00,0x00,0xb2,0x02,0x08,0xba,0x09,0x00,0x01,0x00,0xbe,0x09,
0x01,0x00,0x20,0xc0,0x09,0x01,0x01,0x20,0xc2,0x09,0x03,0x02,0x30,0xc4,0x09,0x05,
0x03,0x30,0xc6,0x09,0x07,0x02,0x30,0xc8,0x09,0x0b,0x02,0x30,0x10,0x00,0x01,0x00,
0x08,0xc8,0x06,0x60,0x01,0x00,0x60,0x00,0x00,0x38,0xa2,0x00,0x00,0x00,0xd7,0xf5,
0xdf,0xcf,0xc6,0xd0,0xd7,0xba,0x46,0x04,0x65,0x02,0x00,0x00,0xad,0xf0,0x63,0x60,
0x02,0x00,0xd7,0x41,0x4f,0x01,0x00,0x00,0x04,0x66,0x02,0x00,0x00,0x24,0x01,0x00,
0xd1,0x61,0x02,0x00,0xba,0xa8,0x68,0x89,0x00,0x00,0x00,0x60,0x03,0x00,0xd7,0x41,
0xc3,0x01,0x00,0x00,0xba,0x61,0x02,0x00,0xbb,0x9c,0x24,0x02,0x00,0x11,0x62,0x00,
0x00,0x0e,0xd7,0x41,0xc3,0x01,0x00,0x00,0x61,0x02,0x00,0xbb,0x9c,0x24,0x01,0x00,
0xd2,0x61,0x03,0x00,0xba,0x46,0x04,0x5b,0x02,0x00,0x00,0xad,0xf0,0x53,0x61,0x03,
0x00,0x41,0xc3,0x01,0x00,0x00,0xbb,0x24,0x01,0x00,0x11,0x62,0x01,0x00,0x0e,0xf2,
0x40,0x60,0x04,0x00,0xd7,0x41,0x50,0x02,0x00,0x00,0x04,0x5b,0x02,0x00,0x00,0x24,
0x01,0x00,0xc8,0x04,0x61,0x04,0x00,0xba,0xa8,0xf0,0x26,0xd7,0x41,0xc3,0x01,0x00,
0x00,0xba,0x61,0x04,0x00,0x24,0x02,0x00,0x11,0x62,0x00,0x00,0x0e,0xd7,0x41,0xc3,
0x01,0x00,0x00,0x61,0x04,0x00,0xbb,0x9c,0x24,0x01,0x00,0x11,0x62,0x01,0x00,0x0e,
0x61,0x01,0x00,0xc6,0xae,0xf0,0x39,0x60,0x05,0x00,0x38,0xa1,0x00,0x00,0x00,0x61,
0x01,0x00,0xf5,0xc8,0x05,0x38,0xa1,0x00,0x00,0x00,0x41,0x52,0x02,0x00,0x00,0x61,
0x05,0x00,0x24,0x01,0x00,0x95,0x11,0xf1,0x14,0x0e,0x61,0x05,0x00,0xba,0xa5,0x11,
0xf1,0x0b,0x0e,0x61,0x05,0x00,0x01,0xff,0xff,0x00,0x00,0xa7,0xf0,0x02,0x29,0xc7,
0x06,0x61,0x00,0x00,0x41,0x46,0x02,0x00,0x00,0x24,0x00,0x00,0x42,0x4a,0x02,0x00,
0x00,0xc7,0x06,0x61,0x01,0x00,0xc6,0xad,0xf0,0x04,0xc6,0xf2,0x10,0x38,0xa2,0x00,
0x00,0x00,0x38,0xa1,0x00,0x00,0x00,0x61,0x01,0x00,0xf5,0xf5,0x42,0x4b,0x02,0x00,
0x00,0x29,0xb4,0x04,0xed,0x08,0x0b,0x3e,0x30,0x03,0x1b,0x16,0x31,0x04,0x58,0x0a,
0x3f,0x05,0x35,0x15,0x20,0x1a,0x16,0x22,0x53,0x0f,0x11,0x10,0x3a,0x19,0x2a,0x0a,
0x2a,0x22,0x69,0x2b,0x44,0x05,0x17,0x1b,0x20,0x1a,0x3f,0x19,0x20,0x26,0x11,0x16,
0x46,0x21,0x3f,0x06,0x53,0x08,0x48,0x18,0x2f,0x14,0x31,0x5b,0x34,0x2c,0x2b,0x2b,
0x1b,0x34,0x3e,0x22,0x1b,0x0e,0x00,0x0c,0x42,0x0b,0x01,0x00,0x01,0x01,0x01,0x03,
0x00,0x00,0x00,0x18,0x02,0xba,0x09,0x00,0x01,0x00,0x10,0x00,0x01,0x00,0x08,0xcf,
0xcb,0x38,0xa2,0x00,0x00,0x00,0xd7,0xf5,0x41,0x46,0x02,0x00,0x00,0x24,0x00,0x00,
0x42,0x4a,0x02,0x00,0x00,0x29,0xb4,0x04,0x85,0x09,0x0b,0x06,0x0d,0x03,0x20,0x28,
0x25,0x06,0x00,0x0c,0x42,0x0b,0x01,0x00,0x01,0x02,0x01,0x03,0x00,0x00,0x00,0x55,
0x03,0xba,0x09,0x00,0x01,0x00,0xc8,0x09,0x01,0x00,0x30,0x10,0x00,0x01,0x00,0x08,
0xd0,0x60,0x00,0x00,0x38,0xa2,0x00,0x00,0x00,0xd7,0xf5,0xdf,0xc6,0xad,0xf0,0x09,
0xcc,0xc6,0x42,0x4b,0x02,0x00,0x00,0x29,0x38,0xa1,0x00,0x00,0x00,0xd7,0xf5,0xcf,
0x38,0xa1,0x00,0x00,0x00,0x41,0x52,0x02,0x00,0x00,0x61,0x00,0x00,0x24,0x01,0x00,
0xf0,0x22,0x61,0x00,0x00,0xba,0xa8,0xf0,0x1b,0x61,0x00,0x00,0x01,0xff,0xff,0x00,
0x00,0xa6,0xf0,0x10,0xcc,0x38,0xa2,0x00,0x00,0x00,0x61,0x00,0x00,0xf5,0x42,0x4b,
0x02,0x00,0x00,0x29,0xb4,0x04,0x88,0x09,0x0b,0x14,0x1c,0x03,0x1b,0x16,0x12,0x01,
0x17,0x0f,0x46,0x20,0x44,0x06,0x39,0x1a,0x25,0x16,0x2b,0x55,0x20,0x28,0x00,0x0c,
0x42,0x0b,0x01,0x00,0x01,0x01,0x01,0x03,0x00,0x00,0x00,0x26,0x02,0xba,0x09,0x00,
0x01,0x00,0x10,0x00,0x01,0x00,0x08,0xcf,0x38,0xa2,0x00,0x00,0x00,0xd7,0xf5,0xdb,
0xcb,0xd7,0xba,0x46,0x04,0x47,0x02,0x00,0x00,0xad,0xf0,0x04,0xd7,0xf2,0x08,0x04,
0x47,0x02,0x00,0x00,0xd7,0x9c,0x42,0x4e,0x02,0x00,0x00,0x29,0xb4,0x04,0x93,0x09,
0x0b,0x0a,0x0d,0x03,0x1b,0x16,0x12,0x15,0x16,0x34,0x52,0x20,0x00,0x0c,0x42,0x0b,
0x01,0x00,0x01,0x01,0x01,0x04,0x00,0x00,0x00,0x54,0x02,0xba,0x09,0x00,0x01,0x00,
0x10,0x00,0x01,0x00,0x08,0xcf,0x38,0xa2,0x00,0x00,0x00,0xd7,0xf5,0xdb,0xcb,0xd7,
0xba,0x46,0x04,0x13,0x02,0x00,0x00,0xad,0xf0,0x0d,0xd7,0x41,0xc3,0x01,0x00,0x00,
0xbb,0x24,0x01,0x00,0xf2,0x02,0xd7,0x42,0x1f,0x02,0x00,0x00,0xcb,0x40,0x54,0x02,
0x00,0x00,0xf0,0x24,0xcb,0x40,0x54,0x02,0x00,0x00,0x26,0x00,0x00,0x42,0x0c,0x02,
0x00,0x00,0xcb,0x40,0x54,0x02,0x00,0x00,0x41,0x0e,0x02,0x00,0x00,0xcb,0x40,0x1f,
0x02,0x00,0x00,0x24,0x01,0x00,0x0e,0x29,0xb4,0x04,0x97,0x09,0x0b,0x10,0x0d,0x03,
0x1b,0x16,0x12,0x15,0x16,0x30,0x48,0x10,0x68,0x3b,0x49,0x00,0x39,0x34,0x00,0x0c,
0x42,0x0b,0x01,0x00,0x01,0x01,0x01,0x04,0x00,0x00,0x00,0x29,0x02,0xba,0x09,0x00,
0x01,0x00,0x10,0x00,0x01,0x00,0x08,0xcf,0x38,0xa2,0x00,0x00,0x00,0xd7,0xf5,0xdb,
0xcb,0xd7,0xba,0x46,0x04,0x5c,0x02,0x00,0x00,0xad,0xf0,0x0d,0xd7,0x41,0xc3,0x01,
0x00,0x00,0xbb,0x24,0x01,0x00,0xf2,0x02,0xd7,0x42,0x53,0x02,0x00,0x00,0x29,0xb4,
0x04,0x9f,0x09,0x0b,0x0a,0x0d,0x03,0x1b,0x16,0x12,0x15,0x16,0x2c,0x48,0x10,0x00,
0x0c,0x42,0x0b,0x01,0x00,0x01,0x01,0x01,0x04,0x00,0x00,0x00,0x0e,0x02,0xba,0x09,
0x00,0x01,0x00,0x10,0x00,0x01,0x00,0x08,0xcf,0xcb,0x41,0x0e,0x02,0x00,0x00,0xd7,
0x07,0x24,0x02,0x00,0x29,0xb4,0x04,0xa3,0x09,0x0b,0x04,0x0d,0x03,0x20,0x18,0x00,
0x0c,0x42,0x0b,0x01,0x00,0x00,0x02,0x00,0x03,0x00,0x00,0x00,0xe3,0x01,0x02,0xd0,
0x05,0x01,0x00,0x20,0x10,0x00,0x01,0x00,0x08,0xd0,0x60,0x00,0x00,0xcc,0x40,0x49,
0x02,0x00,0x00,0x04,0x5b,0x02,0x00,0x00,0x9c,0xcf,0xcc,0x40,0x4a,0x02,0x00,0x00,
0xf0,0x7d,0x61,0x00,0x00,0x04,0x5a,0x02,0x00,0x00,0x9c,0x11,0x62,0x00,0x00,0x0e,
0xcc,0x40,0x4c,0x02,0x00,0x00,0xf0,0x3b,0x61,0x00,0x00,0xcc,0x40,0x4c,0x02,0x00,
0x00,0x9c,0x11,0x62,0x00,0x00,0x0e,0xcc,0x40,0x4d,0x02,0x00,0x00,0xf0,0x16,0x61,
0x00,0x00,0x04,0x5b,0x02,0x00,0x00,0xcc,0x40,0x4d,0x02,0x00,0x00,0x9c,0x9c,0x11,
0x62,0x00,0x00,0x0e,0x61,0x00,0x00,0x04,0x67,0x02,0x00,0x00,0x9c,0x11,0x62,0x00,
0x00,0x0e,0x61,0x00,0x00,0xcc,0x40,0x4a,0x02,0x00,0x00,0x9c,0x11,0x62,0x00,0x00,
0x0e,0xcc,0x40,0x4b,0x02,0x00,0x00,0xf0,0x16,0x61,0x00,0x00,0x04,0x5b,0x02,0x00,
0x00,0xcc,0x40,0x4b,0x02,0x00,0x00,0x9c,0x9c,0x11,0x62,0x00,0x00,0x0e,0x61,0x00,
0x00,0xcc,0x40,0x4e,0x02,0x00,0x00,0x9c,0x11,0x62,0x00,0x00,0x0e,0xcc,0x40,0x1f,
0x02,0x00,0x00,0xf0,0x16,0x61,0x00,0x00,0x04,0x13,0x02,0x00,0x00,0xcc,0x40,0x1f,
0x02,0x00,0x00,0x9c,0x9c,0x11,0x62,0x00,0x00,0x0e,0xcc,0x40,0x53,0x02,0x00,0x00,
0xf0,0x16,0x61,0x00,0x00,0x04,0x5c,0x02,0x00,0x00,0xcc,0x40,0x53,0x02,0x00,0x00,
0x9c,0x9c,0x11,0x62,0x00,0x00,0x0e,0x61,0x00,0x00,0x28,0xb4,0x04,0xa6,0x09,0x07,
0x1c,0x3a,0x40,0x4f,0x37,0x72,0x04,0x77,0x04,0x2a,0x20,0x45,0x23,0x4a,0x03,0x77,
0x04,0x2a,0x20,0x46,0x27,0x77,0x04,0x2a,0x20,0x6e,0x1f,0x2a,0x20,0x00,0x0c,0x42,
0x0b,0x01,0x00,0x00,0x01,0x00,0x02,0x00,0x00,0x00,0x0b,0x01,0x10,0x00,0x01,0x00,
0x08,0xcf,0xcb,0x41,0x3b,0x00,0x00,0x00,0x25,0x00,0x00,0xb4,0x04,0xbf,0x09,0x07,
0x02,0x2b,0x1c,0x00,0x0c,0x42,0x0b,0x01,0x00,0x02,0x01,0x02,0x05,0x00,0x01,0x00,
0x1c,0x03,0xd0,0x08,0x00,0x01,0x00,0xd2,0x08,0x00,0x01,0x00,0xb0,0x04,0x03,0x00,
0x03,0x92,0x08,0x03,0x18,0x6b,0x11,0x00,0x00,0x00,0x64,0x00,0x00,0x11,0xd7,0xd8,
0x21,0x02,0x00,0x0e,0x0a,0x6e,0x28,0xcf,0x6b,0x07,0x00,0x00,0x00,0x09,0x6e,0x28,
0x30,0xb4,0x04,0xc3,0x09,0x0e,0x02,0x1d,0x02,0x00,0x60,0x05,0x00,0x60,0x02,0x00,
0x60,0x00,0x00,0x06,0x60,0x01,0x00,0xc4,0x00,0x55,0x08,0x02,0x00,0x00,0x00,0xc5,
0x01,0x53,0x0e,0x02,0x00,0x00,0x00,0xc5,0x02,0x53,0x16,0x02,0x00,0x00,0x00,0xc5,
0x03,0x53,0x25,0x02,0x00,0x00,0x00,0xc5,0x04,0x53,0x20,0x02,0x00,0x00,0x00,0xc5,
0x05,0x53,0x68,0x02,0x00,0x00,0x00,0xc5,0x06,0x53,0x09,0x00,0x00,0x00,0x00,0xc5,
0x07,0x53,0x45,0x00,0x00,0x00,0x00,0xc5,0x08,0x53,0x69,0x02,0x00,0x00,0x00,0xc5,
0x09,0x53,0x6b,0x00,0x00,0x00,0x00,0xc5,0x0a,0x53,0x46,0x00,0x00,0x00,0x00,0xc5,
0x0b,0x53,0x6b,0x01,0x00,0x00,0x00,0xc5,0x0c,0x53,0x3b,0x00,0x00,0x00,0x00,0xc5,
0x0d,0x53,0x56,0x01,0x00,0x00,0x00,0xc5,0x0e,0x53,0x4c,0x01,0x00,0x00,0x00,0xc5,
0x0f,0x53,0x31,0x00,0x00,0x00,0x00,0xc5,0x10,0x53,0x73,0x00,0x00,0x00,0x00,0x38,
0xa4,0x00,0x00,0x00,0x40,0x0f,0x02,0x00,0x00,0xc5,0x11,0x54,0x00,0x06,0xd0,0x0e,
0xd3,0x67,0x01,0x00,0x67,0x00,0x00,0xd1,0x60,0x03,0x00,0x06,0x60,0x04,0x00,0xc4,
0x12,0x55,0x09,0x02,0x00,0x00,0x00,0xc5,0x13,0x53,0x0e,0x02,0x00,0x00,0x00,0xc5,
0x14,0x53,0x51,0x02,0x00,0x00,0x00,0xc5,0x15,0x53,0x6a,0x02,0x00,0x00,0x01,0xc5,
0x16,0x53,0x6b,0x02,0x00,0x00,0x01,0xc5,0x17,0x53,0x2d,0x02,0x00,0x00,0x01,0xc5,
0x18,0x53,0x2e,0x02,0x00,0x00,0x01,0xc5,0x19,0x53,0x2f,0x02,0x00,0x00,0x01,0xc5,
0x1a,0x53,0x30,0x02,0x00,0x00,0x01,0xc5,0x1b,0x53,0x6c,0x02,0x00,0x00,0x01,0xc5,
0x1c,0x53,0x31,0x02,0x00,0x00,0x01,0xc5,0x1d,0x53,0x6d,0x02,0x00,0x00,0x01,0xc5,
0x1e,0x53,0x6e,0x02,0x00,0x00,0x01,0xc5,0x1f,0x53,0x6f,0x02,0x00,0x00,0x01,0xc5,
0x20,0x53,0x33,0x02,0x00,0x00,0x01,0xc5,0x21,0x53,0x2d,0x02,0x00,0x00,0x02,0xc5,
0x22,0x53,0x2e,0x02,0x00,0x00,0x02,0xc5,0x23,0x53,0x2f,0x02,0x00,0x00,0x02,0xc5,
0x24,0x53,0x30,0x02,0x00,0x00,0x02,0xc5,0x25,0x53,0x6c,0x02,0x00,0x00,0x02,0xc5,
0x26,0x53,0x31,0x02,0x00,0x00,0x02,0xc5,0x27,0x53,0x6d,0x02,0x00,0x00,0x02,0xc5,
0x28,0x53,0x6e,0x02,0x00,0x00,0x02,0xc5,0x29,0x53,0x33,0x02,0x00,0x00,0x02,0xc5,
0x2a,0x53,0x6a,0x02,0x00,0x00,0x02,0xc5,0x2b,0x53,0x3b,0x00,0x00,0x00,0x00,0xc5,
0x2c,0x53,0x9a,0x00,0x00,0x00,0x00,0x1b,0xc5,0x2d,0x53,0x70,0x02,0x00,0x00,0x00,
0x1b,0x06,0xc8,0x04,0x0e,0xd6,0x67,0x04,0x00,0x67,0x03,0x00,0xc8,0x05,0x38,0x95,
0x00,0x00,0x00,0x61,0x05,0x00,0x42,0x71,0x02,0x00,0x00,0x38,0x95,0x00,0x00,0x00,
0x61,0x02,0x00,0x42,0x08,0x02,0x00,0x00,0x29,0xb4,0x04,0xb5,0x06,0x03,0x08,0x00,
0xa4,0x03,0xae,0x06,0x04,0x44,0x00,0x00,0x0c,0x43,0x0a,0x00,0xf2,0x03,0x01,0x05,
0x01,0x03,0x05,0x00,0x02,0x81,0x01,0x06,0xa2,0x04,0x00,0x01,0x40,0x01,0xe4,0x09,
0x00,0x00,0x40,0x00,0xe6,0x09,0x00,0x01,0x40,0x03,0xe8,0x09,0x01,0x00,0x70,0x02,
0xea,0x09,0x01,0x03,0x70,0x04,0xcc,0x05,0x02,0x04,0x20,0x0c,0x43,0x0a,0x00,0x00,
0x01,0x0a,0x01,0x04,0x00,0x03,0x00,0xae,0x03,0x0b,0xec,0x09,0x00,0x01,0x00,0xee,
0x09,0x06,0x05,0x20,0xda,0x07,0x07,0x01,0x30,0xd0,0x05,0x01,0x00,0x20,0xcc,0x05,
0x01,0x03,0x20,0xf0,0x09,0x01,0x04,0x30,0xf2,0x09,0x0c,0x05,0x20,0xd2,0x05,0x0c,
0x06,0x30,0xd4,0x05,0x0c,0x07,0x30,0xb2,0x08,0x0c,0x08,0x30,0xf4,0x09,0x0c,0x09,
0x30,0xe4,0x09,0x00,0x00,0xa2,0x04,0x00,0x01,0xe8,0x09,0x02,0x18,0x60,0x04,0x00,
0x60,0x03,0x00,0x60,0x02,0x00,0xd7,0xf9,0x11,0xf1,0x04,0x0e,0xd7,0xf8,0xf0,0x10,
0x38,0xda,0x00,0x00,0x00,0x11,0x04,0x7b,0x02,0x00,0x00,0x21,0x01,0x00,0x30,0xe3,
0xf0,0x11,0xe4,0x41,0x7c,0x02,0x00,0x00,0x38,0xa2,0x00,0x00,0x00,0xd7,0xf5,0x25,
0x01,0x00,0x38,0xa2,0x00,0x00,0x00,0xd7,0xf5,0xdb,0x60,0x00,0x00,0xba,0xcf,0x61,
0x00,0x00,0xd7,0xef,0xa5,0xf0,0x4f,0x60,0x01,0x00,0xd7,0x41,0x1b,0x02,0x00,0x00,
0x61,0x00,0x00,0x24,0x01,0x00,0xd0,0x61,0x01,0x00,0xc3,0xff,0x00,0xa7,0xf0,0x2c,
0x37,0xdd,0x00,0x00,0x00,0xfb,0xf0,0x15,0x38,0xdd,0x00,0x00,0x00,0x11,0x04,0x7d,
0x02,0x00,0x00,0x04,0xf6,0x01,0x00,0x00,0x21,0x02,0x00,0x30,0x38,0xa0,0x00,0x00,
0x00,0x11,0x04,0x7d,0x02,0x00,0x00,0x21,0x01,0x00,0x30,0x61,0x00,0x00,0x90,0x62,
0x00,0x00,0x0e,0xf2,0xab,0xc6,0xd1,0xba,0xd2,0xd7,0xef,0xc8,0x04,0x61,0x03,0x00,
0x61,0x04,0x00,0xa5,0x68,0x02,0x01,0x00,0x00,0x60,0x09,0x00,0x60,0x08,0x00,0x60,
0x07,0x00,0x60,0x06,0x00,0x60,0x05,0x00,0xba,0xc8,0x05,0xd7,0x41,0x1b,0x02,0x00,
0x00,0x61,0x03,0x00,0x90,0x62,0x03,0x00,0x24,0x01,0x00,0xc8,0x06,0x61,0x05,0x00,
0x90,0x62,0x05,0x00,0x0e,0x61,0x03,0x00,0x61,0x04,0x00,0xa5,0xf0,0x1b,0x61,0x05,
0x00,0x90,0x62,0x05,0x00,0x0e,0xd7,0x41,0x1b,0x02,0x00,0x00,0x61,0x03,0x00,0x90,
0x62,0x03,0x00,0x24,0x01,0x00,0xf2,0x02,0xba,0xc8,0x07,0x61,0x03,0x00,0x61,0x04,
0x00,0xa5,0xf0,0x1b,0x61,0x05,0x00,0x90,0x62,0x05,0x00,0x0e,0xd7,0x41,0x1b,0x02,
0x00,0x00,0x61,0x03,0x00,0x90,0x62,0x03,0x00,0x24,0x01,0x00,0xf2,0x02,0xba,0xc8,
0x08,0x61,0x06,0x00,0xc2,0x10,0x9e,0x61,0x07,0x00,0xc2,0x08,0x9e,0xa3,0x61,0x08,
0x00,0xa3,0xc8,0x09,0x61,0x02,0x00,0x64,0x02,0x00,0x61,0x09,0x00,0xc2,0x12,0x9f,
0xc2,0x3f,0xa1,0x46,0x9c,0x11,0x62,0x02,0x00,0x0e,0x61,0x02,0x00,0x64,0x02,0x00,
0x61,0x09,0x00,0xc2,0x0c,0x9f,0xc2,0x3f,0xa1,0x46,0x9c,0x11,0x62,0x02,0x00,0x0e,
0x61,0x02,0x00,0x61,0x05,0x00,0xbc,0xa8,0xf0,0x0f,0x64,0x02,0x00,0x61,0x09,0x00,
0xc0,0x9f,0xc2,0x3f,0xa1,0x46,0xf2,0x06,0x04,0x15,0x02,0x00,0x00,0x9c,0x11,0x62,
0x02,0x00,0x0e,0x61,0x02,0x00,0x61,0x05,0x00,0xbd,0xa8,0xf0,0x0d,0x64,0x02,0x00,
0x61,0x09,0x00,0xc2,0x3f,0xa1,0x46,0xf2,0x06,0x04,0x15,0x02,0x00,0x00,0x9c,0x11,
0x62,0x02,0x00,0x0e,0xf3,0xf8,0xfe,0x61,0x02,0x00,0x28,0xb4,0x04,0xda,0x09,0x17,
0x4e,0x35,0x0a,0x20,0x32,0x12,0x43,0x7d,0x1a,0x1b,0x0e,0x1d,0x3f,0x1b,0x2c,0x3a,
0x00,0x49,0x22,0x35,0x33,0x3a,0x26,0x12,0x1f,0x00,0x14,0x0a,0x03,0x00,0x24,0x10,
0x05,0xa9,0x32,0x3f,0x43,0x3a,0x1c,0x66,0x58,0x5d,0x57,0x66,0x58,0x5d,0x49,0x11,
0x0a,0x11,0x0a,0x16,0x08,0x21,0x45,0x2f,0x44,0x11,0x0a,0x35,0x4d,0x2f,0x44,0x11,
0x0a,0x35,0x4d,0x20,0x2e,0x34,0x38,0x0c,0x08,0x58,0x6d,0x20,0x2e,0x34,0x36,0x00,
0x0c,0x43,0x0a,0x00,0x00,0x01,0x09,0x01,0x05,0x00,0x03,0x04,0xa1,0x03,0x0a,0xfc,
0x09,0x00,0x01,0x00,0xfe,0x09,0x01,0x00,0x30,0xd0,0x05,0x01,0x01,0x20,0xcc,0x05,
0x01,0x02,0x20,0xf0,0x09,0x01,0x03,0x30,0xd2,0x05,0x0c,0x04,0x30,0xd4,0x05,0x0c,
0x05,0x30,0xb2,0x08,0x0c,0x06,0x30,0x80,0x0a,0x0c,0x07,0x30,0xf4,0x09,0x0c,0x08,
0x30,0xe6,0x09,0x01,0x00,0xa2,0x04,0x00,0x01,0xea,0x09,0x03,0x18,0x07,0x04,0x5c,
0x73,0x07,0x86,0x01,0x01,0x00,0x01,0x00,0x3b,0x00,0x00,0x00,0x09,0x06,0x00,0x00,
0x00,0x05,0x08,0xf5,0xff,0xff,0xff,0x0c,0x00,0x16,0x0a,0x00,0x09,0x00,0x0d,0x00,
0x20,0x00,0x20,0x00,0xa0,0x00,0xa0,0x00,0x80,0x16,0x80,0x16,0x00,0x20,0x0a,0x20,
0x28,0x20,0x29,0x20,0x2f,0x20,0x2f,0x20,0x5f,0x20,0x5f,0x20,0x00,0x30,0x00,0x30,
0xff,0xfe,0xff,0xfe,0x0d,0x00,0x0b,0x07,0x80,0x01,0x5e,0x28,0x3f,0x3a,0x5b,0x41,
0x2d,0x5a,0x61,0x2d,0x7a,0x30,0x2d,0x39,0x2b,0x2f,0x5d,0x7b,0x34,0x7d,0x29,0x2a,
0x28,0x3f,0x3a,0x5b,0x41,0x2d,0x5a,0x61,0x2d,0x7a,0x30,0x2d,0x39,0x2b,0x2f,0x5d,
0x7b,0x32,0x7d,0x3d,0x3d,0x7c,0x5b,0x41,0x2d,0x5a,0x61,0x2d,0x7a,0x30,0x2d,0x39,
0x2b,0x2f,0x5d,0x7b,0x33,0x7d,0x3d,0x29,0x3f,0x24,0x07,0xd8,0x02,0x00,0x00,0x01,
0x01,0xa4,0x00,0x00,0x00,0x09,0x06,0x00,0x00,0x00,0x05,0x08,0xf5,0xff,0xff,0xff,
0x0c,0x00,0x06,0x0a,0x2c,0x00,0x00,0x00,0x1a,0x1d,0x14,0x00,0x00,0x00,0x04,0x00,
0x00,0x00,0x04,0x00,0x00,0x00,0x01,0x00,0x00,0x00,0x16,0x04,0x00,0x2b,0x00,0x2b,
0x00,0x2f,0x00,0x39,0x00,0x41,0x00,0x5a,0x00,0x61,0x00,0x7a,0x00,0x0b,0x1b,0x08,
0xcf,0xff,0xff,0xff,0x0a,0x5c,0x00,0x00,0x00,0x1a,0x0a,0x2e,0x00,0x00,0x00,0x1d,
0x14,0x00,0x00,0x00,0x02,0x00,0x00,0x00,0x02,0x00,0x00,0x00,0x01,0x00,0x00,0x00,
0x16,0x04,0x00,0x2b,0x00,0x2b,0x00,0x2f,0x00,0x39,0x00,0x41,0x00,0x5a,0x00,0x61,
0x00,0x7a,0x00,0x0b,0x01,0x3d,0x01,0x3d,0x08,0x27,0x00,0x00,0x00,0x1d,0x14,0x00,
0x00,0x00,0x03,0x00,0x00,0x00,0x03,0x00,0x00,0x00,0x01,0x00,0x00,0x00,0x16,0x04,
0x00,0x2b,0x00,0x2b,0x00,0x2f,0x00,0x39,0x00,0x41,0x00,0x5a,0x00,0x61,0x00,0x7a,
0x00,0x0b,0x01,0x3d,0x1b,0x07,0x0d,0x00,0x0b,0x60,0x03,0x00,0x60,0x02,0x00,0x60,
0x01,0x00,0x60,0x00,0x00,0xd7,0xf9,0x11,0xf1,0x04,0x0e,0xd7,0xf8,0xf0,0x10,0x38,
0xda,0x00,0x00,0x00,0x11,0x04,0x81,0x02,0x00,0x00,0x21,0x01,0x00,0x30,0xe3,0xf0,
0x11,0xe4,0x41,0x82,0x02,0x00,0x00,0x38,0xa2,0x00,0x00,0x00,0xd7,0xf5,0x25,0x01,
0x00,0x38,0xa2,0x00,0x00,0x00,0xd7,0xf5,0xdf,0x41,0x18,0x02,0x00,0x00,0xc4,0x00,
0xc4,0x01,0x34,0xc6,0x24,0x02,0x00,0xdf,0xef,0xbe,0x9b,0xba,0xae,0xf0,0x10,0x38,
0xa0,0x00,0x00,0x00,0x11,0x04,0x83,0x02,0x00,0x00,0x21,0x01,0x00,0x30,0xc4,0x02,
0xc4,0x03,0x34,0xcf,0x61,0x00,0x00,0x41,0x84,0x02,0x00,0x00,0xd7,0x24,0x01,0x00,
0x95,0xf0,0x2c,0x37,0xdd,0x00,0x00,0x00,0xfb,0xf0,0x15,0x38,0xdd,0x00,0x00,0x00,
0x11,0x04,0x83,0x02,0x00,0x00,0x04,0xf6,0x01,0x00,0x00,0x21,0x02,0x00,0x30,0x38,
0xa0,0x00,0x00,0x00,0x11,0x04,0x83,0x02,0x00,0x00,0x21,0x01,0x00,0x30,0xc6,0xd0,
0xba,0xd1,0xd7,0xef,0xd2,0x61,0x02,0x00,0x61,0x03,0x00,0xa5,0x68,0xe9,0x00,0x00,
0x00,0x60,0x08,0x00,0x60,0x07,0x00,0x60,0x06,0x00,0x60,0x05,0x00,0x60,0x04,0x00,
0x64,0x02,0x00,0xd7,0x61,0x02,0x00,0x90,0x62,0x02,0x00,0x46,0x46,0xc8,0x04,0x64,
0x02,0x00,0xd7,0x61,0x02,0x00,0x90,0x62,0x02,0x00,0x46,0x46,0xc8,0x05,0x64,0x02,
0x00,0xd7,0x61,0x02,0x00,0x90,0x62,0x02,0x00,0x46,0x46,0xc8,0x06,0x64,0x02,0x00,
0xd7,0x61,0x02,0x00,0x90,0x62,0x02,0x00,0x46,0x46,0xc8,0x07,0x61,0x04,0x00,0xc2,
0x12,0x9e,0x61,0x05,0x00,0xc2,0x0c,0x9e,0xa3,0x61,0x06,0x00,0xc0,0x9e,0xa3,0x61,
0x07,0x00,0xa3,0xc8,0x08,0x61,0x01,0x00,0x38,0xa2,0x00,0x00,0x00,0x41,0x85,0x02,
0x00,0x00,0x61,0x08,0x00,0xc2,0x10,0x9f,0xc3,0xff,0x00,0xa1,0x24,0x01,0x00,0x9c,
0x11,0x62,0x01,0x00,0x0e,0xd7,0x61,0x02,0x00,0xbc,0x9d,0x46,0x04,0x15,0x02,0x00,
0x00,0xae,0xf0,0x21,0x61,0x01,0x00,0x38,0xa2,0x00,0x00,0x00,0x41,0x85,0x02,0x00,
0x00,0x61,0x08,0x00,0xc2,0x08,0x9f,0xc3,0xff,0x00,0xa1,0x24,0x01,0x00,0x9c,0x11,
0x62,0x01,0x00,0x0e,0xd7,0x61,0x02,0x00,0xbb,0x9d,0x46,0x04,0x15,0x02,0x00,0x00,
0xae,0x68,0x33,0xff,0xff,0xff,0x61,0x01,0x00,0x38,0xa2,0x00,0x00,0x00,0x41,0x85,
0x02,0x00,0x00,0x61,0x08,0x00,0xc3,0xff,0x00,0xa1,0x24,0x01,0x00,0x9c,0x11,0x62,
0x01,0x00,0x0e,0xf3,0x11,0xff,0x61,0x01,0x00,0x28,0xb4,0x04,0x81,0x0a,0x17,0x54,
0x44,0x0a,0x20,0x32,0x12,0x43,0x7d,0x1a,0x1b,0x0e,0x1d,0x3f,0x1b,0x2c,0x12,0x00,
0x1b,0x0c,0x3a,0x03,0x0c,0x0c,0x17,0x27,0x00,0x1d,0x0a,0x12,0x3f,0x12,0x12,0x1f,
0x00,0x14,0x0a,0x03,0x00,0x19,0x0e,0x01,0x00,0x57,0x0a,0x18,0x11,0x0a,0x11,0x0a,
0x16,0x0a,0x11,0x0a,0x11,0x08,0x21,0x59,0x43,0x3c,0x11,0x16,0x11,0x0a,0x58,0x31,
0x11,0x0e,0x2b,0x33,0x43,0x3c,0x11,0x16,0x11,0x08,0x59,0x33,0x11,0x0e,0x3a,0x33,
0x43,0x3c,0x11,0x14,0x00,0x60,0x03,0x00,0x60,0x02,0x00,0xd7,0x40,0x7c,0x02,0x00,
0x00,0xfb,0xcf,0xd7,0x40,0x82,0x02,0x00,0x00,0xfb,0xd0,0x04,0x86,0x02,0x00,0x00,
0xd1,0x0b,0xd2,0x60,0x04,0x00,0xba,0xc8,0x04,0x61,0x04,0x00,0x61,0x02,0x00,0xef,
0xa5,0xf0,0x25,0x61,0x03,0x00,0x61,0x02,0x00,0x61,0x04,0x00,0x46,0x1b,0x11,0xaf,
0xf1,0x04,0x1b,0x71,0x1b,0x1b,0x61,0x04,0x00,0x1b,0x71,0x1b,0x48,0x61,0x04,0x00,
0x90,0x62,0x04,0x00,0x0e,0xf2,0xd3,0x61,0x03,0x00,0x04,0x15,0x02,0x00,0x00,0x1b,
0x11,0xaf,0xf1,0x04,0x1b,0x71,0x1b,0x1b,0xba,0x1b,0x71,0x1b,0x48,0x38,0x95,0x00,
0x00,0x00,0xc5,0x00,0x42,0x87,0x02,0x00,0x00,0x38,0x95,0x00,0x00,0x00,0xc5,0x01,
0x42,0x88,0x02,0x00,0x00,0x29,0xb4,0x04,0xd1,0x09,0x03,0x10,0x3f,0x62,0x2b,0x00,
0x64,0x35,0x26,0x23,0xb8,0x03,0x71,0x00,0x00,0x0c,0x4e,0x00,0x00,0x0c,0x43,0x0a,
0x01,0xf4,0x03,0x01,0x0f,0x01,0x06,0x0f,0x00,0x3a,0xe0,0x0d,0x10,0xa2,0x04,0x00,
0x01,0x40,0x0c,0x92,0x0a,0x00,0x00,0x40,0x0d,0x94,0x0a,0x00,0x01,0x40,0x02,0x96,
0x0a,0x00,0x02,0x40,0x03,0x98,0x0a,0x00,0x03,0x40,0x05,0x9a,0x0a,0x00,0x04,0x40,
0x08,0x9c,0x0a,0x00,0x05,0x40,0x06,0x9e,0x0a,0x00,0x06,0x40,0x00,0xa0,0x0a,0x00,
0x07,0x40,0x0e,0xa2,0x0a,0x00,0x08,0x40,0x01,0xa4,0x0a,0x00,0x09,0x40,0x07,0xa6,
0x0a,0x00,0x0a,0x40,0x04,0xa8,0x0a,0x00,0x0b,0x40,0x09,0xaa,0x0a,0x00,0x0c,0x40,
0x0a,0xac,0x0a,0x00,0x0d,0x00,0xae,0x0a,0x00,0x0e,0x40,0x0b,0x0c,0x43,0x0a,0x01,
0x94,0x0a,0x01,0x01,0x01,0x04,0x00,0x00,0x02,0x3f,0x02,0x74,0x00,0x01,0x00,0xb0,
0x0a,0x00,0x00,0x00,0x07,0x32,0x5b,0x5e,0x61,0x2d,0x7a,0x30,0x2d,0x39,0x5c,0x2d,
0x21,0x23,0x24,0x25,0x26,0x27,0x2a,0x2b,0x2e,0x5e,0x5f,0x60,0x7c,0x7e,0x5d,0x07,
0x7e,0x00,0x00,0x01,0x00,0x37,0x00,0x00,0x00,0x09,0x06,0x00,0x00,0x00,0x05,0x08,
0xf5,0xff,0xff,0xff,0x0c,0x00,0x16,0x09,0x00,0x00,0x00,0x20,0x00,0x22,0x00,0x22,
0x00,0x28,0x00,0x29,0x00,0x2c,0x00,0x2c,0x00,0x2f,0x00,0x2f,0x00,0x3a,0x00,0x5d,
0x00,0x7b,0x00,0x7b,0x00,0x7d,0x00,0x7d,0x00,0x7f,0x00,0xff,0xff,0x0d,0x00,0x0b,
0xd7,0x96,0x04,0x4c,0x00,0x00,0x00,0xae,0xf0,0x09,0x38,0xa2,0x00,0x00,0x00,0xd7,
0xf5,0xdb,0xd7,0x41,0x46,0x02,0x00,0x00,0x24,0x00,0x00,0xcf,0xc4,0x00,0xc4,0x01,
0x34,0x41,0x84,0x02,0x00,0x00,0xcb,0x24,0x01,0x00,0xf0,0x12,0x38,0xda,0x00,0x00,
0x00,0x11,0x04,0x99,0x02,0x00,0x00,0xd7,0x9c,0x21,0x01,0x00,0x30,0xcb,0x28,0xb4,
0x04,0xea,0x0a,0x05,0x0e,0x08,0x2c,0x30,0x23,0x1b,0x1c,0x31,0x0c,0x49,0x1e,0x21,
0x31,0x39,0x48,0x00,0x0c,0x43,0x0a,0x01,0x96,0x0a,0x01,0x01,0x01,0x04,0x00,0x00,
0x02,0x44,0x02,0x88,0x01,0x00,0x01,0x00,0xa0,0x08,0x00,0x00,0x00,0x07,0x2e,0x5b,
0x5e,0x5c,0x74,0x5c,0x78,0x32,0x30,0x2d,0x5c,0x78,0x37,0x65,0x5c,0x78,0x38,0x30,
0x2d,0x5c,0x78,0x66,0x66,0x5d,0x07,0x56,0x00,0x00,0x01,0x00,0x23,0x00,0x00,0x00,
0x09,0x06,0x00,0x00,0x00,0x05,0x08,0xf5,0xff,0xff,0xff,0x0c,0x00,0x16,0x04,0x00,
0x00,0x00,0x08,0x00,0x0a,0x00,0x1f,0x00,0x7f,0x00,0x7f,0x00,0x00,0x01,0xff,0xff,
0x0d,0x00,0x0b,0xd7,0xf8,0x11,0xf1,0x04,0x0e,0xd7,0xf9,0xf0,0x10,0x38,0xda,0x00,
0x00,0x00,0x11,0x04,0x9a,0x02,0x00,0x00,0x21,0x01,0x00,0x30,0x38,0xa2,0x00,0x00,
0x00,0xd7,0xf5,0xcf,0xc4,0x00,0xc4,0x01,0x34,0x41,0x84,0x02,0x00,0x00,0xcb,0x24,
0x01,0x00,0xf0,0x12,0x38,0xda,0x00,0x00,0x00,0x11,0x04,0x9b,0x02,0x00,0x00,0xcb,
0x9c,0x21,0x01,0x00,0x30,0xcb,0x28,0xb4,0x04,0xf4,0x0a,0x05,0x0e,0x08,0x20,0x20,
0x28,0x12,0x2b,0x68,0x0a,0x44,0x24,0x21,0x2d,0x39,0x4a,0x00,0x0c,0x43,0x0a,0x01,
0x98,0x0a,0x01,0x01,0x01,0x04,0x00,0x00,0x02,0x33,0x02,0xb8,0x0a,0x00,0x01,0x00,
0xba,0x0a,0x00,0x00,0x00,0x07,0x3c,0x5e,0x5b,0x21,0x23,0x24,0x25,0x26,0x27,0x2a,
0x2b,0x5c,0x2d,0x2e,0x5e,0x5f,0x60,0x7c,0x7e,0x30,0x2d,0x39,0x41,0x2d,0x5a,0x61,
0x2d,0x7a,0x5d,0x2b,0x24,0x07,0xa6,0x01,0x00,0x00,0x01,0x00,0x4b,0x00,0x00,0x00,
0x09,0x06,0x00,0x00,0x00,0x05,0x08,0xf5,0xff,0xff,0xff,0x0c,0x00,0x06,0x1d,0x28,
0x00,0x00,0x00,0x01,0x00,0x00,0x00,0xff,0xff,0xff,0x7f,0x01,0x00,0x00,0x00,0x16,
0x09,0x00,0x21,0x00,0x21,0x00,0x23,0x00,0x27,0x00,0x2a,0x00,0x2b,0x00,0x2d,0x00,
0x2e,0x00,0x30,0x00,0x39,0x00,0x41,0x00,0x5a,0x00,0x5e,0x00,0x7a,0x00,0x7c,0x00,
0x7c,0x00,0x7e,0x00,0x7e,0x00,0x0b,0x07,0x0d,0x00,0x0b,0x38,0xa2,0x00,0x00,0x00,
0xd7,0xf5,0xcf,0xc4,0x00,0xc4,0x01,0x34,0x41,0x84,0x02,0x00,0x00,0xcb,0x24,0x01,
0x00,0x95,0xf0,0x12,0x38,0xda,0x00,0x00,0x00,0x11,0x04,0x9e,0x02,0x00,0x00,0xcb,
0x9c,0x21,0x01,0x00,0x30,0xcb,0x41,0x1c,0x02,0x00,0x00,0x25,0x00,0x00,0xb4,0x04,
0xfe,0x0a,0x05,0x0a,0x1c,0x22,0x44,0x38,0x26,0x3d,0x39,0x48,0x40,0x4d,0x00,0x0c,
0x43,0x0a,0x01,0x9a,0x0a,0x01,0x00,0x01,0x04,0x00,0x00,0x00,0x36,0x01,0xa6,0x02,
0x00,0x01,0x00,0x38,0xa1,0x00,0x00,0x00,0x41,0x52,0x02,0x00,0x00,0xd7,0x24,0x01,
0x00,0x95,0x11,0xf1,0x10,0x0e,0xd7,0xc3,0xc8,0x00,0xa5,0x11,0xf1,0x07,0x0e,0xd7,
0xc3,0x57,0x02,0xa7,0xf0,0x12,0x38,0xd7,0x00,0x00,0x00,0x11,0x04,0x9f,0x02,0x00,
0x00,0xd7,0x9c,0x21,0x01,0x00,0x30,0xd7,0x28,0xb4,0x04,0x85,0x0b,0x05,0x0a,0x35,
0x30,0x34,0x28,0x2f,0x20,0x21,0x5b,0x39,0x4a,0x00,0x0c,0x43,0x0a,0x01,0x9c,0x0a,
0x01,0x00,0x01,0x04,0x00,0x00,0x00,0x16,0x01,0xd0,0x08,0x00,0x01,0x00,0x38,0x71,
0x02,0x00,0x00,0x11,0x38,0xa2,0x00,0x00,0x00,0xd7,0xf5,0x21,0x01,0x00,0x40,0x6a,
0x02,0x00,0x00,0x28,0xb4,0x04,0x8b,0x0b,0x05,0x04,0x03,0x1a,0x39,0x16,0x00,0x0c,
0x43,0x0a,0x01,0x9e,0x0a,0x01,0x00,0x01,0x03,0x00,0x00,0x00,0x12,0x01,0xa0,0x08,
0x00,0x01,0x00,0x38,0xa0,0x02,0x00,0x00,0x11,0x21,0x00,0x00,0x41,0xa1,0x02,0x00,
0x00,0xd7,0x25,0x01,0x00,0xb4,0x04,0x8e,0x0b,0x05,0x04,0x03,0x1a,0x48,0x2a,0x00,
0x0c,0x43,0x0a,0x01,0xa0,0x0a,0x01,0x04,0x01,0x04,0x04,0x01,0x01,0x84,0x01,0x05,
0xc4,0x0a,0x00,0x01,0x00,0xc6,0x0a,0x0b,0x00,0x60,0x03,0xc8,0x0a,0x00,0x00,0x40,
0x00,0xca,0x0a,0x00,0x02,0x40,0x02,0xcc,0x0a,0x00,0x03,0x40,0x01,0x9e,0x0a,0x06,
0x00,0x0c,0x43,0x0a,0x01,0x00,0x00,0x00,0x00,0x03,0x00,0x05,0x01,0x13,0x00,0xc8,
0x0a,0x01,0x00,0xcc,0x0a,0x03,0x00,0xca,0x0a,0x02,0x00,0x9e,0x0a,0x00,0x02,0xc6,
0x0a,0x00,0x10,0x0c,0x43,0x0a,0x01,0x00,0x01,0x04,0x01,0x04,0x00,0x05,0x00,0x72,
0x05,0xd0,0x05,0x00,0x01,0x00,0xce,0x0a,0x00,0x00,0x00,0xd0,0x0a,0x00,0x01,0x00,
0xcc,0x05,0x00,0x02,0x00,0xd2,0x0a,0x00,0x03,0x00,0xc8,0x0a,0x00,0x02,0xcc,0x0a,
0x01,0x02,0xca,0x0a,0x02,0x02,0x9e,0x0a,0x03,0x02,0xc6,0x0a,0x04,0x12,0xd7,0x40,
0x71,0x00,0x00,0x00,0xf0,0x3b,0xe3,0x41,0xaa,0x02,0x00,0x00,0x24,0x00,0x00,0x0e,
0x38,0xb1,0x00,0x00,0x00,0x11,0xe4,0x21,0x01,0x00,0xcf,0xba,0xd0,0xba,0xd1,0xcd,
0xe5,0xef,0xa5,0xf0,0x1a,0xcb,0x41,0x46,0x00,0x00,0x00,0xe5,0xcd,0x46,0xcc,0x24,
0x02,0x00,0x0e,0xcc,0xe5,0xcd,0x46,0xef,0x9c,0xd0,0x92,0x02,0xf2,0xe2,0xcb,0x28,
0xd7,0x40,0x44,0x00,0x00,0x00,0xd6,0x38,0xb1,0x00,0x00,0x00,0xa9,0x95,0xf0,0x0b,
0xe6,0x38,0xa2,0x00,0x00,0x00,0xce,0xf5,0xf5,0xd2,0xe5,0x41,0x52,0x01,0x00,0x00,
0xce,0x24,0x01,0x00,0x0e,0xe4,0xce,0xef,0x9c,0xe8,0x64,0x04,0x00,0x23,0x00,0x00,
0xb4,0x04,0xa0,0x0b,0x25,0x20,0x2c,0x2b,0x20,0x0e,0x17,0x0e,0x54,0x0c,0x1c,0x23,
0x20,0x10,0x2b,0x0f,0x00,0x14,0x0a,0x26,0x30,0x29,0x07,0x36,0x1b,0x0e,0x18,0x47,
0x20,0x18,0x1c,0x17,0x2b,0x0e,0x00,0xe3,0x41,0xab,0x02,0x00,0x00,0x24,0x00,0x00,
0x41,0x89,0x00,0x00,0x00,0xc5,0x00,0x25,0x01,0x00,0xb4,0x04,0x9f,0x0b,0x14,0x04,
0x21,0x0a,0x2a,0x18,0x00,0xd7,0x07,0xab,0xf0,0x03,0x07,0x28,0xd7,0x96,0x04,0x4c,
0x00,0x00,0x00,0xad,0xf0,0x13,0x38,0xa0,0x02,0x00,0x00,0x11,0x21,0x00,0x00,0x41,
0xa1,0x02,0x00,0x00,0xd7,0x25,0x01,0x00,0xd7,0x38,0xb1,0x00,0x00,0x00,0xa9,0xf0,
0x03,0xd7,0x28,0xd7,0x38,0xad,0x00,0x00,0x00,0xa9,0xf0,0x0c,0x38,0xb1,0x00,0x00,
0x00,0x11,0xd7,0x21,0x01,0x00,0x28,0xd7,0x40,0xac,0x02,0x00,0x00,0xfb,0xf0,0x22,
0x60,0x00,0x00,0xc5,0x00,0x4c,0xa3,0x02,0x00,0x00,0xcf,0xd7,0x41,0xac,0x02,0x00,
0x00,0x24,0x00,0x00,0xd0,0x26,0x00,0x00,0xd1,0xba,0xd2,0x61,0x00,0x00,0x23,0x00,
0x00,0x38,0xa0,0x02,0x00,0x00,0x11,0x21,0x00,0x00,0x41,0xa1,0x02,0x00,0x00,0x38,
0xa2,0x00,0x00,0x00,0xd7,0xf5,0x25,0x01,0x00,0xb4,0x04,0x91,0x0b,0x05,0x1c,0x08,
0x1c,0x28,0x10,0x30,0x0d,0x48,0x2a,0x1d,0x1b,0x3c,0x00,0x2b,0x0d,0x59,0x22,0x00,
0x14,0x2c,0x13,0x46,0x15,0x13,0x04,0x48,0x2a,0x1b,0x0e,0x00,0x0c,0x43,0x0a,0x01,
0xa2,0x0a,0x01,0x06,0x01,0x06,0x00,0x01,0x01,0x98,0x02,0x07,0x94,0x08,0x00,0x01,
0x00,0xda,0x0a,0x00,0x00,0x00,0xcc,0x05,0x00,0x01,0x00,0x96,0x08,0x00,0x02,0x00,
0x62,0x00,0x03,0x00,0xdc,0x0a,0x00,0x04,0x00,0x10,0x00,0x01,0x00,0xa2,0x0a,0x08,
0x00,0x0c,0x43,0x0a,0x01,0x00,0x02,0x01,0x02,0x04,0x00,0x00,0x00,0x13,0x03,0x88,
0x01,0x00,0x01,0x00,0xe8,0x06,0x00,0x01,0x00,0x10,0x00,0x01,0x00,0x08,0xcf,0xcb,
0x40,0xaf,0x02,0x00,0x00,0x41,0x46,0x00,0x00,0x00,0xd8,0xd7,0x24,0x02,0x00,0x29,
0xb4,0x04,0xc2,0x0b,0x1d,0x04,0x0d,0x1f,0x39,0x1c,0x00,0x08,0xc8,0x05,0xc7,0x05,
0x38,0xbf,0x00,0x00,0x00,0x11,0x21,0x00,0x00,0x42,0xaf,0x02,0x00,0x00,0xd7,0xf9,
0xf0,0x10,0x38,0xda,0x00,0x00,0x00,0x11,0x04,0xb0,0x02,0x00,0x00,0x21,0x01,0x00,
0x30,0xd7,0xf8,0x69,0xee,0x00,0x00,0x00,0xd7,0xe3,0xa9,0xf0,0x1d,0xd7,0x40,0xaf,
0x02,0x00,0x00,0x41,0x56,0x01,0x00,0x00,0xc5,0x00,0x41,0xd5,0x01,0x00,0x00,0xc7,
0x05,0x24,0x01,0x00,0x24,0x01,0x00,0x0e,0x29,0xd7,0x96,0x04,0x4d,0x00,0x00,0x00,
0xad,0x68,0xb1,0x00,0x00,0x00,0x38,0xa4,0x00,0x00,0x00,0xf0,0x75,0x38,0xa4,0x00,
0x00,0x00,0x40,0x0f,0x02,0x00,0x00,0xf0,0x69,0xd7,0x38,0xa4,0x00,0x00,0x00,0x40,
0x0f,0x02,0x00,0x00,0x46,0xf0,0x5b,0x38,0x9f,0x00,0x00,0x00,0x41,0x83,0x00,0x00,
0x00,0xd7,0x24,0x01,0x00,0xcf,0xba,0xd0,0xcc,0xcb,0xef,0xa5,0x68,0x85,0x00,0x00,
0x00,0xca,0x46,0xd1,0x38,0x9f,0x00,0x00,0x00,0x41,0xe7,0x01,0x00,0x00,0xcd,0x24,
0x01,0x00,0x95,0x11,0xf1,0x06,0x0e,0xcd,0xef,0xbc,0xae,0xf0,0x10,0x38,0xda,0x00,
0x00,0x00,0x11,0x04,0xb1,0x02,0x00,0x00,0x21,0x01,0x00,0x30,0xc7,0x05,0x41,0x68,
0x02,0x00,0x00,0xcd,0xba,0x46,0xcd,0xbb,0x46,0x24,0x02,0x00,0x0e,0x92,0x01,0xf2,
0xb8,0x38,0x9e,0x00,0x00,0x00,0x41,0x31,0x00,0x00,0x00,0xd7,0x24,0x01,0x00,0xd2,
0xba,0xc8,0x04,0xc7,0x04,0xce,0xef,0xa5,0xf0,0x29,0xc7,0x05,0x41,0x68,0x02,0x00,
0x00,0xce,0xc7,0x04,0x46,0xd7,0xce,0xc7,0x04,0x46,0x46,0x24,0x02,0x00,0x0e,0x92,
0x04,0xf2,0xe1,0x38,0xda,0x00,0x00,0x00,0x11,0x04,0xb2,0x02,0x00,0x00,0x21,0x01,
0x00,0x30,0x29,0xb4,0x04,0xbb,0x0b,0x05,0x30,0x12,0x04,0x0c,0x40,0x4e,0x25,0x12,
0x01,0x54,0x02,0x26,0x12,0x17,0x23,0x39,0x24,0x27,0x15,0x3a,0x24,0x00,0x37,0x04,
0x00,0x2b,0x05,0x6d,0x02,0x39,0x32,0x17,0x3f,0x4f,0x17,0x25,0x18,0x7d,0x12,0x35,
0x05,0x1c,0x23,0x25,0x18,0x00,0x12,0x08,0x0b,0x00,0x0c,0x43,0x0a,0x01,0x00,0x01,
0x02,0x01,0x04,0x00,0x01,0x00,0x1b,0x03,0x74,0x00,0x01,0x00,0x88,0x01,0x00,0x00,
0x00,0x10,0x00,0x01,0x00,0x94,0x0a,0x01,0x00,0x08,0xd0,0xcc,0x40,0xaf,0x02,0x00,
0x00,0x41,0x45,0x00,0x00,0x00,0xe3,0xd7,0xf5,0x24,0x01,0x00,0xd3,0xf8,0xf0,0x03,
0x07,0x28,0xcb,0x28,0xb4,0x04,0xda,0x0b,0x1d,0x06,0x44,0x08,0x07,0x1c,0x21,0x2d,
0x00,0x0c,0x43,0x0a,0x01,0x00,0x02,0x01,0x02,0x05,0x00,0x02,0x00,0x17,0x03,0x74,
0x00,0x01,0x00,0x88,0x01,0x00,0x01,0x00,0x10,0x00,0x01,0x00,0x94,0x0a,0x01,0x00,
0x96,0x0a,0x02,0x00,0x08,0xcf,0xcb,0x40,0xaf,0x02,0x00,0x00,0x41,0x46,0x00,0x00,
0x00,0xe3,0xd7,0xf5,0xe4,0xd8,0xf5,0x24,0x02,0x00,0x29,0xb4,0x04,0xde,0x0b,0x1d,
0x08,0x0d,0x2b,0x39,0x1c,0x07,0x1c,0x11,0x2c,0x00,0x0c,0x43,0x0a,0x01,0x00,0x01,
0x01,0x01,0x04,0x00,0x01,0x00,0x13,0x02,0x74,0x00,0x01,0x00,0x10,0x00,0x01,0x00,
0x94,0x0a,0x01,0x00,0x08,0xcf,0xcb,0x40,0xaf,0x02,0x00,0x00,0x41,0x6b,0x00,0x00,
0x00,0xe3,0xd7,0xf5,0x25,0x01,0x00,0xb4,0x04,0xe1,0x0b,0x1d,0x04,0x44,0x01,0x07,
0x1c,0x00,0x0c,0x43,0x0a,0x01,0x00,0x01,0x01,0x01,0x04,0x00,0x01,0x00,0x14,0x02,
0x74,0x00,0x01,0x00,0x10,0x00,0x01,0x00,0x94,0x0a,0x01,0x00,0x08,0xcf,0xcb,0x40,
0xaf,0x02,0x00,0x00,0x41,0x09,0x00,0x00,0x00,0xe3,0xd7,0xf5,0x24,0x01,0x00,0x29,
0xb4,0x04,0xe4,0x0b,0x20,0x06,0x0d,0x31,0x39,0x22,0x07,0x1c,0x00,0x0c,0x43,0x0a,
0x01,0x00,0x02,0x03,0x02,0x06,0x00,0x02,0x00,0x47,0x05,0x74,0x00,0x01,0x00,0x88,
0x01,0x00,0x01,0x00,0xe8,0x06,0x00,0x00,0x00,0xe6,0x0a,0x00,0x01,0x00,0x10,0x00,
0x01,0x00,0x94,0x0a,0x01,0x00,0x96,0x0a,0x02,0x00,0x08,0xd1,0xe3,0xd7,0xf5,0xcf,
0xcd,0x40,0xaf,0x02,0x00,0x00,0x41,0x45,0x00,0x00,0x00,0xcb,0x24,0x01,0x00,0xd4,
0xf0,0x1c,0xcd,0x40,0xaf,0x02,0x00,0x00,0x41,0x46,0x00,0x00,0x00,0xca,0x04,0xb4,
0x02,0x00,0x00,0x9c,0xe4,0xd8,0xf5,0x9c,0x24,0x02,0x00,0x0e,0x29,0xcd,0x40,0xaf,
0x02,0x00,0x00,0x41,0x46,0x00,0x00,0x00,0xcb,0xe4,0xd8,0xf5,0x24,0x02,0x00,0x0e,
0x29,0xb4,0x04,0xe7,0x0b,0x20,0x14,0x12,0x01,0x49,0x0a,0x27,0x35,0x39,0x1c,0x07,
0x20,0x20,0x0e,0x07,0x1e,0x2c,0x67,0x39,0x1c,0x0c,0x28,0x00,0x0c,0x43,0x0a,0x01,
0x00,0x02,0x01,0x02,0x05,0x02,0x00,0x01,0x1c,0x03,0xaa,0x05,0x00,0x01,0x40,0x00,
0xcc,0x08,0x00,0x01,0x40,0x01,0x10,0x00,0x01,0x00,0x0c,0x43,0x0a,0x01,0x00,0x02,
0x01,0x02,0x06,0x00,0x02,0x00,0x10,0x03,0x88,0x01,0x00,0x01,0x00,0xe8,0x06,0x00,
0x01,0x00,0x10,0x00,0x01,0x00,0xaa,0x05,0x00,0x01,0xcc,0x08,0x01,0x01,0x08,0xcf,
0xe3,0x41,0xc5,0x01,0x00,0x00,0xe4,0xd7,0xd8,0xcb,0x24,0x04,0x00,0x29,0xb4,0x04,
0xf1,0x0b,0x19,0x04,0x0d,0x1f,0x20,0x1c,0x00,0x08,0xcf,0xcb,0x40,0xaf,0x02,0x00,
0x00,0x41,0x56,0x01,0x00,0x00,0xc5,0x00,0x41,0xd5,0x01,0x00,0x00,0xcb,0x24,0x01,
0x00,0x24,0x01,0x00,0x29,0xb4,0x04,0xf0,0x0b,0x21,0x06,0x0d,0x33,0x39,0x24,0x27,
0x15,0x00,0x0c,0x43,0x0a,0x01,0x00,0x00,0x01,0x00,0x02,0x00,0x00,0x00,0x10,0x01,
0x10,0x00,0x01,0x00,0x08,0xcf,0xcb,0x40,0xaf,0x02,0x00,0x00,0x41,0x4c,0x01,0x00,
0x00,0x25,0x00,0x00,0xb4,0x04,0xf5,0x0b,0x21,0x02,0x44,0x11,0x00,0x0c,0x43,0x0a,
0x01,0x00,0x00,0x01,0x00,0x02,0x00,0x00,0x00,0x10,0x01,0x10,0x00,0x01,0x00,0x08,
0xcf,0xcb,0x40,0xaf,0x02,0x00,0x00,0x41,0x31,0x00,0x00,0x00,0x25,0x00,0x00,0xb4,
0x04,0xf8,0x0b,0x1e,0x02,0x44,0x0b,0x00,0x0c,0x43,0x0a,0x01,0x00,0x00,0x01,0x00,
0x02,0x00,0x00,0x00,0x10,0x01,0x10,0x00,0x01,0x00,0x08,0xcf,0xcb,0x40,0xaf,0x02,
0x00,0x00,0x41,0x73,0x00,0x00,0x00,0x25,0x00,0x00,0xb4,0x04,0xfb,0x0b,0x20,0x02,
0x44,0x0f,0x00,0x0c,0x43,0x0a,0x01,0x00,0x00,0x01,0x00,0x02,0x00,0x00,0x00,0x10,
0x01,0x10,0x00,0x01,0x00,0x08,0xcf,0xcb,0x40,0xaf,0x02,0x00,0x00,0x41,0x4c,0x01,
0x00,0x00,0x25,0x00,0x00,0xb4,0x04,0xff,0x0b,0x2c,0x02,0x44,0x23,0x00,0x0c,0x43,
0x0a,0x01,0xa4,0x0a,0x01,0x00,0x01,0x02,0x00,0x00,0x00,0x21,0x01,0xc4,0x0a,0x00,
0x01,0x00,0xd7,0x96,0x04,0x4c,0x00,0x00,0x00,0xad,0xf0,0x03,0xd7,0x28,0xd7,0xf9,
0x11,0xf1,0x04,0x0e,0xd7,0xf8,0xf0,0x03,0xc6,0x28,0x38,0xa2,0x00,0x00,0x00,0xd7,
0x23,0x01,0x00,0xb4,0x04,0x83,0x0c,0x05,0x08,0x08,0x2c,0x41,0x0d,0x20,0x22,0x37,
0x1f,0x00,0x0c,0x43,0x0a,0x01,0xa6,0x0a,0x02,0x01,0x02,0x05,0x00,0x04,0x00,0xe5,
0x03,0x03,0xc0,0x01,0x00,0x01,0x00,0x94,0x08,0x00,0x01,0x00,0x10,0x00,0x01,0x00,
0xa6,0x0a,0x0a,0x00,0x98,0x0a,0x03,0x00,0xa2,0x0a,0x08,0x00,0x9c,0x0a,0x05,0x00,
0x08,0xcf,0xd8,0x11,0xf1,0x03,0x0e,0x0b,0xdc,0xd7,0xe3,0xa9,0x68,0x14,0x01,0x00,
0x00,0xcb,0xe4,0xd8,0x40,0x9c,0x02,0x00,0x00,0x11,0xf1,0x08,0x0e,0xd7,0x40,0x9c,
0x02,0x00,0x00,0xf5,0x42,0xb5,0x02,0x00,0x00,0xcb,0xd7,0x40,0x28,0x02,0x00,0x00,
0x42,0x0d,0x02,0x00,0x00,0xcb,0xe5,0x11,0xd8,0x40,0xb6,0x02,0x00,0x00,0x11,0xf1,
0x08,0x0e,0xd7,0x40,0xb6,0x02,0x00,0x00,0x21,0x01,0x00,0x42,0xb7,0x02,0x00,0x00,
0xcb,0xd8,0x40,0xa2,0x02,0x00,0x00,0xf8,0xf1,0x09,0xd8,0x40,0xa2,0x02,0x00,0x00,
0xf2,0x07,0xd7,0x40,0xb8,0x02,0x00,0x00,0x42,0xb8,0x02,0x00,0x00,0xcb,0xd8,0x40,
0xdf,0x01,0x00,0x00,0x11,0xf1,0x08,0x0e,0xd7,0x40,0xdf,0x01,0x00,0x00,0x42,0xeb,
0x01,0x00,0x00,0xcb,0xd8,0x40,0xb9,0x02,0x00,0x00,0x11,0xf1,0x11,0x0e,0xd7,0x40,
0xb9,0x02,0x00,0x00,0x11,0xf1,0x07,0x0e,0x04,0xba,0x02,0x00,0x00,0x42,0xbb,0x02,
0x00,0x00,0xcb,0xd8,0x40,0xbc,0x02,0x00,0x00,0xf8,0xf1,0x0b,0xd8,0x40,0xbc,0x02,
0x00,0x00,0x95,0x95,0xf2,0x07,0xd7,0x40,0xbc,0x02,0x00,0x00,0x42,0xbd,0x02,0x00,
0x00,0xcb,0xd8,0x40,0xbe,0x02,0x00,0x00,0x11,0xf1,0x11,0x0e,0xd7,0x40,0xbe,0x02,
0x00,0x00,0x11,0xf1,0x07,0x0e,0x04,0x16,0x00,0x00,0x00,0x42,0xbf,0x02,0x00,0x00,
0xcb,0xd8,0x40,0xc0,0x02,0x00,0x00,0x11,0xf1,0x11,0x0e,0xd7,0x40,0xc0,0x02,0x00,
0x00,0x11,0xf1,0x07,0x0e,0x04,0xc1,0x02,0x00,0x00,0x42,0xc2,0x02,0x00,0x00,0xcb,
0xd8,0x40,0xc3,0x02,0x00,0x00,0x11,0xf1,0x11,0x0e,0xd7,0x40,0xc3,0x02,0x00,0x00,
0x11,0xf1,0x07,0x0e,0x04,0xc4,0x02,0x00,0x00,0x42,0xc5,0x02,0x00,0x00,0xf3,0xbe,
0x00,0xcb,0xe4,0xd8,0x40,0x9c,0x02,0x00,0x00,0x11,0xf1,0x07,0x0e,0x04,0xc6,0x02,
0x00,0x00,0xf5,0x42,0xb5,0x02,0x00,0x00,0xcb,0xe6,0xd7,0xf5,0x42,0x0d,0x02,0x00,
0x00,0xcb,0xe5,0x11,0xd8,0x40,0xb6,0x02,0x00,0x00,0x21,0x01,0x00,0x42,0xb7,0x02,
0x00,0x00,0xcb,0xd8,0x40,0xa2,0x02,0x00,0x00,0xf8,0xf1,0x09,0xd8,0x40,0xa2,0x02,
0x00,0x00,0xf2,0x02,0x07,0x42,0xb8,0x02,0x00,0x00,0xcb,0xd8,0x40,0xdf,0x01,0x00,
0x00,0x11,0xf1,0x03,0x0e,0x07,0x42,0xeb,0x01,0x00,0x00,0xcb,0xd8,0x40,0xb9,0x02,
0x00,0x00,0x11,0xf1,0x07,0x0e,0x04,0xba,0x02,0x00,0x00,0x42,0xbb,0x02,0x00,0x00,
0xcb,0xd8,0x40,0xbc,0x02,0x00,0x00,0x95,0x95,0x42,0xbd,0x02,0x00,0x00,0xcb,0xd8,
0x40,0xbe,0x02,0x00,0x00,0x11,0xf1,0x07,0x0e,0x04,0x16,0x00,0x00,0x00,0x42,0xbf,
0x02,0x00,0x00,0xcb,0xd8,0x40,0xc0,0x02,0x00,0x00,0x11,0xf1,0x07,0x0e,0x04,0xc1,
0x02,0x00,0x00,0x42,0xc2,0x02,0x00,0x00,0xcb,0xd8,0x40,0xc3,0x02,0x00,0x00,0x11,
0xf1,0x07,0x0e,0x04,0xc4,0x02,0x00,0x00,0x42,0xc5,0x02,0x00,0x00,0xcb,0x09,0x42,
0xc7,0x02,0x00,0x00,0x29,0xb4,0x04,0x8c,0x0c,0x05,0x3e,0x0d,0x04,0x2b,0x2a,0x26,
0x25,0x0c,0x3e,0x71,0x3d,0x3f,0x00,0x07,0x28,0x85,0x27,0x25,0x36,0x71,0x35,0x71,
0x00,0x9e,0x00,0x25,0x4a,0x7b,0x49,0x9e,0x00,0x9e,0x00,0xae,0x00,0x0c,0x3e,0x6c,
0x3d,0x0c,0x32,0x26,0x31,0x07,0x28,0x53,0x27,0x25,0x36,0x58,0x35,0x58,0x00,0x6c,
0x00,0x49,0x00,0x6c,0x00,0x6c,0x00,0x6d,0x03,0x00,0x0c,0x43,0x0a,0x01,0x00,0x00,
0x01,0x00,0x01,0x00,0x00,0x00,0x09,0x01,0x10,0x00,0x01,0x00,0x08,0xcf,0xcb,0x40,
0xb5,0x02,0x00,0x00,0x28,0xb4,0x04,0xa8,0x0c,0x0c,0x00,0x00,0x0c,0x43,0x0a,0x01,
0x00,0x00,0x01,0x00,0x01,0x00,0x00,0x00,0x09,0x01,0x10,0x00,0x01,0x00,0x08,0xcf,
0xcb,0x40,0x0d,0x02,0x00,0x00,0x28,0xb4,0x04,0xad,0x0c,0x0c,0x00,0x00,0x0c,0x43,
0x0a,0x01,0x00,0x00,0x01,0x00,0x01,0x00,0x00,0x00,0x09,0x01,0x10,0x00,0x01,0x00,
0x08,0xcf,0xcb,0x40,0xb7,0x02,0x00,0x00,0x28,0xb4,0x04,0xb2,0x0c,0x0c,0x00,0x00,
0x0c,0x43,0x0a,0x01,0x00,0x00,0x01,0x00,0x01,0x00,0x00,0x00,0x09,0x01,0x10,0x00,
0x01,0x00,0x08,0xcf,0xcb,0x40,0xb8,0x02,0x00,0x00,0x28,0xb4,0x04,0xb7,0x0c,0x0c,
0x00,0x00,0x0c,0x43,0x0a,0x01,0x00,0x00,0x01,0x00,0x01,0x00,0x00,0x00,0x09,0x01,
0x10,0x00,0x01,0x00,0x08,0xcf,0xcb,0x40,0xc7,0x02,0x00,0x00,0x28,0xb4,0x04,0xbc,
0x0c,0x0c,0x00,0x00,0x0c,0x43,0x0a,0x01,0x00,0x00,0x01,0x00,0x01,0x00,0x00,0x00,
0x09,0x01,0x10,0x00,0x01,0x00,0x08,0xcf,0xcb,0x40,0xeb,0x01,0x00,0x00,0x28,0xb4,
0x04,0xc1,0x0c,0x0c,0x00,0x00,0x0c,0x43,0x0a,0x01,0x00,0x00,0x01,0x00,0x01,0x00,
0x00,0x00,0x09,0x01,0x10,0x00,0x01,0x00,0x08,0xcf,0xcb,0x40,0xbb,0x02,0x00,0x00,
0x28,0xb4,0x04,0xc6,0x0c,0x0c,0x00,0x00,0x0c,0x43,0x0a,0x01,0x00,0x00,0x01,0x00,
0x01,0x00,0x00,0x00,0x09,0x01,0x10,0x00,0x01,0x00,0x08,0xcf,0xcb,0x40,0xbd,0x02,
0x00,0x00,0x28,0xb4,0x04,0xcb,0x0c,0x0c,0x00,0x00,0x0c,0x43,0x0a,0x01,0x00,0x00,
0x01,0x00,0x01,0x00,0x00,0x00,0x09,0x01,0x10,0x00,0x01,0x00,0x08,0xcf,0xcb,0x40,
0xbf,0x02,0x00,0x00,0x28,0xb4,0x04,0xd0,0x0c,0x0c,0x00,0x00,0x0c,0x43,0x0a,0x01,
0x00,0x00,0x01,0x00,0x01,0x00,0x00,0x00,0x09,0x01,0x10,0x00,0x01,0x00,0x08,0xcf,
0xcb,0x40,0xc2,0x02,0x00,0x00,0x28,0xb4,0x04,0xd5,0x0c,0x0c,0x00,0x00,0x0c,0x43,
0x0a,0x01,0x00,0x00,0x01,0x00,0x01,0x00,0x00,0x00,0x09,0x01,0x10,0x00,0x01,0x00,
0x08,0xcf,0xcb,0x40,0xc5,0x02,0x00,0x00,0x28,0xb4,0x04,0xda,0x0c,0x0c,0x00,0x00,
0x0c,0x43,0x0a,0x01,0x00,0x00,0x01,0x00,0x03,0x00,0x01,0x00,0x20,0x01,0x10,0x00,
0x01,0x00,0xa6,0x0a,0x0a,0x00,0x08,0xcf,0xcb,0x40,0xc7,0x02,0x00,0x00,0xf0,0x10,
0x38,0xda,0x00,0x00,0x00,0x11,0x04,0xc8,0x02,0x00,0x00,0x21,0x01,0x00,0x30,0xe3,
0x11,0xcb,0x21,0x01,0x00,0x28,0xb4,0x04,0xde,0x0c,0x20,0x04,0x36,0x19,0x4f,0x01,
0x00,0x0c,0x43,0x0a,0x01,0x00,0x00,0x01,0x00,0x04,0x00,0x01,0x00,0x35,0x01,0x10,
0x00,0x01,0x00,0xa4,0x0a,0x09,0x00,0x08,0xcf,0xcb,0x40,0xc7,0x02,0x00,0x00,0xf0,
0x10,0x38,0xda,0x00,0x00,0x00,0x11,0x04,0xc9,0x02,0x00,0x00,0x21,0x01,0x00,0x30,
0xcb,0x0a,0x42,0xc7,0x02,0x00,0x00,0x38,0xce,0x00,0x00,0x00,0x41,0x8a,0x00,0x00,
0x00,0xe3,0xcb,0x40,0xb8,0x02,0x00,0x00,0xf5,0x25,0x01,0x00,0xb4,0x04,0xe4,0x0c,
0x1f,0x08,0x36,0x17,0x4f,0x17,0x58,0x2e,0x07,0x18,0x00,0x0c,0x43,0x0a,0x01,0x00,
0x00,0x01,0x00,0x03,0x00,0x00,0x01,0x15,0x01,0x10,0x00,0x01,0x00,0x0c,0x43,0x0a,
0x01,0x00,0x01,0x00,0x01,0x03,0x00,0x00,0x00,0x0e,0x01,0x94,0x0b,0x00,0x01,0x00,
0x38,0xa7,0x00,0x00,0x00,0x41,0xcb,0x02,0x00,0x00,0xd7,0x25,0x01,0x00,0xb4,0x04,
0xec,0x0c,0x1f,0x02,0x35,0x07,0x00,0x08,0xcf,0xcb,0x41,0xca,0x02,0x00,0x00,0x24,
0x00,0x00,0x41,0x89,0x00,0x00,0x00,0xc5,0x00,0x25,0x01,0x00,0xb4,0x04,0xeb,0x0c,
0x1f,0x04,0x2b,0x17,0x2a,0x18,0x00,0x0c,0x43,0x0a,0x01,0x00,0x00,0x01,0x00,0x03,
0x00,0x01,0x01,0x15,0x01,0x10,0x00,0x01,0x00,0x9e,0x0a,0x06,0x00,0x0c,0x43,0x0a,
0x01,0x00,0x01,0x01,0x01,0x05,0x00,0x01,0x00,0x24,0x02,0x94,0x0b,0x00,0x01,0x00,
0x98,0x0b,0x00,0x00,0x00,0x9e,0x0a,0x00,0x02,0xe3,0xd7,0xf5,0xd3,0x40,0xcd,0x02,
0x00,0x00,0x41,0xc3,0x01,0x00,0x00,0xcb,0x40,0xce,0x02,0x00,0x00,0xcb,0x40,0xce,
0x02,0x00,0x00,0xcb,0x40,0xcf,0x02,0x00,0x00,0x9c,0x25,0x02,0x00,0xb4,0x04,0xf1,
0x0c,0x1f,0x06,0x08,0x0c,0x44,0x09,0x3e,0x3e,0x00,0x08,0xcf,0xcb,0x41,0xca,0x02,
0x00,0x00,0x24,0x00,0x00,0x41,0x89,0x00,0x00,0x00,0xc5,0x00,0x25,0x01,0x00,0xb4,
0x04,0xf0,0x0c,0x26,0x04,0x2b,0x25,0x2a,0x18,0x00,0x0c,0x43,0x0a,0x01,0x00,0x00,
0x01,0x00,0x03,0x00,0x00,0x01,0x15,0x01,0x10,0x00,0x01,0x00,0x0c,0x43,0x0a,0x01,
0x00,0x01,0x00,0x01,0x03,0x00,0x00,0x00,0x0e,0x01,0xa0,0x0b,0x00,0x01,0x00,0x38,
0xd1,0x02,0x00,0x00,0x11,0xd7,0x26,0x01,0x00,0x21,0x01,0x00,0x28,0xb4,0x04,0xf7,
0x0c,0x26,0x02,0x03,0x23,0x00,0x08,0xcf,0xcb,0x41,0xd2,0x02,0x00,0x00,0x24,0x00,
0x00,0x41,0x89,0x00,0x00,0x00,0xc5,0x00,0x25,0x01,0x00,0xb4,0x04,0xf6,0x0c,0x1f,
0x04,0x2b,0x17,0x2a,0x26,0x00,0x0c,0x43,0x0a,0x01,0xa8,0x0a,0x01,0x00,0x01,0x03,
0x00,0x00,0x00,0x10,0x01,0xa6,0x0b,0x00,0x01,0x00,0x38,0x95,0x00,0x00,0x00,0x40,
0xd4,0x02,0x00,0x00,0x11,0xd7,0x21,0x01,0x00,0x28,0xb4,0x04,0xfb,0x0c,0x05,0x02,
0x03,0x1a,0x00,0x0c,0x43,0x0a,0x01,0xaa,0x0a,0x02,0x02,0x02,0x04,0x00,0x02,0x00,
0xc0,0x01,0x04,0xc4,0x0a,0x00,0x01,0x00,0x94,0x08,0x00,0x01,0x00,0xa6,0x02,0x00,
0x00,0x00,0x10,0x00,0x01,0x00,0x9a,0x0a,0x04,0x00,0xa2,0x0a,0x08,0x00,0x08,0xd0,
0xd8,0x11,0xf1,0x03,0x0e,0x0b,0xe0,0x40,0x93,0x00,0x00,0x00,0xf8,0xf1,0x0f,0x38,
0xa1,0x00,0x00,0x00,0xd8,0x40,0x93,0x00,0x00,0x00,0xf5,0xf2,0x04,0xc3,0xc8,0x00,
0xcf,0xcc,0xe3,0xcb,0xf5,0x42,0xd5,0x02,0x00,0x00,0xcc,0xd8,0x40,0xd6,0x02,0x00,
0x00,0xf8,0xf1,0x0f,0x38,0xa2,0x00,0x00,0x00,0xd8,0x40,0xd6,0x02,0x00,0x00,0xf5,
0xf2,0x02,0xc6,0x42,0xd7,0x02,0x00,0x00,0xcc,0xe4,0x11,0xd8,0x40,0xb6,0x02,0x00,
0x00,0x21,0x01,0x00,0x42,0xb7,0x02,0x00,0x00,0xcc,0x09,0x42,0xc7,0x02,0x00,0x00,
0xcc,0x04,0x16,0x00,0x00,0x00,0x42,0x98,0x01,0x00,0x00,0xcc,0xd8,0x40,0x28,0x02,
0x00,0x00,0x11,0xf1,0x03,0x0e,0xc6,0x42,0x0d,0x02,0x00,0x00,0xcc,0xd8,0x40,0xd8,
0x02,0x00,0x00,0x11,0xf1,0x03,0x0e,0x09,0x42,0xd9,0x02,0x00,0x00,0xd7,0xf0,0x19,
0xd7,0x40,0xac,0x02,0x00,0x00,0xfb,0xf0,0x10,0xcc,0xd7,0x42,0xda,0x02,0x00,0x00,
0xcc,0x07,0x42,0xb8,0x02,0x00,0x00,0x29,0xcc,0x07,0x42,0xda,0x02,0x00,0x00,0xcc,
0xd7,0xf8,0xf1,0x04,0xd7,0xf2,0x02,0x07,0x42,0xb8,0x02,0x00,0x00,0x29,0xb4,0x04,
0xfe,0x0c,0x05,0x28,0x0d,0x04,0x3f,0x3a,0x2a,0x20,0x44,0x59,0x0c,0x3c,0x26,0x3b,
0x25,0x4e,0x2a,0x20,0x4e,0x6d,0x07,0x28,0x53,0x27,0x26,0x00,0x3a,0x00,0x58,0x00,
0x85,0x4c,0x12,0x47,0x26,0x00,0x2c,0x00,0x26,0x00,0x0c,0x2c,0x00,0x0c,0x43,0x0a,
0x01,0x00,0x00,0x01,0x00,0x01,0x00,0x00,0x00,0x09,0x01,0x10,0x00,0x01,0x00,0x08,
0xcf,0xcb,0x40,0xd5,0x02,0x00,0x00,0x28,0xb4,0x04,0x91,0x0d,0x0c,0x00,0x00,0x0c,
0x43,0x0a,0x01,0x00,0x00,0x01,0x00,0x01,0x00,0x00,0x00,0x09,0x01,0x10,0x00,0x01,
0x00,0x08,0xcf,0xcb,0x40,0xd7,0x02,0x00,0x00,0x28,0xb4,0x04,0x96,0x0d,0x0c,0x00,
0x00,0x0c,0x43,0x0a,0x01,0x00,0x00,0x01,0x00,0x02,0x00,0x00,0x00,0x1b,0x01,0x10,
0x00,0x01,0x00,0x08,0xcf,0xcb,0x40,0xd5,0x02,0x00,0x00,0xc3,0xc8,0x00,0xa8,0x11,
0xf0,0x0c,0x0e,0xcb,0x40,0xd5,0x02,0x00,0x00,0xc3,0x2b,0x01,0xa6,0x28,0xb4,0x04,
0x9b,0x0d,0x0c,0x04,0x2b,0x28,0x48,0x2e,0x00,0x0c,0x43,0x0a,0x01,0x00,0x00,0x01,
0x00,0x01,0x00,0x00,0x00,0x09,0x01,0x10,0x00,0x01,0x00,0x08,0xcf,0xcb,0x40,0xb7,
0x02,0x00,0x00,0x28,0xb4,0x04,0xa0,0x0d,0x0c,0x00,0x00,0x0c,0x43,0x0a,0x01,0x00,
0x00,0x03,0x00,0x03,0x01,0x03,0x01,0x3b,0x03,0xb6,0x0b,0x00,0x00,0x00,0xb8,0x0b,
0x00,0x01,0x40,0x00,0x10,0x00,0x01,0x00,0xa4,0x0a,0x09,0x00,0x9e,0x0a,0x06,0x00,
0xa8,0x0a,0x0b,0x00,0x0c,0x43,0x0a,0x01,0x00,0x01,0x00,0x01,0x03,0x00,0x01,0x00,
0x15,0x01,0xba,0x0b,0x00,0x01,0x00,0xb8,0x0b,0x01,0x00,0xd7,0x41,0xde,0x02,0x00,
0x00,0xe3,0x24,0x01,0x00,0x0e,0xd7,0x41,0x61,0x02,0x00,0x00,0x24,0x00,0x00,0x29,
0xb4,0x04,0xab,0x0d,0x12,0x08,0x03,0x09,0x20,0x26,0x1c,0x25,0x20,0x16,0x00,0x08,
0xd1,0xcd,0x40,0xda,0x02,0x00,0x00,0xf0,0x08,0xcd,0x40,0xda,0x02,0x00,0x00,0x28,
0xcd,0x40,0xb8,0x02,0x00,0x00,0x07,0xab,0xf0,0x03,0x07,0x28,0xe3,0xcd,0x40,0xb8,
0x02,0x00,0x00,0xf5,0xcf,0xe4,0xcb,0xf5,0xd0,0xe5,0x0b,0xc5,0x00,0x4c,0x27,0x01,
0x00,0x00,0x4b,0x27,0x01,0x00,0x00,0x23,0x01,0x00,0xb4,0x04,0xa5,0x0d,0x0c,0x08,
0x77,0x1e,0x26,0x10,0x30,0x06,0x17,0x2b,0x00,0x0c,0x43,0x0a,0x01,0x00,0x00,0x01,
0x00,0x01,0x00,0x00,0x00,0x09,0x01,0x10,0x00,0x01,0x00,0x08,0xcf,0xcb,0x40,0xc7,
0x02,0x00,0x00,0x28,0xb4,0x04,0xb3,0x0d,0x0c,0x00,0x00,0x0c,0x43,0x0a,0x01,0x00,
0x00,0x01,0x00,0x01,0x00,0x00,0x00,0x09,0x01,0x10,0x00,0x01,0x00,0x08,0xcf,0xcb,
0x40,0x98,0x01,0x00,0x00,0x28,0xb4,0x04,0xb8,0x0d,0x0c,0x00,0x00,0x0c,0x43,0x0a,
0x01,0x00,0x00,0x01,0x00,0x01,0x00,0x00,0x00,0x09,0x01,0x10,0x00,0x01,0x00,0x08,
0xcf,0xcb,0x40,0x0d,0x02,0x00,0x00,0x28,0xb4,0x04,0xbd,0x0d,0x0c,0x00,0x00,0x0c,
0x43,0x0a,0x01,0x00,0x00,0x01,0x00,0x01,0x00,0x00,0x00,0x09,0x01,0x10,0x00,0x01,
0x00,0x08,0xcf,0xcb,0x40,0xd9,0x02,0x00,0x00,0x28,0xb4,0x04,0xc2,0x0d,0x0c,0x00,
0x00,0x0c,0x43,0x0a,0x01,0x00,0x00,0x02,0x00,0x05,0x00,0x01,0x00,0x81,0x01,0x02,
0xbe,0x0b,0x00,0x00,0x00,0x10,0x00,0x01,0x00,0xaa,0x0a,0x0c,0x00,0x08,0xd0,0xcc,
0x40,0xc7,0x02,0x00,0x00,0xf0,0x10,0x38,0xda,0x00,0x00,0x00,0x11,0x04,0xe0,0x02,
0x00,0x00,0x21,0x01,0x00,0x30,0xcc,0x40,0xda,0x02,0x00,0x00,0xf0,0x10,0x38,0xda,
0x00,0x00,0x00,0x11,0x04,0xe1,0x02,0x00,0x00,0x21,0x01,0x00,0x30,0xe3,0x11,0xcc,
0x40,0xb8,0x02,0x00,0x00,0x0b,0xcc,0x40,0xd5,0x02,0x00,0x00,0x4b,0x93,0x00,0x00,
0x00,0xcc,0x40,0xd7,0x02,0x00,0x00,0x4b,0xd6,0x02,0x00,0x00,0xcc,0x40,0xb7,0x02,
0x00,0x00,0x4b,0xb6,0x02,0x00,0x00,0xcc,0x40,0x0d,0x02,0x00,0x00,0x4b,0x28,0x02,
0x00,0x00,0xcc,0x40,0xd9,0x02,0x00,0x00,0x4b,0xd8,0x02,0x00,0x00,0x21,0x02,0x00,
0xd3,0xcc,0x40,0x98,0x01,0x00,0x00,0x42,0x98,0x01,0x00,0x00,0xcb,0x28,0xb4,0x04,
0xc6,0x0d,0x21,0x0a,0x36,0x1b,0x78,0x00,0x4f,0x0a,0x00,0x43,0x0e,0x21,0x00,0x0c,
0x43,0x0a,0x01,0x00,0x00,0x02,0x00,0x04,0x00,0x01,0x01,0x51,0x02,0xba,0x07,0x00,
0x00,0x00,0x10,0x00,0x01,0x00,0xa4,0x0a,0x09,0x00,0x0c,0x43,0x0a,0x01,0x00,0x01,
0x04,0x01,0x04,0x00,0x00,0x00,0x5a,0x05,0xca,0x0a,0x00,0x01,0x00,0xc4,0x0b,0x00,
0x00,0x00,0xcc,0x05,0x00,0x01,0x00,0xc6,0x0b,0x00,0x02,0x00,0xc8,0x0b,0x00,0x03,
0x00,0xba,0xcf,0xba,0xd0,0xcc,0xd7,0xef,0xa5,0xf0,0x0c,0xcb,0xd7,0xcc,0x46,0xef,
0x9c,0xcf,0x92,0x01,0xf2,0xf0,0x38,0xb1,0x00,0x00,0x00,0x11,0xcb,0x21,0x01,0x00,
0xd1,0xba,0xd2,0xba,0xd0,0xcc,0xd7,0xef,0xa5,0xf0,0x1a,0xcd,0x41,0x46,0x00,0x00,
0x00,0xd7,0xcc,0x46,0xce,0x24,0x02,0x00,0x0e,0xce,0xd7,0xcc,0x46,0xef,0x9c,0xd2,
0x92,0x01,0xf2,0xe2,0x38,0xe5,0x02,0x00,0x00,0x11,0x04,0xe6,0x02,0x00,0x00,0x21,
0x01,0x00,0x41,0xe7,0x02,0x00,0x00,0xcd,0x25,0x01,0x00,0xb4,0x04,0xde,0x0d,0x2d,
0x12,0x1d,0x1b,0x1c,0x23,0x3b,0x22,0x54,0x02,0x1c,0x23,0x20,0x1a,0x2b,0x19,0x3b,
0x12,0x61,0x38,0x00,0x08,0xd0,0xcc,0xd3,0x40,0xc7,0x02,0x00,0x00,0xf0,0x10,0x38,
0xda,0x00,0x00,0x00,0x11,0x04,0xc9,0x02,0x00,0x00,0x21,0x01,0x00,0x30,0xcb,0x0a,
0x42,0xc7,0x02,0x00,0x00,0xcb,0x40,0xda,0x02,0x00,0x00,0xf0,0x14,0xcb,0x41,0xe8,
0x02,0x00,0x00,0x24,0x00,0x00,0x41,0x89,0x00,0x00,0x00,0xc5,0x00,0x25,0x01,0x00,
0x38,0xce,0x00,0x00,0x00,0x41,0x8a,0x00,0x00,0x00,0xe3,0xcb,0x40,0xb8,0x02,0x00,
0x00,0xf5,0x25,0x01,0x00,0xb4,0x04,0xd7,0x0d,0x20,0x0e,0x3c,0x19,0x4f,0x17,0x6d,
0x1c,0x2a,0x30,0x00,0x0f,0x1c,0x1d,0x07,0x18,0x00,0x0c,0x43,0x0a,0x01,0x00,0x00,
0x04,0x00,0x02,0x03,0x00,0x01,0x1c,0x04,0xc8,0x0a,0x00,0x00,0x40,0x02,0xca,0x0a,
0x00,0x01,0x40,0x00,0xc6,0x0a,0x00,0x02,0x40,0x01,0x10,0x00,0x01,0x00,0x0c,0x43,
0x0a,0x01,0xc6,0x0a,0x00,0x00,0x00,0x03,0x00,0x03,0x01,0x13,0x00,0xca,0x0a,0x01,
0x00,0xc6,0x0a,0x02,0x00,0xc8,0x0a,0x00,0x00,0x0c,0x43,0x0a,0x01,0x00,0x01,0x01,
0x01,0x03,0x00,0x02,0x00,0x33,0x02,0xd0,0x05,0x00,0x01,0x00,0xd2,0x0a,0x00,0x00,
0x00,0xca,0x0a,0x00,0x02,0xc6,0x0a,0x01,0x02,0xd7,0x40,0x71,0x00,0x00,0x00,0xf0,
0x03,0xe3,0x28,0xd7,0x40,0x44,0x00,0x00,0x00,0xd3,0x38,0xad,0x00,0x00,0x00,0xa9,
0xf0,0x0c,0x38,0xb1,0x00,0x00,0x00,0x11,0xcb,0x21,0x01,0x00,0xcf,0xe3,0x41,0x52,
0x01,0x00,0x00,0xcb,0x24,0x01,0x00,0x0e,0xe4,0x23,0x00,0x00,0xb4,0x04,0xf2,0x0d,
0x23,0x0a,0x5a,0x05,0x2b,0x0d,0x3b,0x1b,0x20,0x18,0x21,0x09,0x00,0xe5,0x41,0xab,
0x02,0x00,0x00,0x24,0x00,0x00,0x41,0x89,0x00,0x00,0x00,0xc5,0x00,0x25,0x01,0x00,
0xb4,0x04,0xf1,0x0d,0x07,0x04,0x21,0x20,0x2a,0x18,0x00,0x08,0xd2,0xc5,0x00,0xd1,
0xce,0x40,0xda,0x02,0x00,0x00,0x41,0xac,0x02,0x00,0x00,0x24,0x00,0x00,0xcf,0x26,
0x00,0x00,0xd0,0xcd,0x23,0x00,0x00,0xb4,0x04,0xee,0x0d,0x2c,0x06,0x53,0x0d,0x00,
0x09,0x1a,0x2d,0x00,0x0c,0x43,0x0a,0x01,0x00,0x00,0x01,0x00,0x03,0x00,0x00,0x01,
0x15,0x01,0x10,0x00,0x01,0x00,0x0c,0x43,0x0a,0x01,0x00,0x01,0x00,0x01,0x03,0x00,
0x00,0x00,0x0e,0x01,0x94,0x0b,0x00,0x01,0x00,0x38,0xa7,0x00,0x00,0x00,0x41,0xcb,
0x02,0x00,0x00,0xd7,0x25,0x01,0x00,0xb4,0x04,0xff,0x0d,0x1f,0x02,0x35,0x07,0x00,
0x08,0xcf,0xcb,0x41,0xca,0x02,0x00,0x00,0x24,0x00,0x00,0x41,0x89,0x00,0x00,0x00,
0xc5,0x00,0x25,0x01,0x00,0xb4,0x04,0xfe,0x0d,0x20,0x04,0x2b,0x19,0x2a,0x18,0x00,
0x0c,0x43,0x0a,0x01,0x00,0x00,0x02,0x00,0x05,0x00,0x02,0x01,0x53,0x02,0xba,0x07,
0x00,0x00,0x00,0x10,0x00,0x01,0x00,0x9e,0x0a,0x06,0x00,0xa4,0x0a,0x09,0x00,0x0c,
0x43,0x0a,0x01,0x00,0x01,0x04,0x01,0x04,0x00,0x00,0x00,0x4a,0x05,0xca,0x0a,0x00,
0x01,0x00,0xc4,0x0b,0x00,0x00,0x00,0xcc,0x05,0x00,0x01,0x00,0xc6,0x0b,0x00,0x02,
0x00,0xc8,0x0b,0x00,0x03,0x00,0xba,0xcf,0xba,0xd0,0xcc,0xd7,0xef,0xa5,0xf0,0x0c,
0xcb,0xd7,0xcc,0x46,0xef,0x9c,0xcf,0x92,0x01,0xf2,0xf0,0x38,0xb1,0x00,0x00,0x00,
0x11,0xcb,0x21,0x01,0x00,0xd1,0xba,0xd2,0xba,0xd0,0xcc,0xd7,0xef,0xa5,0xf0,0x1a,
0xcd,0x41,0x46,0x00,0x00,0x00,0xd7,0xcc,0x46,0xce,0x24,0x02,0x00,0x0e,0xce,0xd7,
0xcc,0x46,0xef,0x9c,0xd2,0x92,0x01,0xf2,0xe2,0xcd,0x40,0xcd,0x02,0x00,0x00,0x28,
0xb4,0x04,0x8a,0x0e,0x2d,0x0e,0x1d,0x1b,0x1c,0x23,0x3b,0x22,0x54,0x02,0x1c,0x23,
0x20,0x1a,0x2b,0x19,0x00,0x08,0xd0,0xcc,0xd3,0x40,0xc7,0x02,0x00,0x00,0xf0,0x10,
0x38,0xda,0x00,0x00,0x00,0x11,0x04,0xc9,0x02,0x00,0x00,0x21,0x01,0x00,0x30,0xcb,
0x0a,0x42,0xc7,0x02,0x00,0x00,0xcb,0x40,0xda,0x02,0x00,0x00,0xf0,0x14,0xcb,0x41,
0xe8,0x02,0x00,0x00,0x24,0x00,0x00,0x41,0x89,0x00,0x00,0x00,0xc5,0x00,0x25,0x01,
0x00,0x38,0xce,0x00,0x00,0x00,0x41,0x8a,0x00,0x00,0x00,0xe3,0xe4,0xcb,0x40,0xb8,
0x02,0x00,0x00,0xf5,0xf5,0x25,0x01,0x00,0xb4,0x04,0x83,0x0e,0x27,0x10,0x3c,0x27,
0x4f,0x17,0x6d,0x1c,0x2a,0x30,0x00,0x0f,0x1c,0x1d,0x07,0x26,0x07,0x18,0x00,0x0c,
0x43,0x0a,0x01,0x00,0x00,0x01,0x00,0x03,0x00,0x00,0x01,0x15,0x01,0x10,0x00,0x01,
0x00,0x0c,0x43,0x0a,0x01,0x00,0x01,0x00,0x01,0x03,0x00,0x00,0x00,0x0e,0x01,0xa0,
0x0b,0x00,0x01,0x00,0x38,0xd1,0x02,0x00,0x00,0x11,0xd7,0x26,0x01,0x00,0x21,0x01,
0x00,0x28,0xb4,0x04,0x9b,0x0e,0x26,0x02,0x03,0x23,0x00,0x08,0xcf,0xcb,0x41,0xd2,
0x02,0x00,0x00,0x24,0x00,0x00,0x41,0x89,0x00,0x00,0x00,0xc5,0x00,0x25,0x01,0x00,
0xb4,0x04,0x9a,0x0e,0x20,0x04,0x2b,0x19,0x2a,0x26,0x00,0x0c,0x43,0x0a,0x01,0x00,
0x00,0x01,0x00,0x05,0x00,0x01,0x00,0x21,0x01,0xd2,0x0b,0x00,0x00,0x00,0xaa,0x0a,
0x0c,0x00,0xe3,0x11,0x07,0x0b,0xc6,0x4b,0xd6,0x02,0x00,0x00,0x21,0x02,0x00,0xd3,
0xba,0x42,0xd5,0x02,0x00,0x00,0xcb,0x04,0x37,0x00,0x00,0x00,0x42,0x98,0x01,0x00,
0x00,0xcb,0x28,0xb4,0x04,0x9f,0x0e,0x17,0x06,0x03,0x06,0x44,0x25,0x26,0x00,0x00,
0x0c,0x43,0x0a,0x01,0x00,0x02,0x01,0x02,0x06,0x00,0x01,0x00,0x4f,0x03,0xd0,0x08,
0x00,0x01,0x00,0xa6,0x02,0x00,0x01,0x00,0xd2,0x0b,0x00,0x00,0x00,0xaa,0x0a,0x0c,
0x00,0xd8,0xf8,0xf0,0x05,0xc3,0x2e,0x01,0xdc,0xd8,0xc3,0x2c,0x01,0xa5,0x11,0xf1,
0x07,0x0e,0xd8,0xc3,0x8f,0x01,0xa7,0xf0,0x12,0x38,0xd7,0x00,0x00,0x00,0x11,0x04,
0xea,0x02,0x00,0x00,0xd8,0x9c,0x21,0x01,0x00,0x30,0xe3,0x11,0x07,0x0b,0xd8,0x4b,
0x93,0x00,0x00,0x00,0x0b,0xd7,0x4b,0xeb,0x02,0x00,0x00,0x4b,0xb6,0x02,0x00,0x00,
0x21,0x02,0x00,0xd3,0x04,0xec,0x02,0x00,0x00,0x42,0x98,0x01,0x00,0x00,0xcb,0x28,
0xb4,0x04,0xa5,0x0e,0x1a,0x12,0x08,0x07,0x11,0x10,0x1c,0x13,0x2f,0x20,0x21,0x21,
0x39,0x52,0x22,0x43,0x00,0x19,0x08,0x25,0x00,0x0c,0x43,0x0a,0x01,0x00,0x02,0x02,
0x02,0x06,0x00,0x02,0x00,0x7d,0x04,0xe8,0x04,0x00,0x01,0x00,0x94,0x08,0x00,0x01,
0x00,0xc4,0x0a,0x00,0x00,0x00,0xec,0x0a,0x00,0x01,0x00,0xa2,0x0a,0x08,0x00,0xaa,
0x0a,0x0c,0x00,0xd8,0x11,0xf1,0x03,0x0e,0x0b,0xdc,0x38,0xa7,0x00,0x00,0x00,0x41,
0x19,0x01,0x00,0x00,0xd7,0x24,0x01,0x00,0xcf,0xe3,0x11,0xd8,0x40,0xb6,0x02,0x00,
0x00,0x21,0x01,0x00,0xd4,0x41,0x6b,0x00,0x00,0x00,0x04,0xed,0x02,0x00,0x00,0x24,
0x01,0x00,0x95,0xf0,0x15,0xcc,0x41,0x46,0x00,0x00,0x00,0x04,0xed,0x02,0x00,0x00,
0x04,0xee,0x02,0x00,0x00,0x24,0x02,0x00,0x0e,0xe4,0x11,0xcb,0x0b,0xd8,0x40,0x93,
0x00,0x00,0x00,0xf8,0xf1,0x09,0xd8,0x40,0x93,0x00,0x00,0x00,0xf2,0x04,0xc3,0xc8,
0x00,0x4b,0x93,0x00,0x00,0x00,0xd8,0x40,0xd6,0x02,0x00,0x00,0x11,0xf1,0x03,0x0e,
0xc6,0x4b,0xd6,0x02,0x00,0x00,0xcc,0x4b,0xb6,0x02,0x00,0x00,0x21,0x02,0x00,0x28,
0xb4,0x04,0xb1,0x0e,0x16,0x10,0x03,0x1d,0x58,0x34,0x1c,0x0f,0x58,0x09,0x3a,0x15,
0x20,0x10,0x4a,0x02,0x35,0x1e,0x00,0x0c,0x43,0x0a,0x01,0xac,0x0a,0x02,0x00,0x02,
0x03,0x02,0x02,0x01,0x0c,0x02,0xc0,0x01,0x00,0x01,0x40,0x00,0x94,0x08,0x00,0x01,
0x40,0x01,0xa6,0x0a,0x0a,0x00,0xae,0x0a,0x0e,0x00,0x0c,0x43,0x0a,0x01,0x00,0x02,
0x03,0x02,0x05,0x00,0x04,0x00,0x63,0x05,0x94,0x02,0x00,0x01,0x00,0x96,0x02,0x00,
0x01,0x00,0xde,0x0b,0x00,0x00,0x00,0xb0,0x04,0x03,0x00,0x03,0xa8,0x02,0x00,0x01,
0x00,0xa6,0x0a,0x00,0x02,0xc0,0x01,0x00,0x01,0x94,0x08,0x01,0x01,0xae,0x0a,0x01,
0x02,0x6b,0x0f,0x00,0x00,0x00,0xe3,0x11,0xe4,0xe5,0x21,0x02,0x00,0xcf,0x0e,0xf2,
0x0f,0xd0,0x6b,0x0b,0x00,0x00,0x00,0xd8,0xcc,0xf5,0x0e,0x06,0x6e,0x28,0x30,0xcb,
0x40,0xdf,0x01,0x00,0x00,0xf0,0x35,0xcb,0x40,0xdf,0x01,0x00,0x00,0x40,0xea,0x01,
0x00,0x00,0xf0,0x28,0xcb,0x40,0xdf,0x01,0x00,0x00,0x40,0x94,0x00,0x00,0x00,0xd5,
0xf8,0xf0,0x15,0x38,0xdd,0x00,0x00,0x00,0x11,0x04,0xf0,0x02,0x00,0x00,0x04,0xdc,
0x01,0x00,0x00,0x21,0x02,0x00,0xd1,0xd8,0xcd,0xf5,0x29,0xe6,0xcb,0xd7,0xd8,0xba,
0x22,0x04,0x00,0x29,0xb4,0x04,0xbf,0x0e,0x1a,0x14,0x1e,0x01,0x59,0x1b,0x07,0x0e,
0x00,0x28,0x0a,0x10,0x12,0x00,0x68,0x1d,0x07,0x0e,0x14,0x11,0x07,0x14,0x00,0x38,
0xce,0x00,0x00,0x00,0x11,0xc5,0x00,0x21,0x01,0x00,0x28,0xb4,0x04,0xbe,0x0e,0x05,
0x02,0x03,0x1a,0x00,0x0c,0x43,0x0a,0x01,0xae,0x0a,0x04,0x12,0x04,0x04,0x15,0x09,
0x0b,0xc0,0x01,0x16,0xde,0x0b,0x00,0x01,0x40,0x02,0x94,0x02,0x00,0x01,0x40,0x0b,
0x96,0x02,0x00,0x01,0x40,0x05,0xe2,0x0b,0x00,0x01,0x40,0x0e,0xe4,0x0b,0x00,0x00,
0x40,0x00,0xe6,0x0b,0x00,0x01,0x40,0x0c,0xe8,0x0b,0x00,0x02,0x40,0x0a,0xd4,0x07,
0x00,0x03,0x40,0x01,0xea,0x0b,0x00,0x04,0x40,0x06,0xec,0x0b,0x00,0x05,0x40,0x03,
0xee,0x0b,0x00,0x06,0x40,0x0f,0xf0,0x0b,0x00,0x07,0x40,0x0d,0xf2,0x0b,0x00,0x08,
0x40,0x04,0xac,0x09,0x00,0x09,0x40,0x11,0xf4,0x0b,0x00,0x0a,0x40,0x07,0xf6,0x0b,
0x00,0x0b,0x40,0x08,0xf8,0x0b,0x00,0x0c,0x40,0x09,0xfa,0x0b,0x00,0x0d,0x00,0xfc,
0x0b,0x00,0x0e,0x40,0x10,0xfe,0x0b,0x00,0x0f,0x40,0x12,0x80,0x0c,0x00,0x10,0x40,
0x13,0x82,0x0c,0x00,0x11,0x40,0x14,0xa2,0x04,0x00,0x01,0x9e,0x0a,0x06,0x00,0xaa,
0x0a,0x0c,0x00,0xa2,0x0a,0x08,0x00,0xa6,0x0a,0x0a,0x00,0xae,0x0a,0x0e,0x00,0x92,
0x0a,0x00,0x00,0xa0,0x0a,0x07,0x00,0xa8,0x0a,0x0b,0x00,0x0c,0x43,0x0a,0x01,0x00,
0x02,0x00,0x02,0x03,0x00,0x01,0x00,0x11,0x02,0x88,0x01,0x00,0x01,0x00,0x74,0x00,
0x01,0x00,0xe4,0x0b,0x00,0x00,0xe3,0xd8,0x1b,0x11,0xaf,0xf1,0x04,0x1b,0x71,0x1b,
0x1b,0xd7,0x1b,0x71,0x1b,0x48,0x29,0xb4,0x04,0xd4,0x0e,0x1f,0x02,0x03,0x2b,0x00,
0x0c,0x43,0x0a,0x01,0x00,0x00,0x03,0x00,0x04,0x00,0x06,0x00,0x78,0x03,0xa8,0x02,
0x00,0x00,0x00,0xb0,0x04,0x07,0x00,0x03,0xb0,0x04,0x0c,0x00,0x03,0xd4,0x07,0x03,
0x00,0xde,0x0b,0x00,0x01,0xec,0x0b,0x05,0x00,0xf2,0x0b,0x08,0x00,0xa2,0x04,0x00,
0x02,0x96,0x02,0x02,0x01,0x0a,0xe7,0xe4,0x40,0xdf,0x01,0x00,0x00,0x40,0x94,0x00,
0x00,0x00,0xd3,0xf8,0xf0,0x15,0x38,0xdd,0x00,0x00,0x00,0x11,0x04,0xf0,0x02,0x00,
0x00,0x04,0xdc,0x01,0x00,0x00,0x21,0x02,0x00,0xcf,0xe5,0xf0,0x1e,0x6b,0x12,0x00,
0x00,0x00,0xe5,0x41,0x37,0x00,0x00,0x00,0xcb,0x24,0x01,0x00,0x0e,0x0e,0xf2,0x0b,
0xd0,0x6b,0x07,0x00,0x00,0x00,0x0e,0xf2,0x02,0x30,0xe6,0xf0,0x2b,0x5d,0x04,0x00,
0x40,0x02,0x03,0x00,0x00,0xfb,0xf0,0x20,0x6b,0x14,0x00,0x00,0x00,0x5d,0x04,0x00,
0x41,0x02,0x03,0x00,0x00,0xe6,0x24,0x01,0x00,0x0e,0x0e,0xf2,0x0b,0xd1,0x6b,0x07,
0x00,0x00,0x00,0x0e,0xf2,0x02,0x30,0x5d,0x05,0x00,0xcb,0xf5,0x29,0xb4,0x04,0xe3,
0x0e,0x13,0x1a,0x03,0x0f,0x4a,0x1e,0x12,0x00,0x00,0x1c,0x08,0x15,0x20,0x2e,0x00,
0x1d,0x08,0x24,0x2c,0x51,0x2a,0x2c,0x00,0x12,0x08,0x33,0x11,0x0e,0x00,0x0c,0x43,
0x0a,0x01,0xf8,0x0b,0x00,0x00,0x00,0x04,0x00,0x02,0x00,0x21,0x00,0xde,0x0b,0x00,
0x01,0xea,0x0b,0x04,0x00,0xe3,0x40,0xdf,0x01,0x00,0x00,0xf0,0x19,0xe4,0xf0,0x16,
0xe3,0x40,0xdf,0x01,0x00,0x00,0x41,0xd1,0x01,0x00,0x00,0x04,0xde,0x01,0x00,0x00,
0xe4,0x24,0x02,0x00,0x0e,0x29,0xb4,0x04,0xf9,0x0e,0x07,0x04,0x3b,0x08,0x39,0x1e,
0x00,0x0c,0x43,0x0a,0x01,0xfa,0x0b,0x01,0x01,0x01,0x04,0x01,0x06,0x02,0x2a,0x02,
0x86,0x0c,0x00,0x01,0x40,0x00,0x88,0x0c,0x00,0x00,0x00,0xf4,0x0b,0x0a,0x00,0xf6,
0x0b,0x0b,0x00,0xd4,0x07,0x03,0x00,0xf8,0x0b,0x0c,0x00,0x96,0x02,0x02,0x01,0xe8,
0x0b,0x02,0x00,0x0c,0x43,0x0a,0x01,0x88,0x0c,0x01,0x00,0x01,0x02,0x00,0x03,0x00,
0x08,0x01,0x8a,0x0c,0x00,0x01,0x00,0xf4,0x0b,0x00,0x02,0xf6,0x0b,0x01,0x02,0x86,
0x0c,0x00,0x01,0xd7,0xe7,0x0a,0xe8,0xe5,0xd7,0xf5,0x29,0xb4,0x04,0xff,0x0e,0x09,
0x08,0x03,0x04,0x0d,0x00,0x0d,0x00,0x07,0x06,0x00,0x0c,0x43,0x0a,0x01,0x00,0x01,
0x00,0x01,0x06,0x00,0x03,0x00,0x23,0x01,0x82,0x06,0x00,0x01,0x00,0xd4,0x07,0x02,
0x02,0xf8,0x0b,0x03,0x02,0x96,0x02,0x04,0x02,0xe3,0xf0,0x02,0x29,0xe4,0xf4,0x0e,
0xe5,0x38,0xda,0x00,0x00,0x00,0x11,0x04,0x06,0x03,0x00,0x00,0xd7,0x11,0xf1,0x07,
0x0e,0x04,0x07,0x03,0x00,0x00,0x9c,0x21,0x01,0x00,0xf5,0x29,0xb4,0x04,0x85,0x0f,
0x2a,0x08,0x18,0x39,0x12,0x00,0x07,0x16,0x39,0x3a,0x00,0xc5,0x00,0xcf,0x5d,0x05,
0x00,0xf0,0x1c,0x5d,0x05,0x00,0x40,0x89,0x00,0x00,0x00,0xfb,0xf0,0x11,0x5d,0x05,
0x00,0x41,0x89,0x00,0x00,0x00,0xcb,0xc5,0x01,0x24,0x02,0x00,0x0e,0x29,0xcb,0x5d,
0x05,0x00,0xf5,0x0e,0x29,0xb4,0x04,0xfe,0x0e,0x07,0x0e,0x00,0x10,0x0c,0x76,0x12,
0x6d,0x2a,0x2c,0x00,0x08,0x0c,0x2b,0x07,0x10,0x00,0x0c,0x43,0x0a,0x01,0x00,0x01,
0x02,0x01,0x06,0x00,0x0a,0x02,0x5d,0x03,0x8a,0x0c,0x00,0x01,0x00,0xb6,0x0b,0x00,
0x00,0x00,0xc2,0x08,0x00,0x01,0x00,0xd4,0x07,0x03,0x00,0x9e,0x0a,0x01,0x02,0xaa,
0x0a,0x02,0x02,0xa2,0x0a,0x03,0x02,0xde,0x0b,0x00,0x01,0x94,0x02,0x01,0x01,0x96,
0x02,0x02,0x01,0xf8,0x0b,0x0c,0x00,0xa2,0x04,0x00,0x02,0xe6,0x0b,0x01,0x00,0x0c,
0x43,0x0a,0x01,0x00,0x01,0x02,0x01,0x06,0x00,0x06,0x00,0x3a,0x03,0xe8,0x04,0x00,
0x01,0x00,0x90,0x0c,0x00,0x00,0x00,0x92,0x0c,0x00,0x01,0x00,0xd4,0x07,0x00,0x02,
0x9e,0x0a,0x01,0x02,0xaa,0x0a,0x02,0x02,0xa2,0x0a,0x03,0x02,0xde,0x0b,0x04,0x02,
0x94,0x02,0x05,0x02,0xe3,0xf0,0x02,0x29,0xe4,0xd7,0x11,0xf1,0x03,0x0e,0xc6,0xf5,
0xcf,0xe5,0x11,0xcb,0x0b,0xc3,0xc8,0x00,0x4b,0x93,0x00,0x00,0x00,0xe6,0x11,0x21,
0x00,0x00,0x4b,0xb6,0x02,0x00,0x00,0x21,0x02,0x00,0xd4,0x5d,0x04,0x00,0x40,0x28,
0x02,0x00,0x00,0x42,0x0d,0x02,0x00,0x00,0x5d,0x05,0x00,0xcc,0xf5,0x29,0xb4,0x04,
0x96,0x0f,0x23,0x0c,0x1d,0x18,0x2b,0x27,0x40,0x02,0x45,0x1d,0x49,0x00,0x11,0x10,
0x00,0x0c,0x43,0x0a,0x01,0x00,0x01,0x00,0x01,0x06,0x00,0x02,0x00,0x20,0x01,0x82,
0x06,0x00,0x01,0x00,0xd4,0x07,0x00,0x02,0x96,0x02,0x06,0x02,0xe3,0xf0,0x02,0x29,
0xe4,0x38,0xda,0x00,0x00,0x00,0x11,0x04,0x06,0x03,0x00,0x00,0xd7,0x11,0xf1,0x07,
0x0e,0x04,0x07,0x03,0x00,0x00,0x9c,0x21,0x01,0x00,0xf5,0x29,0xb4,0x04,0x9f,0x0f,
0x0e,0x06,0x18,0x01,0x07,0x16,0x39,0x3a,0x00,0xe3,0xf0,0x02,0x29,0x5d,0x07,0x00,
0xf4,0x0e,0xd7,0xf0,0x15,0x38,0xe5,0x02,0x00,0x00,0x11,0x21,0x00,0x00,0x41,0xe7,
0x02,0x00,0x00,0xd7,0x24,0x01,0x00,0xf2,0x02,0x07,0xcf,0x5d,0x08,0x00,0x41,0x0a,
0x03,0x00,0x00,0x5d,0x04,0x00,0x40,0x28,0x02,0x00,0x00,0x5d,0x04,0x00,0x40,0x9c,
0x02,0x00,0x00,0x5d,0x09,0x00,0xcb,0x24,0x04,0x00,0xd0,0x38,0xce,0x00,0x00,0x00,
0x41,0x8a,0x00,0x00,0x00,0xcc,0x24,0x01,0x00,0x41,0x89,0x00,0x00,0x00,0xc5,0x00,
0xc5,0x01,0x24,0x02,0x00,0x29,0xb4,0x04,0x8f,0x0f,0x17,0x10,0x00,0x04,0x08,0x17,
0x2b,0x34,0x48,0x2a,0x53,0x2b,0x7b,0x31,0x34,0x20,0x2f,0x10,0x00,0x0c,0x43,0x0a,
0x01,0x00,0x01,0x00,0x01,0x01,0x00,0x01,0x00,0x03,0x01,0xba,0x0b,0x00,0x01,0x00,
0xec,0x0b,0x05,0x00,0xd7,0xe7,0x29,0xb4,0x04,0xa7,0x0f,0x10,0x02,0x03,0x09,0x00,
0x0c,0x43,0x0a,0x01,0x00,0x01,0x01,0x01,0x04,0x00,0x03,0x00,0x2a,0x02,0xa8,0x02,
0x00,0x01,0x00,0xb0,0x04,0x05,0x00,0x03,0xf0,0x0b,0x07,0x00,0xf2,0x0b,0x08,0x00,
0xa2,0x04,0x00,0x02,0x0a,0xe7,0xe4,0xf0,0x25,0xe5,0x40,0x02,0x03,0x00,0x00,0xfb,
0xf0,0x1c,0x6b,0x11,0x00,0x00,0x00,0xe5,0x41,0x02,0x03,0x00,0x00,0xe4,0x24,0x01,
0x00,0x0e,0x0e,0x29,0xcf,0x6b,0x06,0x00,0x00,0x00,0x0e,0x29,0x30,0x29,0xb4,0x04,
0xaa,0x0f,0x11,0x08,0x03,0x0b,0x3a,0x5a,0x2c,0x51,0x20,0x2c,0x00,0x0c,0x43,0x0a,
0x01,0xfe,0x0b,0x02,0x0a,0x02,0x06,0x00,0x10,0x00,0xb5,0x04,0x0c,0xa6,0x02,0x00,
0x01,0x00,0x96,0x0c,0x00,0x01,0x00,0x98,0x0c,0x00,0x00,0x00,0xb0,0x04,0x06,0x00,
0x03,0x9a,0x0c,0x00,0x01,0x00,0xd6,0x0b,0x00,0x03,0x00,0x9c,0x0c,0x00,0x04,0x00,
0xb0,0x04,0x13,0x00,0x03,0x9e,0x0c,0x00,0x05,0x00,0xa0,0x0c,0x00,0x07,0x00,0xec,
0x0a,0x00,0x08,0x00,0xa2,0x0c,0x00,0x09,0x00,0xd4,0x07,0x03,0x00,0xde,0x0b,0x00,
0x01,0xf8,0x0b,0x0c,0x00,0x96,0x02,0x02,0x01,0xaa,0x0a,0x02,0x02,0x94,0x02,0x01,
0x01,0xe2,0x0b,0x03,0x01,0xf6,0x0b,0x0b,0x00,0xf4,0x0b,0x0a,0x00,0xa6,0x0a,0x04,
0x02,0xee,0x0b,0x06,0x00,0xae,0x0a,0x05,0x02,0xa2,0x0a,0x03,0x02,0xfc,0x0b,0x0e,
0x00,0x92,0x0a,0x06,0x02,0xac,0x09,0x09,0x00,0xe3,0xf0,0x02,0x29,0x0b,0xcf,0xd8,
0xf0,0x22,0x6b,0x16,0x00,0x00,0x00,0x38,0xa7,0x00,0x00,0x00,0x41,0xcb,0x02,0x00,
0x00,0xd8,0x24,0x01,0x00,0xcf,0x0e,0xf2,0x0b,0xd0,0x6b,0x07,0x00,0x00,0x00,0x0e,
0xf2,0x02,0x30,0xd7,0xc3,0x2c,0x01,0xa8,0x68,0xbc,0x01,0x00,0x00,0xd7,0xc3,0x8f,
0x01,0xa6,0x68,0xb2,0x01,0x00,0x00,0xe4,0x40,0xb9,0x02,0x00,0x00,0x04,0x37,0x00,
0x00,0x00,0xad,0xf0,0x15,0xe5,0xf4,0x0e,0xe6,0x38,0xda,0x00,0x00,0x00,0x11,0x04,
0x12,0x03,0x00,0x00,0x21,0x01,0x00,0xf5,0x29,0xe4,0x40,0xb9,0x02,0x00,0x00,0x04,
0x13,0x03,0x00,0x00,0xad,0xf0,0x2b,0xe5,0xf4,0x0e,0x5d,0x04,0x00,0x11,0x07,0x0b,
0xc6,0x4b,0xd6,0x02,0x00,0x00,0x21,0x02,0x00,0xd5,0xba,0x42,0xd5,0x02,0x00,0x00,
0xcd,0x04,0xec,0x02,0x00,0x00,0x42,0x98,0x01,0x00,0x00,0x5d,0x05,0x00,0xcd,0xf5,
0x29,0x5d,0x06,0x00,0xc2,0x14,0xa8,0xf0,0x15,0xe5,0xf4,0x0e,0xe6,0x38,0xda,0x00,
0x00,0x00,0x11,0x04,0x14,0x03,0x00,0x00,0x21,0x01,0x00,0xf5,0x29,0xcb,0x04,0xeb,
0x02,0x00,0x00,0x46,0x11,0xf1,0x0e,0x0e,0xcb,0x04,0x15,0x03,0x00,0x00,0x46,0x11,
0xf1,0x03,0x0e,0x07,0xd6,0x68,0x1f,0x01,0x00,0x00,0x6b,0x1e,0x00,0x00,0x00,0x38,
0x71,0x02,0x00,0x00,0x11,0xce,0xe4,0x40,0x28,0x02,0x00,0x00,0x21,0x02,0x00,0x40,
0x6a,0x02,0x00,0x00,0xc8,0x04,0x0e,0xf2,0x20,0xc8,0x05,0x6b,0x1b,0x00,0x00,0x00,
0xe5,0xf4,0x0e,0xe6,0x38,0xda,0x00,0x00,0x00,0x11,0x04,0x16,0x03,0x00,0x00,0x21,
0x01,0x00,0xf5,0x0e,0x06,0x6e,0x28,0x30,0x0b,0xe4,0x40,0x9c,0x02,0x00,0x00,0x4b,
0x9c,0x02,0x00,0x00,0xe4,0x40,0xb6,0x02,0x00,0x00,0x4b,0xb6,0x02,0x00,0x00,0xe4,
0x40,0xdf,0x01,0x00,0x00,0x4b,0xdf,0x01,0x00,0x00,0xe4,0x40,0xb9,0x02,0x00,0x00,
0x4b,0xb9,0x02,0x00,0x00,0xe4,0x40,0xbc,0x02,0x00,0x00,0x4b,0xbc,0x02,0x00,0x00,
0xe4,0x40,0xbe,0x02,0x00,0x00,0x4b,0xbe,0x02,0x00,0x00,0xe4,0x40,0xc0,0x02,0x00,
0x00,0x4b,0xc0,0x02,0x00,0x00,0xe4,0x40,0xc3,0x02,0x00,0x00,0x4b,0xc3,0x02,0x00,
0x00,0xc8,0x06,0xd7,0xc3,0x2f,0x01,0xad,0x11,0xf1,0x2e,0x0e,0xd7,0xc3,0x2d,0x01,
0xad,0x11,0xf0,0x0e,0x0e,0xe4,0x40,0x9c,0x02,0x00,0x00,0x04,0x17,0x03,0x00,0x00,
0xad,0x11,0xf1,0x15,0x0e,0xd7,0xc3,0x2e,0x01,0xad,0xf0,0x1d,0xe4,0x40,0x9c,0x02,
0x00,0x00,0x04,0x17,0x03,0x00,0x00,0xad,0xf0,0x0f,0xc7,0x06,0x04,0xc6,0x02,0x00,
0x00,0x42,0x9c,0x02,0x00,0x00,0xf2,0x18,0xc7,0x06,0x5d,0x07,0x00,0xf0,0x06,0x5d,
0x08,0x00,0xf2,0x07,0xe4,0x40,0xa2,0x02,0x00,0x00,0x42,0xa2,0x02,0x00,0x00,0x5d,
0x09,0x00,0x11,0xc7,0x04,0xc7,0x06,0x21,0x02,0x00,0xc8,0x07,0xe5,0xf4,0x0e,0x0a,
0x5e,0x0a,0x00,0x5d,0x0b,0x00,0xc7,0x07,0x5d,0x05,0x00,0xe6,0x5d,0x06,0x00,0xbb,
0x9c,0x22,0x04,0x00,0x29,0x5d,0x0c,0x00,0x11,0xcb,0x21,0x01,0x00,0xc8,0x08,0x5d,
0x04,0x00,0x11,0x5d,0x0d,0x00,0x0b,0xd7,0x4b,0x93,0x00,0x00,0x00,0x5d,0x0e,0x00,
0xd7,0x46,0x11,0xf1,0x03,0x0e,0xc6,0x4b,0xd6,0x02,0x00,0x00,0xc7,0x08,0x4b,0xb6,
0x02,0x00,0x00,0xe4,0x40,0x28,0x02,0x00,0x00,0x4b,0x28,0x02,0x00,0x00,0x21,0x02,
0x00,0xc8,0x09,0x0a,0x5e,0x0f,0x00,0x5d,0x05,0x00,0xc7,0x09,0xf5,0x29,0xb4,0x04,
0xb4,0x0f,0x07,0x5f,0x00,0x0e,0x0a,0x0c,0x34,0x36,0x00,0x13,0x08,0x21,0x34,0x22,
0x4e,0x07,0x2b,0x2d,0x12,0x00,0x07,0x16,0x73,0x18,0x2b,0x2d,0x12,0x28,0x4e,0x27,
0x26,0x00,0x3a,0x00,0x11,0x10,0x23,0x16,0x1c,0x25,0x12,0x00,0x07,0x16,0x00,0x32,
0x0e,0x0a,0xa9,0x1b,0x12,0x00,0x07,0x16,0x00,0x70,0x1a,0x04,0x2f,0x24,0x48,0x34,
0x39,0x2a,0x3e,0x34,0x2b,0xcf,0x01,0x4a,0x00,0x77,0x20,0x44,0x23,0x12,0x00,0x17,
0x00,0x11,0x14,0x2f,0x54,0x00,0x06,0x08,0x4b,0x35,0x05,0x00,0x34,0x0c,0x1d,0x17,
0x00,0x11,0x10,0x00,0x0c,0x43,0x0a,0x01,0x80,0x0c,0x01,0x02,0x01,0x04,0x00,0x05,
0x00,0x5e,0x03,0xd2,0x0a,0x00,0x01,0x00,0xb8,0x0b,0x00,0x00,0x00,0xb0,0x04,0x09,
0x00,0x03,0xd4,0x07,0x03,0x00,0xee,0x0b,0x06,0x00,0xf0,0x0b,0x07,0x00,0xec,0x0b,
0x05,0x00,0x9e,0x0a,0x01,0x02,0xe3,0x11,0xf1,0x0e,0x0e,0xe4,0x11,0xf1,0x09,0x0e,
0xe5,0x11,0xf1,0x04,0x0e,0xe6,0x95,0xf0,0x02,0x29,0xd7,0x38,0xad,0x00,0x00,0x00,
0xa9,0xf0,0x0e,0x38,0xb1,0x00,0x00,0x00,0x11,0xd7,0x21,0x01,0x00,0xcf,0xf2,0x1a,
0xd7,0x38,0xb1,0x00,0x00,0x00,0xa9,0xf0,0x05,0xd7,0xcf,0xf2,0x0d,0x5d,0x04,0x00,
0x38,0xa2,0x00,0x00,0x00,0xd7,0xf5,0xf5,0xcf,0x6b,0x11,0x00,0x00,0x00,0xe6,0x41,
0xde,0x02,0x00,0x00,0xcb,0x24,0x01,0x00,0x0e,0x0e,0x29,0xd0,0x6b,0x06,0x00,0x00,
0x00,0x0e,0x29,0x30,0xb4,0x04,0xfa,0x0f,0x07,0x12,0x6e,0x2e,0x2b,0x11,0x49,0x20,
0x2b,0x33,0x18,0x00,0x11,0x32,0x1b,0x0e,0x32,0x3f,0x20,0x32,0x00,0x0c,0x43,0x0a,
0x01,0x82,0x0c,0x01,0x00,0x01,0x06,0x00,0x07,0x00,0x9b,0x01,0x01,0xb0,0x0c,0x00,
0x01,0x00,0xf8,0x0b,0x0c,0x00,0xd4,0x07,0x03,0x00,0xee,0x0b,0x06,0x00,0xf0,0x0b,
0x07,0x00,0xac,0x09,0x09,0x00,0x96,0x02,0x02,0x01,0xec,0x0b,0x05,0x00,0xe3,0xf4,
0x0e,0xe4,0x11,0xf1,0x08,0x0e,0xe5,0x11,0xf1,0x03,0x0e,0xe6,0xf0,0x02,0x29,0xd7,
0xba,0xae,0xf0,0x52,0x5d,0x04,0x00,0x95,0xf0,0x4c,0xd7,0xba,0xa7,0xf0,0x17,0x5d,
0x05,0x00,0x38,0xda,0x00,0x00,0x00,0x11,0x04,0x19,0x03,0x00,0x00,0xd7,0x9c,0x21,
0x01,0x00,0xf5,0x0e,0x29,0xd7,0xc2,0xfa,0xad,0xf0,0x15,0x5d,0x05,0x00,0x38,0xda,
0x00,0x00,0x00,0x11,0x04,0x1a,0x03,0x00,0x00,0x21,0x01,0x00,0xf5,0x0e,0x29,0x5d,
0x05,0x00,0x38,0xda,0x00,0x00,0x00,0x11,0x04,0x1b,0x03,0x00,0x00,0xd7,0x9c,0x21,
0x01,0x00,0xf5,0x0e,0x29,0x5d,0x06,0x00,0xf0,0x2f,0xd7,0xba,0xae,0xf0,0x1e,0x5d,
0x06,0x00,0x41,0x37,0x00,0x00,0x00,0x38,0xda,0x00,0x00,0x00,0x11,0x04,0x1c,0x03,
0x00,0x00,0xd7,0x9c,0x21,0x01,0x00,0x24,0x01,0x00,0x0e,0x29,0x5d,0x06,0x00,0x41,
0x61,0x02,0x00,0x00,0x24,0x00,0x00,0x0e,0x29,0xb4,0x04,0x89,0x10,0x07,0x27,0x03,
0x04,0x5e,0x28,0x3a,0x00,0x17,0x1f,0x11,0x16,0x39,0x5c,0x30,0x3f,0x1c,0x31,0x11,
0x16,0x59,0x15,0x11,0x16,0x39,0x56,0x00,0x0e,0x0a,0x47,0x17,0x23,0x2a,0x36,0x39,
0x52,0x36,0x87,0x01,0x2a,0x22,0x00,0x0c,0x43,0x0a,0x01,0x00,0x01,0x00,0x01,0x09,
0x00,0x08,0x00,0x2d,0x01,0x8a,0x0c,0x00,0x01,0x00,0xd4,0x07,0x03,0x00,0xa2,0x04,
0x00,0x02,0xde,0x0b,0x00,0x01,0xe6,0x0b,0x01,0x00,0xfe,0x0b,0x0f,0x00,0x80,0x0c,
0x10,0x00,0x82,0x0c,0x11,0x00,0xf2,0x0b,0x08,0x00,0xe3,0xf0,0x02,0x29,0xe4,0x41,
0x1d,0x03,0x00,0x00,0xe5,0x40,0x28,0x02,0x00,0x00,0xe5,0x40,0x9c,0x02,0x00,0x00,
0xe6,0xd7,0x5d,0x04,0x00,0x5d,0x05,0x00,0x5d,0x06,0x00,0x24,0x07,0x00,0x11,0xf1,
0x03,0x0e,0xba,0x5e,0x07,0x00,0x29,0xb4,0x04,0x9e,0x10,0x15,0x04,0x18,0x17,0x20,
0x3c,0x00,0xc5,0x02,0xc8,0x0c,0xc5,0x03,0xc8,0x0d,0xc5,0x07,0xc8,0x0f,0xc5,0x08,
0xc8,0x10,0xc5,0x09,0xc8,0x11,0x38,0x9e,0x00,0x00,0x00,0x41,0x1e,0x03,0x00,0x00,
0x07,0x24,0x01,0x00,0xcf,0xd7,0x40,0xb6,0x02,0x00,0x00,0x41,0x56,0x01,0x00,0x00,
0xc5,0x00,0x24,0x01,0x00,0x0e,0x38,0xa7,0x00,0x00,0x00,0x41,0x19,0x01,0x00,0x00,
0xcb,0x24,0x01,0x00,0xd0,0x5d,0x07,0x00,0xd7,0x40,0xa2,0x02,0x00,0x00,0xf5,0xd1,
0x09,0xd2,0x07,0xc8,0x05,0x09,0xc8,0x06,0x09,0xc8,0x07,0xba,0xc8,0x08,0x09,0xc8,
0x09,0x07,0xc8,0x0a,0x09,0xc8,0x0b,0xd7,0x40,0xdf,0x01,0x00,0x00,0xf0,0x20,0xc5,
0x01,0x4c,0xf5,0x02,0x00,0x00,0xc8,0x04,0xd7,0x40,0xdf,0x01,0x00,0x00,0x41,0xd0,
0x01,0x00,0x00,0x04,0xde,0x01,0x00,0x00,0xc7,0x04,0x24,0x02,0x00,0x0e,0xe3,0x40,
0x1d,0x03,0x00,0x00,0xfb,0xf1,0x07,0xc7,0x0d,0xc5,0x04,0xf5,0x29,0x5d,0x08,0x00,
0x0b,0xc5,0x05,0x4c,0x27,0x01,0x00,0x00,0x4b,0x27,0x01,0x00,0x00,0xc5,0x06,0x4c,
0x1f,0x03,0x00,0x00,0x4b,0x1f,0x03,0x00,0x00,0xf5,0xc8,0x0e,0xc7,0x0d,0xc5,0x0a,
0xf5,0x29,0xb4,0x04,0xd2,0x0e,0x05,0x27,0x99,0x62,0x1c,0x5d,0x39,0x30,0x55,0x12,
0x2b,0x08,0x00,0x27,0x16,0x45,0x00,0x09,0x28,0x00,0x39,0x1e,0x00,0x11,0x2e,0x2a,
0x12,0x47,0x0c,0x1c,0x00,0x07,0x2e,0x0a,0x00,0x1c,0xf0,0x01,0x29,0x0c,0x1c,0x00,
0xc5,0x00,0xd0,0xc5,0x01,0xd1,0xc5,0x02,0xd2,0xc5,0x03,0xc8,0x04,0xc5,0x04,0xc8,
0x05,0xc5,0x05,0xc8,0x06,0xc5,0x06,0xc8,0x07,0xc5,0x07,0xc8,0x08,0xc5,0x12,0xc8,
0x09,0xc5,0x13,0xc8,0x0a,0xc5,0x24,0xc8,0x0b,0xc5,0x25,0xc8,0x0c,0xc5,0x38,0xc8,
0x0d,0xc5,0x39,0xc8,0x0e,0x0b,0x04,0x20,0x03,0x00,0x00,0x4b,0x64,0x00,0x00,0x80,
0x04,0x21,0x03,0x00,0x00,0x4b,0x65,0x00,0x00,0x80,0x04,0x22,0x03,0x00,0x00,0x4b,
0xc8,0x00,0x00,0x80,0x04,0x23,0x03,0x00,0x00,0x4b,0xc9,0x00,0x00,0x80,0x04,0x24,
0x03,0x00,0x00,0x4b,0xca,0x00,0x00,0x80,0x04,0x25,0x03,0x00,0x00,0x4b,0xcb,0x00,
0x00,0x80,0x04,0x26,0x03,0x00,0x00,0x4b,0xcc,0x00,0x00,0x80,0x04,0x27,0x03,0x00,
0x00,0x4b,0xcd,0x00,0x00,0x80,0x04,0x28,0x03,0x00,0x00,0x4b,0xce,0x00,0x00,0x80,
0x04,0x29,0x03,0x00,0x00,0x4b,0x2c,0x01,0x00,0x80,0x04,0x2a,0x03,0x00,0x00,0x4b,
0x2d,0x01,0x00,0x80,0x04,0x2b,0x03,0x00,0x00,0x4b,0x2e,0x01,0x00,0x80,0x04,0x2c,
0x03,0x00,0x00,0x4b,0x2f,0x01,0x00,0x80,0x04,0x2d,0x03,0x00,0x00,0x4b,0x30,0x01,
0x00,0x80,0x04,0x2e,0x03,0x00,0x00,0x4b,0x33,0x01,0x00,0x80,0x04,0x2f,0x03,0x00,
0x00,0x4b,0x34,0x01,0x00,0x80,0x04,0x30,0x03,0x00,0x00,0x4b,0x90,0x01,0x00,0x80,
0x04,0x31,0x03,0x00,0x00,0x4b,0x91,0x01,0x00,0x80,0x04,0x32,0x03,0x00,0x00,0x4b,
0x92,0x01,0x00,0x80,0x04,0x33,0x03,0x00,0x00,0x4b,0x93,0x01,0x00,0x80,0x04,0x34,
0x03,0x00,0x00,0x4b,0x94,0x01,0x00,0x80,0x04,0x35,0x03,0x00,0x00,0x4b,0x95,0x01,
0x00,0x80,0x04,0x36,0x03,0x00,0x00,0x4b,0x96,0x01,0x00,0x80,0x04,0x37,0x03,0x00,
0x00,0x4b,0x97,0x01,0x00,0x80,0x04,0x38,0x03,0x00,0x00,0x4b,0x98,0x01,0x00,0x80,
0x04,0x39,0x03,0x00,0x00,0x4b,0x99,0x01,0x00,0x80,0x04,0x3a,0x03,0x00,0x00,0x4b,
0x9a,0x01,0x00,0x80,0x04,0x3b,0x03,0x00,0x00,0x4b,0x9b,0x01,0x00,0x80,0x04,0x3c,
0x03,0x00,0x00,0x4b,0x9c,0x01,0x00,0x80,0x04,0x3d,0x03,0x00,0x00,0x4b,0x9d,0x01,
0x00,0x80,0x04,0x3e,0x03,0x00,0x00,0x4b,0x9e,0x01,0x00,0x80,0x04,0x3f,0x03,0x00,
0x00,0x4b,0x9f,0x01,0x00,0x80,0x04,0x40,0x03,0x00,0x00,0x4b,0xa0,0x01,0x00,0x80,
0x04,0x41,0x03,0x00,0x00,0x4b,0xa1,0x01,0x00,0x80,0x04,0x42,0x03,0x00,0x00,0x4b,
0xa2,0x01,0x00,0x80,0x04,0x43,0x03,0x00,0x00,0x4b,0xa6,0x01,0x00,0x80,0x04,0x44,
0x03,0x00,0x00,0x4b,0xa9,0x01,0x00,0x80,0x04,0x45,0x03,0x00,0x00,0x4b,0xaa,0x01,
0x00,0x80,0x04,0x46,0x03,0x00,0x00,0x4b,0xac,0x01,0x00,0x80,0x04,0x47,0x03,0x00,
0x00,0x4b,0xad,0x01,0x00,0x80,0x04,0x48,0x03,0x00,0x00,0x4b,0xaf,0x01,0x00,0x80,
0x04,0x49,0x03,0x00,0x00,0x4b,0xc3,0x01,0x00,0x80,0x04,0x4a,0x03,0x00,0x00,0x4b,
0xf4,0x01,0x00,0x80,0x04,0x4b,0x03,0x00,0x00,0x4b,0xf5,0x01,0x00,0x80,0x04,0x4c,
0x03,0x00,0x00,0x4b,0xf6,0x01,0x00,0x80,0x04,0x4d,0x03,0x00,0x00,0x4b,0xf7,0x01,
0x00,0x80,0x04,0x4e,0x03,0x00,0x00,0x4b,0xf8,0x01,0x00,0x80,0x04,0x4f,0x03,0x00,
0x00,0x4b,0xf9,0x01,0x00,0x80,0x04,0x50,0x03,0x00,0x00,0x4b,0xfa,0x01,0x00,0x80,
0x04,0x51,0x03,0x00,0x00,0x4b,0xfb,0x01,0x00,0x80,0x04,0x52,0x03,0x00,0x00,0x4b,
0xfc,0x01,0x00,0x80,0x04,0x53,0x03,0x00,0x00,0x4b,0xfe,0x01,0x00,0x80,0x04,0x54,
0x03,0x00,0x00,0x4b,0xff,0x01,0x00,0x80,0xcf,0xc7,0x08,0x40,0x3f,0x00,0x00,0x00,
0xc5,0x08,0x42,0x45,0x00,0x00,0x00,0xc7,0x08,0x40,0x3f,0x00,0x00,0x00,0xc5,0x09,
0x42,0x46,0x00,0x00,0x00,0xc7,0x08,0x40,0x3f,0x00,0x00,0x00,0xc5,0x0a,0x42,0x6b,
0x00,0x00,0x00,0xc7,0x08,0x40,0x3f,0x00,0x00,0x00,0xc5,0x0b,0x42,0x09,0x00,0x00,
0x00,0xc7,0x08,0x40,0x3f,0x00,0x00,0x00,0xc5,0x0c,0x42,0x68,0x02,0x00,0x00,0xc7,
0x08,0x40,0x3f,0x00,0x00,0x00,0xc5,0x0d,0x42,0x56,0x01,0x00,0x00,0xc7,0x08,0x40,
0x3f,0x00,0x00,0x00,0xc5,0x0e,0x42,0x4c,0x01,0x00,0x00,0xc7,0x08,0x40,0x3f,0x00,
0x00,0x00,0xc5,0x0f,0x42,0x31,0x00,0x00,0x00,0xc7,0x08,0x40,0x3f,0x00,0x00,0x00,
0xc5,0x10,0x42,0x73,0x00,0x00,0x00,0x38,0xa4,0x00,0x00,0x00,0xf0,0x21,0xc7,0x08,
0x40,0x3f,0x00,0x00,0x00,0x38,0xa4,0x00,0x00,0x00,0x40,0x0f,0x02,0x00,0x00,0x1b,
0x11,0xaf,0xf1,0x04,0x1b,0x71,0x1b,0x1b,0xc5,0x11,0x1b,0x71,0x1b,0x48,0x38,0x9e,
0x00,0x00,0x00,0x41,0x6d,0x00,0x00,0x00,0xc7,0x0a,0x40,0x3f,0x00,0x00,0x00,0x04,
0x9c,0x02,0x00,0x00,0x0b,0xc5,0x14,0x4c,0x45,0x00,0x00,0x00,0x4b,0x45,0x00,0x00,
0x00,0x24,0x03,0x00,0x0e,0x38,0x9e,0x00,0x00,0x00,0x41,0x6d,0x00,0x00,0x00,0xc7,
0x0a,0x40,0x3f,0x00,0x00,0x00,0x04,0x28,0x02,0x00,0x00,0x0b,0xc5,0x15,0x4c,0x45,
0x00,0x00,0x00,0x4b,0x45,0x00,0x00,0x00,0x24,0x03,0x00,0x0e,0x38,0x9e,0x00,0x00,
0x00,0x41,0x6d,0x00,0x00,0x00,0xc7,0x0a,0x40,0x3f,0x00,0x00,0x00,0x04,0xb6,0x02,
0x00,0x00,0x0b,0xc5,0x16,0x4c,0x45,0x00,0x00,0x00,0x4b,0x45,0x00,0x00,0x00,0x24,
0x03,0x00,0x0e,0x38,0x9e,0x00,0x00,0x00,0x41,0x6d,0x00,0x00,0x00,0xc7,0x0a,0x40,
0x3f,0x00,0x00,0x00,0x04,0xa2,0x02,0x00,0x00,0x0b,0xc5,0x17,0x4c,0x45,0x00,0x00,
0x00,0x4b,0x45,0x00,0x00,0x00,0x24,0x03,0x00,0x0e,0x38,0x9e,0x00,0x00,0x00,0x41,
0x6d,0x00,0x00,0x00,0xc7,0x0a,0x40,0x3f,0x00,0x00,0x00,0x04,0x55,0x03,0x00,0x00,
0x0b,0xc5,0x18,0x4c,0x45,0x00,0x00,0x00,0x4b,0x45,0x00,0x00,0x00,0x24,0x03,0x00,
0x0e,0x38,0x9e,0x00,0x00,0x00,0x41,0x6d,0x00,0x00,0x00,0xc7,0x0a,0x40,0x3f,0x00,
0x00,0x00,0x04,0xdf,0x01,0x00,0x00,0x0b,0xc5,0x19,0x4c,0x45,0x00,0x00,0x00,0x4b,
0x45,0x00,0x00,0x00,0x24,0x03,0x00,0x0e,0x38,0x9e,0x00,0x00,0x00,0x41,0x6d,0x00,
0x00,0x00,0xc7,0x0a,0x40,0x3f,0x00,0x00,0x00,0x04,0xb9,0x02,0x00,0x00,0x0b,0xc5,
0x1a,0x4c,0x45,0x00,0x00,0x00,0x4b,0x45,0x00,0x00,0x00,0x24,0x03,0x00,0x0e,0x38,
0x9e,0x00,0x00,0x00,0x41,0x6d,0x00,0x00,0x00,0xc7,0x0a,0x40,0x3f,0x00,0x00,0x00,
0x04,0xbc,0x02,0x00,0x00,0x0b,0xc5,0x1b,0x4c,0x45,0x00,0x00,0x00,0x4b,0x45,0x00,
0x00,0x00,0x24,0x03,0x00,0x0e,0x38,0x9e,0x00,0x00,0x00,0x41,0x6d,0x00,0x00,0x00,
0xc7,0x0a,0x40,0x3f,0x00,0x00,0x00,0x04,0xbe,0x02,0x00,0x00,0x0b,0xc5,0x1c,0x4c,
0x45,0x00,0x00,0x00,0x4b,0x45,0x00,0x00,0x00,0x24,0x03,0x00,0x0e,0x38,0x9e,0x00,
0x00,0x00,0x41,0x6d,0x00,0x00,0x00,0xc7,0x0a,0x40,0x3f,0x00,0x00,0x00,0x04,0xc0,
0x02,0x00,0x00,0x0b,0xc5,0x1d,0x4c,0x45,0x00,0x00,0x00,0x4b,0x45,0x00,0x00,0x00,
0x24,0x03,0x00,0x0e,0x38,0x9e,0x00,0x00,0x00,0x41,0x6d,0x00,0x00,0x00,0xc7,0x0a,
0x40,0x3f,0x00,0x00,0x00,0x04,0xc3,0x02,0x00,0x00,0x0b,0xc5,0x1e,0x4c,0x45,0x00,
0x00,0x00,0x4b,0x45,0x00,0x00,0x00,0x24,0x03,0x00,0x0e,0xc7,0x0a,0x40,0x3f,0x00,
0x00,0x00,0xc5,0x1f,0x42,0x56,0x03,0x00,0x00,0xc7,0x0a,0x40,0x3f,0x00,0x00,0x00,
0xc5,0x20,0x42,0xca,0x02,0x00,0x00,0xc7,0x0a,0x40,0x3f,0x00,0x00,0x00,0xc5,0x21,
0x42,0x57,0x03,0x00,0x00,0xc7,0x0a,0x40,0x3f,0x00,0x00,0x00,0xc5,0x22,0x42,0xd2,
0x02,0x00,0x00,0xc7,0x0a,0x40,0x3f,0x00,0x00,0x00,0xc5,0x23,0x42,0x58,0x03,0x00,
0x00,0x38,0x9e,0x00,0x00,0x00,0x41,0x6d,0x00,0x00,0x00,0xc7,0x0c,0x40,0x3f,0x00,
0x00,0x00,0x04,0x93,0x00,0x00,0x00,0x0b,0xc5,0x26,0x4c,0x45,0x00,0x00,0x00,0x4b,
0x45,0x00,0x00,0x00,0x24,0x03,0x00,0x0e,0x38,0x9e,0x00,0x00,0x00,0x41,0x6d,0x00,
0x00,0x00,0xc7,0x0c,0x40,0x3f,0x00,0x00,0x00,0x04,0xd6,0x02,0x00,0x00,0x0b,0xc5,
0x27,0x4c,0x45,0x00,0x00,0x00,0x4b,0x45,0x00,0x00,0x00,0x24,0x03,0x00,0x0e,0x38,
0x9e,0x00,0x00,0x00,0x41,0x6d,0x00,0x00,0x00,0xc7,0x0c,0x40,0x3f,0x00,0x00,0x00,
0x04,0x99,0x00,0x00,0x00,0x0b,0xc5,0x28,0x4c,0x45,0x00,0x00,0x00,0x4b,0x45,0x00,
0x00,0x00,0x24,0x03,0x00,0x0e,0x38,0x9e,0x00,0x00,0x00,0x41,0x6d,0x00,0x00,0x00,
0xc7,0x0c,0x40,0x3f,0x00,0x00,0x00,0x04,0xb6,0x02,0x00,0x00,0x0b,0xc5,0x29,0x4c,
0x45,0x00,0x00,0x00,0x4b,0x45,0x00,0x00,0x00,0x24,0x03,0x00,0x0e,0x38,0x9e,0x00,
0x00,0x00,0x41,0x6d,0x00,0x00,0x00,0xc7,0x0c,0x40,0x3f,0x00,0x00,0x00,0x04,0xa2,
0x02,0x00,0x00,0x0b,0xc5,0x2a,0x4c,0x45,0x00,0x00,0x00,0x4b,0x45,0x00,0x00,0x00,
0x24,0x03,0x00,0x0e,0x38,0x9e,0x00,0x00,0x00,0x41,0x6d,0x00,0x00,0x00,0xc7,0x0c,
0x40,0x3f,0x00,0x00,0x00,0x04,0x55,0x03,0x00,0x00,0x0b,0xc5,0x2b,0x4c,0x45,0x00,
0x00,0x00,0x4b,0x45,0x00,0x00,0x00,0x24,0x03,0x00,0x0e,0x38,0x9e,0x00,0x00,0x00,
0x41,0x6d,0x00,0x00,0x00,0xc7,0x0c,0x40,0x3f,0x00,0x00,0x00,0x04,0x6c,0x01,0x00,
0x00,0x0b,0xc5,0x2c,0x4c,0x45,0x00,0x00,0x00,0x4b,0x45,0x00,0x00,0x00,0x24,0x03,
0x00,0x0e,0x38,0x9e,0x00,0x00,0x00,0x41,0x6d,0x00,0x00,0x00,0xc7,0x0c,0x40,0x3f,
0x00,0x00,0x00,0x04,0x28,0x02,0x00,0x00,0x0b,0xc5,0x2d,0x4c,0x45,0x00,0x00,0x00,
0x4b,0x45,0x00,0x00,0x00,0x24,0x03,0x00,0x0e,0x38,0x9e,0x00,0x00,0x00,0x41,0x6d,
0x00,0x00,0x00,0xc7,0x0c,0x40,0x3f,0x00,0x00,0x00,0x04,0xd8,0x02,0x00,0x00,0x0b,
0xc5,0x2e,0x4c,0x45,0x00,0x00,0x00,0x4b,0x45,0x00,0x00,0x00,0x24,0x03,0x00,0x0e,
0xc7,0x0c,0x40,0x3f,0x00,0x00,0x00,0xc5,0x2f,0x42,0x56,0x03,0x00,0x00,0xc7,0x0c,
0x40,0x3f,0x00,0x00,0x00,0xc5,0x30,0x42,0xca,0x02,0x00,0x00,0xc7,0x0c,0x40,0x3f,
0x00,0x00,0x00,0xc5,0x31,0x42,0xe8,0x02,0x00,0x00,0xc7,0x0c,0x40,0x3f,0x00,0x00,
0x00,0xc5,0x32,0x42,0x57,0x03,0x00,0x00,0xc7,0x0c,0x40,0x3f,0x00,0x00,0x00,0xc5,
0x33,0x42,0xd2,0x02,0x00,0x00,0xc7,0x0c,0x40,0x3f,0x00,0x00,0x00,0xc5,0x34,0x42,
0x58,0x03,0x00,0x00,0xc7,0x0c,0xc5,0x35,0x42,0x37,0x00,0x00,0x00,0xc7,0x0c,0xc5,
0x36,0x42,0xb9,0x02,0x00,0x00,0xc7,0x0c,0xc5,0x37,0x42,0x57,0x03,0x00,0x00,0x38,
0x95,0x00,0x00,0x00,0xc7,0x08,0x42,0x91,0x02,0x00,0x00,0x38,0x95,0x00,0x00,0x00,
0xc7,0x0a,0x42,0x59,0x03,0x00,0x00,0x38,0x95,0x00,0x00,0x00,0xc7,0x0c,0x42,0x5a,
0x03,0x00,0x00,0x38,0x95,0x00,0x00,0x00,0xc7,0x0d,0x42,0x96,0x02,0x00,0x00,0x29,
0xb4,0x04,0xb1,0x0a,0x03,0xdf,0x01,0x00,0x35,0x02,0x04,0x00,0x94,0x04,0xd0,0x02,
0x00,0x00,0x0e,0x08,0x00,0x4b,0x00,0x4b,0x00,0x4b,0x00,0x00,0x0e,0x12,0x00,0x00,
0x0e,0x0a,0x00,0x4b,0x00,0x4b,0x00,0x00,0x15,0x08,0x04,0x00,0x20,0x50,0x03,0x34,
0x2c,0x00,0x1d,0x0a,0x2b,0x34,0x2c,0x00,0x1d,0x0a,0x2b,0x34,0x2c,0x00,0x1d,0x0a,
0x2b,0x34,0x2c,0x00,0x1d,0x0a,0x2b,0x34,0x2c,0x00,0x1d,0x0a,0x2b,0x34,0x2c,0x00,
0x1d,0x0a,0x2b,0x34,0x2c,0x00,0x1d,0x0a,0x2b,0x34,0x2c,0x00,0x1d,0x0a,0x2b,0x34,
0x2c,0x00,0x1d,0x0a,0x2b,0x34,0x2c,0x00,0x1d,0x0a,0x2b,0x34,0x2c,0x00,0x1d,0x0a,
0x2b,0x00,0x0e,0x0c,0x00,0x00,0x0e,0x0e,0x00,0x00,0x0e,0x0a,0x00,0x00,0x0e,0x0c,
0x00,0x00,0x0e,0x34,0x00,0x34,0x2c,0x00,0x1d,0x0a,0x2b,0x34,0x2c,0x00,0x1d,0x0a,
0x2b,0x34,0x2c,0x00,0x1d,0x0a,0x2b,0x34,0x2c,0x00,0x1d,0x0a,0x2b,0x34,0x2c,0x00,
0x1d,0x1c,0x2b,0x34,0x2c,0x00,0x1d,0x0a,0x2b,0x34,0x2c,0x00,0x1d,0x0a,0x2b,0x34,
0x2c,0x00,0x1d,0x0a,0x2b,0x34,0x2c,0x00,0x1d,0x0a,0x2b,0x00,0x0e,0x22,0x00,0x00,
0x0e,0x2e,0x00,0x00,0x0e,0x20,0x00,0x00,0x0e,0x0a,0x00,0x00,0x0e,0x2e,0x00,0x00,
0x0e,0x0a,0x00,0x00,0x09,0x0c,0x00,0x00,0x09,0x18,0x00,0x00,0x09,0xe4,0x03,0x00,
0x3f,0x00,0x3f,0x00,0x3f,0x00,0x00,0x0c,0x43,0x0a,0x00,0xf6,0x03,0x01,0x01,0x01,
0x02,0x01,0x00,0x07,0x63,0x02,0xa2,0x04,0x00,0x01,0x40,0x00,0xb6,0x0d,0x00,0x00,
0x00,0x0c,0x62,0x0b,0x00,0x00,0x02,0x01,0x02,0x03,0x00,0x01,0x00,0x1b,0x03,0xd6,
0x06,0x00,0x01,0x00,0xc6,0x04,0x00,0x01,0x00,0xe8,0x04,0x00,0x00,0x00,0xa2,0x04,
0x00,0x01,0xe3,0x41,0x5c,0x03,0x00,0x00,0xd7,0x24,0x01,0x00,0x8a,0xcf,0xd8,0xf0,
0x0b,0xd8,0x40,0x5d,0x03,0x00,0x00,0xf0,0x03,0xcb,0x2f,0xcb,0x2f,0xb4,0x04,0xad,
0x10,0x07,0x02,0x21,0x3e,0x00,0x0c,0x62,0x0b,0x00,0x00,0x01,0x00,0x01,0x03,0x00,
0x01,0x00,0x0c,0x01,0xd6,0x06,0x00,0x01,0x00,0xa2,0x04,0x00,0x01,0xe3,0x41,0x5e,
0x03,0x00,0x00,0xd7,0x24,0x01,0x00,0x8a,0x2f,0xb4,0x04,0xb5,0x10,0x07,0x02,0x21,
0x42,0x00,0x0c,0x62,0x0b,0x00,0x00,0x03,0x00,0x03,0x05,0x00,0x01,0x00,0x22,0x03,
0xd6,0x06,0x00,0x01,0x00,0xe8,0x04,0x00,0x01,0x00,0xc6,0x04,0x00,0x01,0x00,0xa2,
0x04,0x00,0x01,0xe3,0x41,0x5f,0x03,0x00,0x00,0xd7,0xd8,0x96,0x04,0x4c,0x00,0x00,
0x00,0xad,0xf0,0x04,0xd8,0xf2,0x08,0x38,0xa2,0x00,0x00,0x00,0xd8,0xf5,0x24,0x02,
0x00,0x8a,0x0e,0x06,0x2f,0xb4,0x04,0xb8,0x10,0x07,0x08,0x03,0x04,0x20,0x26,0x0c,
0x2c,0x57,0x32,0x00,0x0c,0x62,0x0b,0x00,0x00,0x01,0x01,0x01,0x03,0x00,0x01,0x00,
0x13,0x02,0xd6,0x06,0x00,0x01,0x00,0xd0,0x05,0x00,0x00,0x00,0xa2,0x04,0x00,0x01,
0xe3,0x41,0x60,0x03,0x00,0x00,0xd7,0x24,0x01,0x00,0x8a,0xd3,0x04,0x03,0x00,0x00,
0x00,0xad,0x2f,0xb4,0x04,0xbb,0x10,0x07,0x04,0x21,0x46,0x21,0x1d,0x00,0x0c,0x62,
0x0b,0x00,0x00,0x01,0x01,0x01,0x03,0x00,0x01,0x00,0x1b,0x02,0xd6,0x06,0x00,0x01,
0x00,0xd0,0x05,0x00,0x00,0x00,0xa2,0x04,0x00,0x01,0xe3,0x41,0x61,0x03,0x00,0x00,
0xd7,0x24,0x01,0x00,0x8a,0xcf,0x38,0xa7,0x00,0x00,0x00,0x41,0xcb,0x02,0x00,0x00,
0xcb,0x24,0x01,0x00,0x2f,0xb4,0x04,0xbf,0x10,0x07,0x04,0x21,0x42,0x53,0x19,0x00,
0x0c,0x62,0x0b,0x00,0x00,0x01,0x00,0x01,0x03,0x00,0x01,0x00,0x0e,0x01,0xd6,0x06,
0x00,0x01,0x00,0xa2,0x04,0x00,0x01,0xe3,0x41,0x62,0x03,0x00,0x00,0xd7,0x24,0x01,
0x00,0x8a,0x0e,0x06,0x2f,0xb4,0x04,0xc3,0x10,0x07,0x04,0x03,0x04,0x20,0x28,0x00,
0x0c,0x42,0x0b,0x00,0x00,0x02,0x00,0x02,0x03,0x00,0x00,0x00,0x0f,0x02,0xd6,0x06,
0x00,0x01,0x00,0xc6,0x04,0x00,0x01,0x00,0x38,0xa0,0x00,0x00,0x00,0x11,0x04,0x63,
0x03,0x00,0x00,0x21,0x01,0x00,0x30,0xb4,0x04,0xc7,0x10,0x07,0x02,0x03,0x18,0x00,
0x38,0x95,0x00,0x00,0x00,0x40,0x64,0x03,0x00,0x00,0x95,0xf0,0x0c,0x38,0x95,0x00,
0x00,0x00,0x0b,0x42,0x64,0x03,0x00,0x00,0x0b,0xc5,0x00,0x53,0x65,0x03,0x00,0x00,
0x04,0xc5,0x01,0x53,0x66,0x03,0x00,0x00,0x04,0xc5,0x02,0x53,0x67,0x03,0x00,0x00,
0x04,0xc5,0x03,0x53,0x68,0x03,0x00,0x00,0x04,0xc5,0x04,0x53,0x69,0x03,0x00,0x00,
0x04,0xc5,0x05,0x53,0x6a,0x03,0x00,0x00,0x04,0xc5,0x06,0x53,0x6b,0x03,0x00,0x00,
0x04,0xcf,0x38,0x95,0x00,0x00,0x00,0x40,0x64,0x03,0x00,0x00,0xcb,0x42,0x5b,0x03,
0x00,0x00,0x29,0xb4,0x04,0xaa,0x10,0x03,0x06,0x44,0x30,0x00,0x45,0x40,0x2b,0x00,
0x0c,0x43,0x0a,0x00,0xf8,0x03,0x01,0x01,0x01,0x02,0x01,0x00,0x03,0x43,0x02,0xa2,
0x04,0x00,0x01,0x40,0x00,0xd8,0x0d,0x00,0x00,0x00,0x0c,0x62,0x0b,0x00,0x00,0x01,
0x01,0x01,0x03,0x00,0x01,0x00,0x0d,0x02,0xe8,0x06,0x00,0x01,0x00,0x88,0x01,0x00,
0x00,0x00,0xa2,0x04,0x00,0x01,0xe3,0x41,0x6d,0x03,0x00,0x00,0xd7,0x24,0x01,0x00,
0x8a,0xd3,0x2f,0xb4,0x04,0xd2,0x10,0x07,0x02,0x21,0x48,0x00,0x0c,0x62,0x0b,0x00,
0x00,0x02,0x00,0x02,0x05,0x00,0x01,0x00,0x15,0x02,0xe8,0x06,0x00,0x01,0x00,0x88,
0x01,0x00,0x01,0x00,0xa2,0x04,0x00,0x01,0xe3,0x41,0x6e,0x03,0x00,0x00,0xd7,0x38,
0xa2,0x00,0x00,0x00,0xd8,0xf5,0x24,0x02,0x00,0x8a,0x0e,0x06,0x2f,0xb4,0x04,0xd6,
0x10,0x07,0x06,0x03,0x04,0x20,0x2c,0x20,0x18,0x00,0x0c,0x62,0x0b,0x00,0x00,0x01,
0x00,0x01,0x03,0x00,0x01,0x00,0x0e,0x01,0xe8,0x06,0x00,0x01,0x00,0xa2,0x04,0x00,
0x01,0xe3,0x41,0x6f,0x03,0x00,0x00,0xd7,0x24,0x01,0x00,0x8a,0x0e,0x06,0x2f,0xb4,
0x04,0xd9,0x10,0x07,0x04,0x03,0x04,0x20,0x2c,0x00,0x38,0x95,0x00,0x00,0x00,0x40,
0x64,0x03,0x00,0x00,0x95,0xf0,0x0c,0x38,0x95,0x00,0x00,0x00,0x0b,0x42,0x64,0x03,
0x00,0x00,0x0b,0xc5,0x00,0x53,0x45,0x00,0x00,0x00,0x04,0xc5,0x01,0x53,0x46,0x00,
0x00,0x00,0x04,0xc5,0x02,0x53,0x09,0x00,0x00,0x00,0x04,0xcf,0x38,0x95,0x00,0x00,
0x00,0x40,0x64,0x03,0x00,0x00,0xcb,0x42,0x6c,0x03,0x00,0x00,0x29,0xb4,0x04,0xcf,
0x10,0x03,0x06,0x44,0x30,0x00,0x25,0x1a,0x2b,0x00,0x0c,0x43,0x0a,0x00,0xfa,0x03,
0x01,0x10,0x01,0x07,0x08,0x00,0x09,0x89,0x03,0x11,0xa2,0x04,0x00,0x01,0x40,0x01,
0xd6,0x06,0x00,0x00,0x40,0x02,0xb0,0x04,0x05,0x00,0x03,0xb6,0x04,0x00,0x01,0x40,
0x00,0x62,0x00,0x03,0x40,0x03,0xcc,0x0a,0x00,0x04,0x40,0x04,0xe0,0x0d,0x00,0x05,
0x40,0x06,0xd6,0x01,0x00,0x06,0x40,0x05,0xe2,0x0d,0x00,0x07,0x00,0xe4,0x0d,0x00,
0x08,0x40,0x07,0xe6,0x0d,0x00,0x09,0x00,0xe8,0x0d,0x00,0x0a,0x00,0xea,0x0d,0x00,
0x0b,0x00,0xf4,0x04,0x00,0x0c,0x00,0xe8,0x06,0x00,0x0d,0x00,0xd8,0x0d,0x00,0x0e,
0x00,0xb0,0x04,0x09,0x00,0x03,0x0c,0x43,0x0a,0x00,0xd6,0x01,0x01,0x00,0x01,0x04,
0x00,0x01,0x00,0x19,0x01,0xec,0x0d,0x00,0x01,0x00,0xb6,0x04,0x02,0x00,0x38,0x9e,
0x00,0x00,0x00,0x40,0x3f,0x00,0x00,0x00,0x40,0x77,0x03,0x00,0x00,0x41,0xc5,0x01,
0x00,0x00,0xe3,0xd7,0x25,0x02,0x00,0xb4,0x04,0xee,0x10,0x05,0x02,0x67,0x5c,0x00,
0x0c,0x43,0x0a,0x00,0xe2,0x0d,0x00,0x06,0x00,0x06,0x00,0x05,0x00,0xd8,0x01,0x06,
0xf0,0x01,0x00,0x00,0x00,0xc4,0x04,0x00,0x01,0x00,0xf0,0x0d,0x00,0x02,0x00,0xcc,
0x05,0x00,0x03,0x00,0xb0,0x04,0x03,0x00,0x03,0xb0,0x04,0x07,0x00,0x03,0xa2,0x04,
0x00,0x01,0xd6,0x06,0x00,0x00,0xb6,0x04,0x02,0x00,0x62,0x03,0x00,0xcc,0x0a,0x04,
0x00,0x6b,0x12,0x00,0x00,0x00,0xe3,0x41,0x79,0x03,0x00,0x00,0xe4,0x24,0x01,0x00,
0xcf,0x0e,0xf2,0x0c,0xc8,0x04,0x6b,0x07,0x00,0x00,0x00,0x06,0x6e,0x28,0x30,0x6b,
0x16,0x00,0x00,0x00,0x38,0xa7,0x00,0x00,0x00,0x41,0xcb,0x02,0x00,0x00,0xcb,0x24,
0x01,0x00,0xd0,0x0e,0xf2,0x0c,0xc8,0x05,0x6b,0x07,0x00,0x00,0x00,0x06,0x6e,0x28,
0x30,0xcc,0x95,0x11,0xf1,0x1c,0x0e,0xcc,0x96,0x04,0x4d,0x00,0x00,0x00,0xae,0x11,
0xf1,0x10,0x0e,0x38,0x9f,0x00,0x00,0x00,0x41,0xe7,0x01,0x00,0x00,0xcc,0x24,0x01,
0x00,0xf0,0x02,0x29,0x38,0x9e,0x00,0x00,0x00,0x41,0x31,0x00,0x00,0x00,0xcc,0x24,
0x01,0x00,0xd1,0xba,0xd2,0xce,0xcd,0xef,0xa5,0xf0,0x5e,0x38,0x9e,0x00,0x00,0x00,
0x40,0x3f,0x00,0x00,0x00,0x40,0x77,0x03,0x00,0x00,0x41,0xc5,0x01,0x00,0x00,0xcc,
0xcd,0xce,0x46,0x24,0x02,0x00,0x95,0xf1,0x3c,0xe5,0xcd,0xce,0x46,0x1b,0x11,0xaf,
0xf1,0x04,0x1b,0x71,0x1b,0x1b,0x38,0xa2,0x00,0x00,0x00,0xcc,0xcd,0xce,0x46,0x46,
0xf5,0x1b,0x71,0x1b,0x48,0xe6,0x41,0x52,0x01,0x00,0x00,0xcd,0xce,0x46,0x24,0x01,
0x00,0x0e,0x5d,0x04,0x00,0xcd,0xce,0x46,0xef,0xe5,0xcd,0xce,0x46,0x46,0xef,0x9c,
0x9c,0x5e,0x04,0x00,0x92,0x03,0xf2,0x9e,0x29,0xb4,0x04,0xf1,0x10,0x05,0x24,0x1e,
0x08,0x20,0x2c,0x00,0x18,0x0a,0x2b,0x34,0x22,0x00,0x1a,0x08,0x10,0x6b,0x34,0x26,
0x69,0x34,0x22,0x2b,0x01,0x80,0x38,0x35,0x53,0x5c,0x28,0x35,0x27,0x20,0x14,0x26,
0x13,0x25,0x30,0x00,0x0c,0x43,0x0a,0x00,0xe4,0x0d,0x00,0x00,0x00,0x06,0x00,0x03,
0x00,0x19,0x00,0xa2,0x04,0x00,0x01,0xd6,0x06,0x00,0x00,0xb6,0x04,0x02,0x00,0xe3,
0x41,0x7a,0x03,0x00,0x00,0xe4,0x38,0xa7,0x00,0x00,0x00,0x41,0x19,0x01,0x00,0x00,
0xe5,0x24,0x01,0x00,0x24,0x02,0x00,0x29,0xb4,0x04,0x86,0x11,0x05,0x06,0x03,0x04,
0x20,0x22,0x39,0x2a,0x00,0x0c,0x43,0x0a,0x00,0xe6,0x0d,0x01,0x00,0x01,0x02,0x00,
0x02,0x00,0x13,0x01,0xec,0x0d,0x00,0x01,0x00,0xd6,0x01,0x06,0x00,0xb6,0x04,0x02,
0x00,0x38,0xa2,0x00,0x00,0x00,0xd7,0xf5,0xdb,0xe3,0xd7,0xf5,0xf0,0x05,0xe4,0xd7,
0x46,0x28,0x07,0x28,0xb4,0x04,0x89,0x11,0x05,0x06,0x03,0x04,0x1b,0x1c,0x17,0x05,
0x00,0x0c,0x43,0x0a,0x00,0xe8,0x0d,0x02,0x04,0x02,0x04,0x00,0x06,0x00,0xb3,0x01,
0x06,0xec,0x0d,0x00,0x01,0x00,0x88,0x01,0x00,0x01,0x00,0xf6,0x0d,0x00,0x00,0x00,
0xf8,0x0d,0x00,0x01,0x00,0xe0,0x01,0x00,0x02,0x00,0xb0,0x04,0x06,0x00,0x03,0xd6,
0x01,0x06,0x00,0xb6,0x04,0x02,0x00,0xcc,0x0a,0x04,0x00,0xe0,0x0d,0x05,0x00,0x62,
0x03,0x00,0xe4,0x0d,0x08,0x00,0x38,0xa2,0x00,0x00,0x00,0xd7,0xf5,0xdb,0x38,0xa2,
0x00,0x00,0x00,0xd8,0xf5,0xdc,0xe3,0xd7,0xf5,0xd3,0xf0,0x06,0xe4,0xd7,0x46,0xf2,
0x02,0x07,0xd0,0xcb,0xf0,0x08,0xd8,0xef,0xcc,0xef,0x9d,0xf2,0x06,0xd7,0xef,0xd8,
0xef,0x9c,0xd1,0xe5,0xcd,0x9c,0xe6,0xa7,0xf0,0x1d,0x38,0xdd,0x00,0x00,0x00,0x11,
0x04,0x7d,0x03,0x00,0x00,0xd7,0x9c,0x04,0x7e,0x03,0x00,0x00,0x9c,0x04,0x05,0x02,
0x00,0x00,0x21,0x02,0x00,0x30,0xcb,0x95,0xf0,0x0e,0x5d,0x04,0x00,0x41,0x52,0x01,
0x00,0x00,0xd7,0x24,0x01,0x00,0x0e,0xe4,0xd7,0x1b,0x11,0xaf,0xf1,0x04,0x1b,0x71,
0x1b,0x1b,0xd8,0x1b,0x71,0x1b,0x48,0xe5,0xcd,0x9c,0xe9,0x6b,0x0b,0x00,0x00,0x00,
0x5d,0x05,0x00,0xf4,0x0e,0x0e,0x29,0xd2,0x6b,0x2f,0x00,0x00,0x00,0xcb,0xf0,0x13,
0xe4,0xd7,0x1b,0x11,0xaf,0xf1,0x04,0x1b,0x71,0x1b,0x1b,0xcc,0x1b,0x71,0x1b,0x48,
0xf2,0x11,0xe4,0xd7,0x97,0x0e,0x5d,0x04,0x00,0x41,0x58,0x02,0x00,0x00,0x24,0x00,
0x00,0x0e,0xe5,0xcd,0x9d,0xe9,0xce,0x30,0x30,0xb4,0x04,0x8d,0x11,0x05,0x31,0x03,
0x04,0x1b,0x1c,0x12,0x1b,0x1b,0x1e,0x17,0x06,0x59,0x22,0x25,0x40,0x1c,0x6d,0x0c,
0x0c,0x17,0x0b,0x3a,0x7a,0x0c,0x0e,0x00,0x13,0x08,0x83,0x01,0x2a,0x14,0x1c,0x2f,
0x53,0x00,0x31,0x04,0x55,0x04,0x5e,0x00,0x17,0x00,0x2a,0x0a,0x18,0x0d,0x17,0x0c,
0x00,0x0c,0x43,0x0a,0x00,0xea,0x0d,0x01,0x03,0x01,0x06,0x00,0x05,0x00,0x79,0x04,
0xec,0x0d,0x00,0x01,0x00,0xf8,0x0d,0x00,0x00,0x00,0xe4,0x05,0x00,0x01,0x00,0xb0,
0x04,0x05,0x00,0x03,0xd6,0x01,0x06,0x00,0xb6,0x04,0x02,0x00,0x62,0x03,0x00,0xcc,
0x0a,0x04,0x00,0xe4,0x0d,0x08,0x00,0x38,0xa2,0x00,0x00,0x00,0xd7,0xf5,0xdb,0xe3,
0xd7,0xf5,0x95,0xf0,0x02,0x29,0xe4,0xd7,0x46,0xcf,0xe5,0x41,0x4f,0x01,0x00,0x00,
0xd7,0x24,0x01,0x00,0xd4,0xba,0xa8,0xf0,0x0d,0xe5,0x41,0x67,0x01,0x00,0x00,0xcc,
0xbb,0x24,0x02,0x00,0x0e,0xe6,0xd7,0xef,0xcb,0xef,0x9c,0x9d,0xea,0xe4,0xd7,0x97,
0x0e,0x6b,0x0b,0x00,0x00,0x00,0x5d,0x04,0x00,0xf4,0x0e,0x0e,0x29,0xd1,0x6b,0x30,
0x00,0x00,0x00,0xcc,0xba,0xa8,0xf0,0x0e,0xe5,0x41,0x67,0x01,0x00,0x00,0xcc,0xba,
0xd7,0x24,0x03,0x00,0x0e,0xe4,0xd7,0x1b,0x11,0xaf,0xf1,0x04,0x1b,0x71,0x1b,0x1b,
0xcb,0x1b,0x71,0x1b,0x48,0xe6,0xd7,0xef,0xcb,0xef,0x9c,0x9c,0xea,0xcd,0x30,0x30,
0xb4,0x04,0xa9,0x11,0x05,0x24,0x03,0x04,0x1b,0x1c,0x17,0x09,0x54,0x1c,0x1c,0x17,
0x16,0x06,0x20,0x18,0x21,0x33,0x11,0x2e,0x1c,0x2d,0x31,0x04,0x4a,0x16,0x16,0x06,
0x20,0x18,0x26,0x33,0x53,0x00,0x11,0x2e,0x1c,0x21,0x00,0x0c,0x43,0x0a,0x00,0xf4,
0x04,0x00,0x04,0x00,0x03,0x00,0x04,0x00,0x34,0x04,0xfe,0x0d,0x00,0x00,0x00,0x80,
0x0e,0x00,0x01,0x00,0x82,0x0e,0x00,0x02,0x00,0xb0,0x04,0x03,0x00,0x03,0xb6,0x04,
0x02,0x00,0x62,0x03,0x00,0xcc,0x0a,0x04,0x00,0xe4,0x0d,0x08,0x00,0xe3,0xcf,0xe4,
0xd0,0xe5,0xd1,0x38,0x9e,0x00,0x00,0x00,0x41,0x1e,0x03,0x00,0x00,0x07,0x24,0x01,
0x00,0xe7,0x26,0x00,0x00,0xe8,0xba,0xe9,0x6b,0x09,0x00,0x00,0x00,0xe6,0xf4,0x0e,
0x0e,0x29,0xd2,0x6b,0x0c,0x00,0x00,0x00,0xcb,0xe7,0xcc,0xe8,0xcd,0xe9,0xce,0x30,
0x30,0xb4,0x04,0xba,0x11,0x05,0x12,0x22,0x04,0x34,0x48,0x1c,0x47,0x17,0x00,0x27,
0x04,0x3b,0x00,0x0d,0x00,0x0d,0x00,0x0d,0x0c,0x00,0x0c,0x43,0x0a,0x00,0xe8,0x06,
0x01,0x00,0x01,0x02,0x00,0x01,0x00,0x0f,0x01,0xbe,0x01,0x00,0x01,0x00,0x62,0x03,
0x00,0xd7,0xba,0xa0,0xdf,0xe3,0xef,0xa5,0xf0,0x05,0xe3,0xd7,0x46,0x28,0x07,0x28,
0xb4,0x04,0xc8,0x11,0x05,0x06,0x03,0x04,0x07,0x24,0x12,0x05,0x00,0x0c,0x43,0x0a,
0x00,0x00,0x00,0x00,0x00,0x01,0x00,0x01,0x00,0x03,0x00,0x62,0x03,0x00,0xe3,0xef,
0x28,0xb4,0x04,0xcf,0x11,0x0e,0x00,0x00,0xc5,0x00,0xc8,0x06,0xc5,0x01,0xc8,0x07,
0xc5,0x02,0xc8,0x08,0xc5,0x03,0xc8,0x09,0xc5,0x04,0xc8,0x0a,0xc5,0x05,0xc8,0x0b,
0xc5,0x06,0xc8,0x0c,0xc5,0x07,0xc8,0x0d,0xd7,0x40,0x82,0x03,0x00,0x00,0xfb,0xf0,
0x02,0x29,0x38,0x95,0x00,0x00,0x00,0x40,0x83,0x03,0x00,0x00,0xfa,0xf1,0x02,0x29,
0x6b,0x11,0x00,0x00,0x00,0xd7,0x41,0x84,0x03,0x00,0x00,0x24,0x00,0x00,0xcf,0x0e,
0xf2,0x0b,0xd0,0x6b,0x07,0x00,0x00,0x00,0x06,0x6e,0x28,0x30,0x38,0x9e,0x00,0x00,
0x00,0x41,0x1e,0x03,0x00,0x00,0x07,0x24,0x01,0x00,0xd1,0x26,0x00,0x00,0xd2,0xba,
0xc8,0x04,0xbf,0xc3,0x00,0x04,0x99,0xc3,0x00,0x04,0x99,0xc8,0x05,0x0b,0xc8,0x0e,
0x38,0x9e,0x00,0x00,0x00,0x41,0x61,0x00,0x00,0x00,0xc7,0x0e,0x0b,0x0b,0xc5,0x08,
0x4c,0x45,0x00,0x00,0x00,0x4b,0x45,0x00,0x00,0x00,0x09,0x4b,0x43,0x00,0x00,0x00,
0x0a,0x4b,0x41,0x00,0x00,0x00,0x4b,0x33,0x00,0x00,0x00,0x0b,0xc7,0x0d,0x4b,0x44,
0x00,0x00,0x00,0x0a,0x4b,0x42,0x00,0x00,0x00,0x09,0x4b,0x43,0x00,0x00,0x00,0x0a,
0x4b,0x41,0x00,0x00,0x00,0x4b,0xb4,0x01,0x00,0x00,0x0b,0xc7,0x09,0x4b,0x44,0x00,
0x00,0x00,0x0a,0x4b,0x42,0x00,0x00,0x00,0x09,0x4b,0x43,0x00,0x00,0x00,0x0a,0x4b,
0x41,0x00,0x00,0x00,0x4b,0x73,0x03,0x00,0x00,0x0b,0xc7,0x0a,0x4b,0x44,0x00,0x00,
0x00,0x0a,0x4b,0x42,0x00,0x00,0x00,0x09,0x4b,0x43,0x00,0x00,0x00,0x0a,0x4b,0x41,
0x00,0x00,0x00,0x4b,0x74,0x03,0x00,0x00,0x0b,0xc7,0x0b,0x4b,0x44,0x00,0x00,0x00,
0x0a,0x4b,0x42,0x00,0x00,0x00,0x09,0x4b,0x43,0x00,0x00,0x00,0x0a,0x4b,0x41,0x00,
0x00,0x00,0x4b,0x75,0x03,0x00,0x00,0x0b,0xc7,0x0c,0x4b,0x44,0x00,0x00,0x00,0x0a,
0x4b,0x42,0x00,0x00,0x00,0x09,0x4b,0x43,0x00,0x00,0x00,0x0a,0x4b,0x41,0x00,0x00,
0x00,0x4b,0x3a,0x01,0x00,0x00,0x24,0x02,0x00,0x0e,0xc7,0x07,0xf4,0x0e,0x6b,0x38,
0x00,0x00,0x00,0x38,0x9e,0x00,0x00,0x00,0x41,0x6d,0x00,0x00,0x00,0x38,0x95,0x00,
0x00,0x00,0x04,0x83,0x03,0x00,0x00,0x0b,0xc7,0x0e,0x4b,0x44,0x00,0x00,0x00,0x09,
0x4b,0x42,0x00,0x00,0x00,0x0a,0x4b,0x43,0x00,0x00,0x00,0x0a,0x4b,0x41,0x00,0x00,
0x00,0x24,0x03,0x00,0x0e,0x0e,0x29,0xc8,0x0f,0x6b,0x06,0x00,0x00,0x00,0x0e,0x29,
0x30,0xb4,0x04,0xe1,0x10,0x03,0x20,0xc1,0x3e,0x49,0x14,0x32,0x49,0x20,0x18,0x00,
0x1b,0x08,0x34,0x46,0x2f,0x16,0x0e,0x00,0x09,0xc0,0x01,0x2d,0x34,0x30,0x00,0xc0,
0x01,0x1c,0x2f,0x31,0x04,0x34,0x2c,0x00,0x0c,0x43,0x0a,0x00,0xfc,0x03,0x01,0x04,
0x01,0x02,0x02,0x00,0x06,0x4f,0x05,0xa2,0x04,0x00,0x01,0x40,0x00,0x8a,0x0e,0x00,
0x00,0x00,0x8c,0x0e,0x00,0x01,0x00,0x8e,0x0e,0x00,0x02,0x00,0x90,0x0e,0x00,0x03,
0x40,0x01,0x0c,0x43,0x0a,0x00,0x8c,0x0e,0x00,0x01,0x00,0x02,0x00,0x00,0x00,0x0e,
0x01,0x10,0x00,0x01,0x00,0x08,0xcf,0xcb,0x04,0xe6,0x02,0x00,0x00,0x42,0x5d,0x03,
0x00,0x00,0x29,0xb4,0x04,0xea,0x11,0x05,0x02,0x0d,0x04,0x00,0x0c,0x43,0x0a,0x00,
0xc2,0x0a,0x01,0x07,0x01,0x08,0x00,0x01,0x00,0x9b,0x02,0x08,0xc0,0x01,0x00,0x01,
0x00,0xa0,0x08,0x00,0x00,0x00,0x8a,0x0c,0x00,0x01,0x00,0xcc,0x05,0x00,0x02,0x00,
0xda,0x07,0x00,0x03,0x00,0x92,0x0e,0x00,0x04,0x00,0x94,0x0e,0x00,0x05,0x00,0x96,
0x0e,0x00,0x06,0x00,0xa2,0x04,0x00,0x01,0xd7,0xf8,0xf0,0x04,0xc6,0xf2,0x08,0x38,
0xa2,0x00,0x00,0x00,0xd7,0xf5,0xcf,0xe3,0x40,0x8c,0x03,0x00,0x00,0xfb,0xf0,0x0b,
0xe3,0x41,0x8c,0x03,0x00,0x00,0xcb,0x25,0x01,0x00,0x26,0x00,0x00,0xd0,0xba,0xd1,
0xcd,0xcb,0xef,0xa5,0x68,0xe3,0x00,0x00,0x00,0xcb,0x41,0x1b,0x02,0x00,0x00,0xcd,
0x24,0x01,0x00,0xd6,0xc3,0x80,0x00,0xa5,0xf0,0x0f,0xcc,0x41,0x52,0x01,0x00,0x00,
0xce,0x24,0x01,0x00,0x0e,0xf3,0xbd,0x00,0xce,0xc3,0x00,0x08,0xa5,0xf0,0x1d,0xcc,
0x41,0x52,0x01,0x00,0x00,0xc3,0xc0,0x00,0xce,0xc0,0x9f,0xa3,0xc3,0x80,0x00,0xce,
0xc2,0x3f,0xa1,0xa3,0x24,0x02,0x00,0x0e,0xf3,0x9a,0x00,0xce,0x01,0x00,0xd8,0x00,
0x00,0xa8,0xf0,0x6c,0xce,0x01,0xff,0xdb,0x00,0x00,0xa6,0xf0,0x63,0xce,0xc8,0x04,
0xcb,0x41,0x1b,0x02,0x00,0x00,0xcd,0x8e,0xd5,0x24,0x01,0x00,0xc8,0x05,0xc7,0x04,
0x01,0x00,0xd8,0x00,0x00,0x9d,0xc2,0x0a,0x9e,0xc7,0x05,0x01,0x00,0xdc,0x00,0x00,
0x9d,0x9c,0x01,0x00,0x00,0x01,0x00,0x9c,0xc8,0x06,0xcc,0x41,0x52,0x01,0x00,0x00,
0xc3,0xf0,0x00,0xc7,0x06,0xc2,0x12,0x9f,0xa3,0xc3,0x80,0x00,0xc7,0x06,0xc2,0x0c,
0x9f,0xc2,0x3f,0xa1,0xa3,0xc3,0x80,0x00,0xc7,0x06,0xc0,0x9f,0xc2,0x3f,0xa1,0xa3,
0xc3,0x80,0x00,0xc7,0x06,0xc2,0x3f,0xa1,0xa3,0x24,0x04,0x00,0x0e,0xf2,0x25,0xcc,
0x41,0x52,0x01,0x00,0x00,0xc3,0xe0,0x00,0xce,0xc2,0x0c,0x9f,0xa3,0xc3,0x80,0x00,
0xce,0xc0,0x9f,0xc2,0x3f,0xa1,0xa3,0xc3,0x80,0x00,0xce,0xc2,0x3f,0xa1,0xa3,0x24,
0x03,0x00,0x0e,0x92,0x02,0xf3,0x1a,0xff,0x38,0xb1,0x00,0x00,0x00,0x11,0xcc,0x21,
0x01,0x00,0x28,0xb4,0x04,0xed,0x11,0x25,0x5c,0x08,0x13,0x39,0x2a,0x30,0x07,0x30,
0x0b,0x3c,0x15,0x49,0x10,0x1c,0x1d,0x21,0x11,0x20,0x16,0x30,0x0a,0x21,0x1f,0x20,
0x0c,0x11,0x16,0x07,0x10,0x20,0x12,0x07,0x0e,0x3f,0x2f,0x2f,0x22,0x59,0x29,0x35,
0x12,0x20,0x12,0x11,0x0c,0x0c,0x0c,0x25,0x12,0x2b,0x67,0x21,0x04,0x11,0x0c,0x0c,
0x1a,0x26,0x19,0x0c,0x1a,0x11,0x0a,0x26,0x23,0x0c,0x1a,0x0c,0x08,0x26,0x21,0x0c,
0x18,0x37,0x27,0x20,0x0c,0x11,0x16,0x07,0x10,0x25,0x14,0x07,0x10,0x0c,0x08,0x25,
0x14,0x07,0x0e,0x46,0x71,0x00,0x0c,0x43,0x0a,0x00,0x9a,0x0e,0x02,0x09,0x02,0x05,
0x00,0x00,0x00,0xff,0x05,0x0b,0x9c,0x0e,0x00,0x01,0x00,0x9e,0x0e,0x00,0x01,0x00,
0xa0,0x0e,0x00,0x00,0x00,0xa2,0x0e,0x00,0x01,0x00,0xd6,0x0a,0x00,0x02,0x00,0xa4,
0x0e,0x00,0x03,0x00,0xcc,0x05,0x00,0x04,0x00,0xa6,0x0e,0x00,0x05,0x00,0xda,0x07,
0x00,0x06,0x00,0x94,0x0e,0x00,0x07,0x00,0xa8,0x0e,0x00,0x08,0x00,0x38,0xa2,0x00,
0x00,0x00,0xd7,0xf5,0xdb,0xd8,0x38,0xb1,0x00,0x00,0x00,0xa9,0x95,0xf0,0x10,0x38,
0xda,0x00,0x00,0x00,0x11,0x04,0x95,0x03,0x00,0x00,0x21,0x01,0x00,0x30,0xd7,0xef,
0xcf,0xd8,0xef,0xd0,0xba,0xd1,0xba,0xd2,0xba,0xc8,0x04,0xba,0xc8,0x05,0xc7,0x04,
0xcb,0xa5,0x68,0xbb,0x02,0x00,0x00,0xc7,0x05,0xcc,0xa5,0x68,0xb2,0x02,0x00,0x00,
0xd7,0x41,0x1b,0x02,0x00,0x00,0xc7,0x04,0x24,0x01,0x00,0xc9,0x06,0xc3,0x80,0x00,
0xa5,0xf0,0x2c,0xc7,0x05,0xbb,0x9c,0xcc,0xa7,0x69,0x94,0x02,0x00,0x00,0xd8,0xc7,
0x05,0x1b,0x11,0xaf,0xf1,0x04,0x1b,0x71,0x1b,0x1b,0xc7,0x06,0x1b,0x71,0x1b,0x48,
0xbb,0x93,0x05,0xbb,0x93,0x04,0xbb,0x93,0x03,0xbb,0x93,0x02,0xf2,0xb1,0xc7,0x06,
0x01,0x00,0xd8,0x00,0x00,0xa8,0x68,0x3f,0x01,0x00,0x00,0xc7,0x06,0x01,0xff,0xdb,
0x00,0x00,0xa6,0x68,0x32,0x01,0x00,0x00,0xc7,0x04,0xbb,0x9c,0xcb,0xa5,0x68,0xd0,
0x00,0x00,0x00,0xd7,0x41,0x1b,0x02,0x00,0x00,0xc7,0x04,0xbb,0x9c,0x24,0x01,0x00,
0xc9,0x07,0x01,0x00,0xdc,0x00,0x00,0xa8,0x68,0xb6,0x00,0x00,0x00,0xc7,0x07,0x01,
0xff,0xdf,0x00,0x00,0xa6,0x68,0xa9,0x00,0x00,0x00,0xc7,0x05,0xbe,0x9c,0xcc,0xa7,
0x69,0x1d,0x02,0x00,0x00,0xc7,0x06,0x01,0x00,0xd8,0x00,0x00,0x9d,0xc2,0x0a,0x9e,
0xc7,0x07,0x01,0x00,0xdc,0x00,0x00,0x9d,0x9c,0x01,0x00,0x00,0x01,0x00,0x9c,0xc8,
0x08,0xd8,0xc7,0x05,0x1b,0x11,0xaf,0xf1,0x04,0x1b,0x71,0x1b,0x1b,0xc3,0xf0,0x00,
0xc7,0x08,0xc2,0x12,0x9f,0xa3,0x1b,0x71,0x1b,0x48,0xd8,0xc7,0x05,0xbb,0x9c,0x1b,
0x11,0xaf,0xf1,0x04,0x1b,0x71,0x1b,0x1b,0xc3,0x80,0x00,0xc7,0x08,0xc2,0x0c,0x9f,
0xc2,0x3f,0xa1,0xa3,0x1b,0x71,0x1b,0x48,0xd8,0xc7,0x05,0xbc,0x9c,0x1b,0x11,0xaf,
0xf1,0x04,0x1b,0x71,0x1b,0x1b,0xc3,0x80,0x00,0xc7,0x08,0xc0,0x9f,0xc2,0x3f,0xa1,
0xa3,0x1b,0x71,0x1b,0x48,0xd8,0xc7,0x05,0xbd,0x9c,0x1b,0x11,0xaf,0xf1,0x04,0x1b,
0x71,0x1b,0x1b,0xc3,0x80,0x00,0xc7,0x08,0xc2,0x3f,0xa1,0xa3,0x1b,0x71,0x1b,0x48,
0xbe,0x93,0x05,0xbc,0x93,0x04,0xbe,0x93,0x03,0xbc,0x93,0x02,0xf3,0xc1,0xfe,0xc7,
0x05,0xbd,0x9c,0xcc,0xa7,0x69,0x78,0x01,0x00,0x00,0xd8,0xc7,0x05,0x1b,0x11,0xaf,
0xf1,0x04,0x1b,0x71,0x1b,0x1b,0xc3,0xef,0x00,0x1b,0x71,0x1b,0x48,0xd8,0xc7,0x05,
0xbb,0x9c,0x1b,0x11,0xaf,0xf1,0x04,0x1b,0x71,0x1b,0x1b,0xc3,0xbf,0x00,0x1b,0x71,
0x1b,0x48,0xd8,0xc7,0x05,0xbc,0x9c,0x1b,0x11,0xaf,0xf1,0x04,0x1b,0x71,0x1b,0x1b,
0xc3,0xbd,0x00,0x1b,0x71,0x1b,0x48,0xbd,0x93,0x05,0xbb,0x93,0x04,0xbd,0x93,0x03,
0xbb,0x93,0x02,0xf3,0x6a,0xfe,0xc7,0x06,0x01,0x00,0xdc,0x00,0x00,0xa8,0xf0,0x62,
0xc7,0x06,0x01,0xff,0xdf,0x00,0x00,0xa6,0xf0,0x58,0xc7,0x05,0xbd,0x9c,0xcc,0xa7,
0x69,0x0d,0x01,0x00,0x00,0xd8,0xc7,0x05,0x1b,0x11,0xaf,0xf1,0x04,0x1b,0x71,0x1b,
0x1b,0xc3,0xef,0x00,0x1b,0x71,0x1b,0x48,0xd8,0xc7,0x05,0xbb,0x9c,0x1b,0x11,0xaf,
0xf1,0x04,0x1b,0x71,0x1b,0x1b,0xc3,0xbf,0x00,0x1b,0x71,0x1b,0x48,0xd8,0xc7,0x05,
0xbc,0x9c,0x1b,0x11,0xaf,0xf1,0x04,0x1b,0x71,0x1b,0x1b,0xc3,0xbd,0x00,0x1b,0x71,
0x1b,0x48,0xbd,0x93,0x05,0xbb,0x93,0x04,0xbd,0x93,0x03,0xbb,0x93,0x02,0xf3,0xff,
0xfd,0xc7,0x06,0xc3,0x00,0x08,0xa5,0xf0,0x4e,0xc7,0x05,0xbc,0x9c,0xcc,0xa7,0x69,
0xae,0x00,0x00,0x00,0xd8,0xc7,0x05,0x1b,0x11,0xaf,0xf1,0x04,0x1b,0x71,0x1b,0x1b,
0xc3,0xc0,0x00,0xc7,0x06,0xc0,0x9f,0xa3,0x1b,0x71,0x1b,0x48,0xd8,0xc7,0x05,0xbb,
0x9c,0x1b,0x11,0xaf,0xf1,0x04,0x1b,0x71,0x1b,0x1b,0xc3,0x80,0x00,0xc7,0x06,0xc2,
0x3f,0xa1,0xa3,0x1b,0x71,0x1b,0x48,0xbc,0x93,0x05,0xbb,0x93,0x04,0xbc,0x93,0x03,
0xbb,0x93,0x02,0xf3,0xaa,0xfd,0xc7,0x05,0xbd,0x9c,0xcc,0xa7,0xf1,0x61,0xd8,0xc7,
0x05,0x1b,0x11,0xaf,0xf1,0x04,0x1b,0x71,0x1b,0x1b,0xc3,0xe0,0x00,0xc7,0x06,0xc2,
0x0c,0x9f,0xa3,0x1b,0x71,0x1b,0x48,0xd8,0xc7,0x05,0xbb,0x9c,0x1b,0x11,0xaf,0xf1,
0x04,0x1b,0x71,0x1b,0x1b,0xc3,0x80,0x00,0xc7,0x06,0xc0,0x9f,0xc2,0x3f,0xa1,0xa3,
0x1b,0x71,0x1b,0x48,0xd8,0xc7,0x05,0xbc,0x9c,0x1b,0x11,0xaf,0xf1,0x04,0x1b,0x71,
0x1b,0x1b,0xc3,0x80,0x00,0xc7,0x06,0xc2,0x3f,0xa1,0xa3,0x1b,0x71,0x1b,0x48,0xbd,
0x93,0x05,0xbb,0x93,0x04,0xbd,0x93,0x03,0xbb,0x93,0x02,0xf3,0x42,0xfd,0x0b,0xcd,
0x4b,0xab,0x02,0x00,0x00,0xce,0x4b,0x92,0x03,0x00,0x00,0x28,0xb4,0x04,0x89,0x12,
0x29,0xda,0x01,0x03,0x43,0x1b,0x1a,0x17,0x10,0x30,0x11,0x00,0x21,0x10,0x01,0x2f,
0x1c,0x44,0x06,0x26,0x1d,0x2b,0x01,0x0c,0x08,0x26,0x17,0x5d,0x00,0x12,0x00,0x12,
0x00,0x12,0x00,0x26,0x22,0x43,0x22,0x44,0x33,0x0c,0x08,0x44,0x1c,0x0c,0x08,0x26,
0x23,0x43,0x1e,0x44,0x1d,0x0c,0x08,0x30,0x0a,0x20,0x12,0x11,0x0c,0x0c,0x0c,0x25,
0x12,0x2b,0x5d,0x4d,0x1e,0x0c,0x0c,0x2b,0x29,0x11,0x10,0x48,0x16,0x0c,0x0c,0x11,
0x0a,0x2b,0x3b,0x11,0x10,0x48,0x16,0x0c,0x0c,0x0c,0x08,0x2b,0x39,0x11,0x10,0x48,
0x16,0x0c,0x0a,0x2b,0x2f,0x12,0x00,0x12,0x00,0x12,0x00,0x00,0x08,0x08,0x08,0x0c,
0x08,0x26,0x17,0x62,0x00,0x11,0x10,0x5d,0x0f,0x11,0x10,0x5d,0x0f,0x12,0x00,0x12,
0x00,0x12,0x00,0x2b,0x22,0x34,0x22,0x35,0x33,0x0c,0x08,0x26,0x17,0x62,0x00,0x11,
0x10,0x5d,0x0f,0x11,0x10,0x5d,0x0f,0x12,0x00,0x12,0x00,0x12,0x00,0x2b,0x20,0x2b,
0x0f,0x0c,0x08,0x26,0x17,0x4d,0x1e,0x0c,0x10,0x26,0x2d,0x11,0x10,0x48,0x16,0x0c,
0x0e,0x2b,0x33,0x12,0x00,0x12,0x00,0x12,0x00,0x2c,0x10,0x0c,0x08,0x17,0x17,0x4d,
0x1e,0x0c,0x10,0x2b,0x2d,0x11,0x10,0x48,0x16,0x0c,0x10,0x0c,0x08,0x2b,0x3d,0x11,
0x10,0x48,0x16,0x0c,0x0e,0x2b,0x33,0x12,0x00,0x12,0x00,0x12,0x00,0x00,0x0c,0x43,
0x0a,0x00,0x8e,0x0e,0x02,0x02,0x02,0x04,0x00,0x00,0x00,0xd5,0x01,0x04,0xba,0x0d,
0x00,0x01,0x00,0xc6,0x04,0x00,0x01,0x00,0xca,0x04,0x00,0x00,0x00,0x10,0x00,0x01,
0x00,0x08,0xd0,0xd7,0x11,0xf1,0x07,0x0e,0x04,0xe6,0x02,0x00,0x00,0x41,0x46,0x02,
0x00,0x00,0x24,0x00,0x00,0xcf,0xcc,0xd8,0x11,0xf0,0x08,0x0e,0xd8,0x40,0x96,0x03,
0x00,0x00,0x11,0xf1,0x03,0x0e,0x09,0x42,0x96,0x03,0x00,0x00,0xcc,0xd8,0x11,0xf0,
0x08,0x0e,0xd8,0x40,0x97,0x03,0x00,0x00,0x11,0xf1,0x03,0x0e,0x09,0x42,0x97,0x03,
0x00,0x00,0xcc,0x07,0x42,0x51,0x01,0x00,0x00,0xcc,0x09,0x42,0x98,0x03,0x00,0x00,
0xcb,0x04,0x99,0x03,0x00,0x00,0xad,0x11,0xf1,0x14,0x0e,0xcb,0x04,0xe6,0x02,0x00,
0x00,0xad,0x11,0xf1,0x09,0x0e,0xcb,0x04,0x9a,0x03,0x00,0x00,0xad,0xf0,0x18,0xcc,
0x04,0xe6,0x02,0x00,0x00,0x42,0x5d,0x03,0x00,0x00,0xcc,0x04,0x9a,0x03,0x00,0x00,
0x42,0x9b,0x03,0x00,0x00,0x29,0xcb,0x04,0x9c,0x03,0x00,0x00,0xad,0xf0,0x10,0x38,
0xd7,0x00,0x00,0x00,0x11,0x04,0x9d,0x03,0x00,0x00,0x21,0x01,0x00,0x30,0xf2,0x01,
0xcc,0x40,0x96,0x03,0x00,0x00,0xf0,0x18,0x38,0xd7,0x00,0x00,0x00,0x11,0x04,0x9e,
0x03,0x00,0x00,0xd7,0x9c,0x04,0x9f,0x03,0x00,0x00,0x9c,0x21,0x01,0x00,0x30,0xcc,
0x04,0xe6,0x02,0x00,0x00,0x42,0x5d,0x03,0x00,0x00,0xcc,0x04,0x9a,0x03,0x00,0x00,
0x42,0x9b,0x03,0x00,0x00,0x29,0xb4,0x04,0xd4,0x12,0x05,0x29,0x58,0x48,0x17,0x43,
0x71,0x00,0x71,0x00,0x26,0x00,0x2b,0x1c,0x39,0x42,0x39,0x2a,0x2b,0x83,0x01,0x3a,
0x00,0x44,0x26,0x2b,0x11,0x00,0x11,0x12,0x0f,0x00,0x08,0x08,0x14,0x39,0x34,0x0c,
0x16,0x36,0x61,0x3a,0x00,0x00,0x0c,0x43,0x0a,0x00,0x90,0x0e,0x01,0x00,0x01,0x02,
0x00,0x00,0x00,0x2f,0x01,0xc0,0x0e,0x00,0x01,0x00,0xd7,0xc3,0x80,0x00,0xa5,0xf0,
0x03,0xba,0x28,0xd7,0xc3,0xc0,0x00,0xa5,0xf0,0x03,0xb9,0x28,0xd7,0xc3,0xe0,0x00,
0xa5,0xf0,0x03,0xbc,0x28,0xd7,0xc3,0xf0,0x00,0xa5,0xf0,0x03,0xbd,0x28,0xd7,0xc3,
0xf8,0x00,0xa5,0xf0,0x03,0xbe,0x28,0xb9,0x28,0xb4,0x04,0xf1,0x12,0x05,0x0a,0x08,
0x1a,0x30,0x00,0x30,0x00,0x30,0x00,0x30,0x00,0x00,0x0c,0x43,0x0a,0x00,0xce,0x0b,
0x02,0x10,0x02,0x07,0x00,0x02,0x00,0xf7,0x07,0x12,0xc0,0x01,0x00,0x01,0x00,0xc6,
0x04,0x00,0x01,0x00,0xc2,0x0e,0x00,0x00,0x00,0x8a,0x0c,0x00,0x01,0x00,0xa0,0x08,
0x00,0x02,0x00,0xcc,0x05,0x00,0x03,0x00,0xc4,0x0e,0x00,0x04,0x00,0xc6,0x0e,0x00,
0x05,0x00,0xc8,0x0e,0x00,0x06,0x00,0xca,0x0e,0x00,0x07,0x00,0xb2,0x02,0x00,0x08,
0x00,0xcc,0x0e,0x00,0x09,0x00,0xce,0x0e,0x00,0x0a,0x00,0xd0,0x0e,0x00,0x0b,0x00,
0xd2,0x0e,0x00,0x0c,0x00,0xdc,0x0a,0x00,0x0d,0x00,0xd4,0x0e,0x00,0x0e,0x00,0x10,
0x00,0x01,0x00,0xa2,0x04,0x00,0x01,0x90,0x0e,0x03,0x00,0x08,0xc8,0x0f,0xd8,0x11,
0xf0,0x08,0x0e,0xd8,0x40,0xab,0x03,0x00,0x00,0xcf,0xd7,0x38,0xb1,0x00,0x00,0x00,
0xa9,0xf0,0x04,0xd7,0xf2,0x19,0x38,0xb1,0x00,0x00,0x00,0x11,0xd7,0x11,0xf1,0x0c,
0x0e,0x38,0xb1,0x00,0x00,0x00,0x11,0xba,0x21,0x01,0x00,0x21,0x01,0x00,0xd0,0xc7,
0x0f,0x40,0x9b,0x03,0x00,0x00,0x04,0xac,0x03,0x00,0x00,0xad,0xf0,0x28,0xc6,0xd1,
0xba,0xd2,0xce,0xcc,0xef,0xa5,0xf0,0x1c,0xcd,0x38,0xa2,0x00,0x00,0x00,0x41,0x85,
0x02,0x00,0x00,0xcc,0xce,0x46,0xc3,0xff,0x00,0xa1,0x24,0x01,0x00,0x9c,0xd1,0x92,
0x03,0xf2,0xe0,0xcd,0x28,0xf2,0x01,0xc7,0x0f,0x40,0x51,0x01,0x00,0x00,0xf0,0x5b,
0xc7,0x0f,0x40,0x51,0x01,0x00,0x00,0xef,0xba,0xa7,0xf0,0x4f,0x38,0xb1,0x00,0x00,
0x00,0x11,0xc7,0x0f,0x40,0x51,0x01,0x00,0x00,0xef,0xcc,0xef,0x9c,0x21,0x01,0x00,
0xc9,0x04,0x41,0x46,0x00,0x00,0x00,0x38,0xb1,0x00,0x00,0x00,0x11,0xc7,0x0f,0x40,
0x51,0x01,0x00,0x00,0x21,0x01,0x00,0xba,0x24,0x02,0x00,0x0e,0xc7,0x04,0x41,0x46,
0x00,0x00,0x00,0xcc,0xc7,0x0f,0x40,0x51,0x01,0x00,0x00,0xef,0x24,0x02,0x00,0x0e,
0xc7,0x0f,0x07,0x42,0x51,0x01,0x00,0x00,0xf2,0x04,0xcc,0xc8,0x04,0xc7,0x0f,0x40,
0x9b,0x03,0x00,0x00,0x04,0x9a,0x03,0x00,0x00,0xad,0xf0,0x47,0xc7,0x0f,0x40,0x98,
0x03,0x00,0x00,0x95,0xf0,0x3d,0xc7,0x0f,0x40,0x97,0x03,0x00,0x00,0x95,0xf0,0x33,
0xc7,0x04,0xef,0xbd,0xa8,0xf0,0x2c,0xc7,0x04,0xba,0x46,0xc3,0xef,0x00,0xad,0xf0,
0x22,0xc7,0x04,0xbb,0x46,0xc3,0xbb,0x00,0xad,0xf0,0x18,0xc7,0x04,0xbc,0x46,0xc3,
0xbf,0x00,0xad,0xf0,0x0e,0xc7,0x04,0x41,0xad,0x03,0x00,0x00,0xbd,0x24,0x01,0x00,
0xc8,0x04,0xc7,0x0f,0x40,0x98,0x03,0x00,0x00,0x95,0xf0,0x10,0xc7,0x04,0xef,0xba,
0xa7,0xf0,0x09,0xc7,0x0f,0x0a,0x42,0x98,0x03,0x00,0x00,0xc6,0xd1,0xba,0xd2,0xba,
0xc8,0x05,0xce,0xc7,0x04,0xef,0xa5,0x68,0xa8,0x02,0x00,0x00,0xc7,0x04,0xce,0x46,
0xc8,0x06,0xe4,0xc7,0x06,0xf5,0xc9,0x07,0xba,0xa5,0xf0,0x24,0xc7,0x0f,0x40,0x96,
0x03,0x00,0x00,0xf0,0x10,0x38,0xda,0x00,0x00,0x00,0x11,0x04,0xae,0x03,0x00,0x00,
0x21,0x01,0x00,0x30,0x04,0xaf,0x03,0x00,0x00,0x93,0x02,0x92,0x03,0xf2,0xc4,0xc7,
0x07,0xba,0xad,0xf0,0x17,0xcd,0x38,0xa2,0x00,0x00,0x00,0x41,0x85,0x02,0x00,0x00,
0xc7,0x06,0x24,0x01,0x00,0x9c,0xd1,0x92,0x03,0xf2,0xa8,0x0a,0xc8,0x08,0xc7,0x07,
0xbc,0xa8,0xf0,0x61,0xce,0xbb,0x9c,0xc7,0x04,0xef,0xa5,0xf0,0x58,0xc7,0x04,0xce,
0xbb,0x9c,0x46,0xc8,0x09,0xc7,0x06,0xc3,0xe0,0x00,0xad,0x11,0xf0,0x08,0x0e,0xc7,
0x09,0xc3,0xa0,0x00,0xa5,0x11,0xf1,0x38,0x0e,0xc7,0x06,0xc3,0xed,0x00,0xad,0x11,
0xf0,0x08,0x0e,0xc7,0x09,0xc3,0x9f,0x00,0xa7,0x11,0xf1,0x24,0x0e,0xc7,0x06,0xc3,
0xf0,0x00,0xad,0x11,0xf0,0x08,0x0e,0xc7,0x09,0xc3,0x90,0x00,0xa5,0x11,0xf1,0x10,
0x0e,0xc7,0x06,0xc3,0xf4,0x00,0xad,0xf0,0x0c,0xc7,0x09,0xc3,0x8f,0x00,0xa7,0xf0,
0x04,0x09,0xc8,0x08,0xc7,0x08,0x95,0xf0,0x25,0xc7,0x0f,0x40,0x96,0x03,0x00,0x00,
0xf0,0x10,0x38,0xda,0x00,0x00,0x00,0x11,0x04,0xae,0x03,0x00,0x00,0x21,0x01,0x00,
0x30,0x04,0xaf,0x03,0x00,0x00,0x93,0x02,0x92,0x03,0xf3,0x17,0xff,0xce,0xc7,0x07,
0x9c,0xc7,0x04,0xef,0xa7,0x68,0xbc,0x00,0x00,0x00,0xcb,0xf0,0x57,0x38,0xa6,0x00,
0x00,0x00,0x41,0x86,0x01,0x00,0x00,0xc7,0x07,0xc7,0x04,0xef,0xce,0x9d,0x24,0x02,
0x00,0xc8,0x0a,0xc7,0x0f,0x26,0x00,0x00,0x42,0x51,0x01,0x00,0x00,0xce,0xc8,0x0b,
0xc7,0x0b,0xce,0xc7,0x0a,0x9c,0xa5,0xf0,0x1a,0xc7,0x0f,0x40,0x51,0x01,0x00,0x00,
0x41,0x52,0x01,0x00,0x00,0xc7,0x04,0xc7,0x0b,0x46,0x24,0x01,0x00,0x0e,0x92,0x0b,
0xf2,0xdf,0xc7,0x0a,0x93,0x03,0xce,0xc7,0x04,0xef,0xa8,0x69,0x64,0x01,0x00,0x00,
0xf3,0xb1,0xfe,0xc7,0x0f,0x40,0x96,0x03,0x00,0x00,0xf0,0x10,0x38,0xda,0x00,0x00,
0x00,0x11,0x04,0xb0,0x03,0x00,0x00,0x21,0x01,0x00,0x30,0x04,0xaf,0x03,0x00,0x00,
0x93,0x02,0x92,0x03,0xba,0xc8,0x0c,0xce,0xc7,0x0c,0x9c,0xc7,0x04,0xef,0xa5,0xf0,
0x16,0xc7,0x04,0xce,0xc7,0x0c,0x9c,0x46,0xc3,0xc0,0x00,0xa1,0xc3,0x80,0x00,0xad,
0xf0,0x05,0x92,0x0c,0xf2,0xe2,0xc7,0x0c,0xba,0xa7,0x68,0x67,0xfe,0xff,0xff,0xc7,
0x0c,0xc7,0x07,0xbb,0x9d,0xa6,0x68,0x5b,0xfe,0xff,0xff,0xc7,0x0c,0x93,0x03,0xf3,
0x52,0xfe,0x0a,0xc8,0x08,0xbb,0xc8,0x0d,0xc7,0x0d,0xc7,0x07,0xa5,0xf0,0x25,0xce,
0xc7,0x0d,0x9c,0xc7,0x04,0xef,0xa5,0xf0,0x1b,0xc7,0x04,0xce,0xc7,0x0d,0x9c,0x46,
0xc3,0xc0,0x00,0xa1,0xc3,0x80,0x00,0xae,0xf0,0x06,0x09,0xc8,0x08,0xf2,0x05,0x92,
0x0d,0xf2,0xd6,0xc7,0x08,0x95,0xf0,0x25,0xc7,0x0f,0x40,0x96,0x03,0x00,0x00,0xf0,
0x10,0x38,0xda,0x00,0x00,0x00,0x11,0x04,0xae,0x03,0x00,0x00,0x21,0x01,0x00,0x30,
0x04,0xaf,0x03,0x00,0x00,0x93,0x02,0x92,0x03,0xf3,0xf8,0xfd,0xc7,0x07,0xbc,0xad,
0xf0,0x24,0xcd,0x38,0xa2,0x00,0x00,0x00,0x41,0x85,0x02,0x00,0x00,0xc7,0x06,0xc2,
0x1f,0xa1,0xc0,0x9e,0xc7,0x04,0xce,0xbb,0x9c,0x46,0xc2,0x3f,0xa1,0xa3,0x24,0x01,
0x00,0x9c,0xd1,0xf2,0x75,0xc7,0x07,0xbd,0xad,0xf0,0x31,0xcd,0x38,0xa2,0x00,0x00,
0x00,0x41,0x85,0x02,0x00,0x00,0xc7,0x06,0xc2,0x0f,0xa1,0xc2,0x0c,0x9e,0xc7,0x04,
0xce,0xbb,0x9c,0x46,0xc2,0x3f,0xa1,0xc0,0x9e,0xa3,0xc7,0x04,0xce,0xbc,0x9c,0x46,
0xc2,0x3f,0xa1,0xa3,0x24,0x01,0x00,0x9c,0xd1,0xf2,0x3f,0xc7,0x06,0xc1,0xa1,0xc2,
0x12,0x9e,0xc7,0x04,0xce,0xbb,0x9c,0x46,0xc2,0x3f,0xa1,0xc2,0x0c,0x9e,0xa3,0xc7,
0x04,0xce,0xbc,0x9c,0x46,0xc2,0x3f,0xa1,0xc0,0x9e,0xa3,0xc7,0x04,0xce,0xbd,0x9c,
0x46,0xc2,0x3f,0xa1,0xa3,0xc8,0x0e,0xcd,0x38,0xa2,0x00,0x00,0x00,0x41,0xb1,0x03,
0x00,0x00,0xc7,0x0e,0x24,0x01,0x00,0x9c,0xd1,0xc7,0x07,0x93,0x03,0xf3,0x54,0xfd,
0xcd,0x28,0xb4,0x04,0xf9,0x12,0x25,0x87,0x02,0x54,0x01,0x39,0x32,0x39,0x30,0x6c,
0x6f,0x45,0x00,0x1c,0x23,0x39,0x36,0x11,0x16,0x00,0x11,0x0a,0x15,0x5a,0x16,0x17,
0x31,0x48,0x42,0x2b,0x00,0x1b,0x3d,0x6c,0x21,0x25,0x1a,0x44,0x19,0x36,0x00,0x36,
0x28,0x9d,0x84,0x01,0x2a,0x2a,0x34,0x2e,0x34,0x2e,0x21,0xb1,0x02,0x25,0x28,0x63,
0x24,0x17,0x4b,0x00,0x10,0x0a,0x12,0x54,0x1c,0x1c,0x17,0x44,0x22,0x4e,0x33,0x26,
0x00,0x23,0x16,0x17,0x15,0x39,0x36,0x26,0x35,0x00,0x09,0x08,0x14,0x1b,0x12,0x0c,
0x08,0x30,0x01,0x26,0x11,0x34,0x18,0x34,0x20,0x34,0x18,0x34,0x20,0x34,0x18,0x34,
0x20,0x2a,0x18,0x21,0xd5,0x01,0x00,0x11,0x08,0x30,0x4e,0x33,0x26,0x00,0x23,0x0c,
0x11,0x0e,0x72,0x18,0x1b,0x30,0x26,0x5d,0x4e,0x28,0x07,0x08,0x20,0x1c,0x3e,0x24,
0x44,0x6f,0x1c,0x12,0x6e,0x1e,0x4e,0x33,0x26,0x00,0x22,0x16,0x11,0x18,0x2f,0x42,
0x16,0x1a,0x16,0x12,0x21,0x97,0x01,0x22,0x1c,0x2f,0x24,0x0c,0x0e,0x2b,0x4d,0x00,
0x0f,0x0a,0x20,0x20,0x18,0x11,0x08,0x30,0x1f,0x16,0x0a,0x16,0x12,0x21,0x3b,0x00,
0x17,0x0a,0x30,0x4e,0x33,0x26,0x00,0x28,0x16,0x17,0x15,0x39,0x1c,0x0c,0x2a,0x11,
0x0e,0x0c,0x08,0x11,0x1a,0x11,0x0a,0x44,0x5b,0x17,0x23,0x3a,0x04,0x0c,0x10,0x11,
0x0e,0x11,0x0a,0x11,0x1c,0x11,0x0a,0x11,0x0e,0x11,0x08,0x11,0x1a,0x11,0x0a,0x46,
0x5b,0x0c,0x0c,0x11,0x0a,0x11,0x1c,0x11,0x0a,0x11,0x0e,0x16,0x0a,0x11,0x1c,0x11,
0x0a,0x11,0x0e,0x11,0x08,0x11,0x1a,0x11,0x0a,0x21,0xe3,0x01,0x39,0x38,0x27,0x3b,
0x00,0xc5,0x00,0xd0,0xc5,0x03,0xd1,0xc5,0x04,0xd2,0xd7,0x40,0xb2,0x03,0x00,0x00,
0xfb,0xcf,0xcc,0x40,0x3f,0x00,0x00,0x00,0xc5,0x01,0x42,0xa1,0x02,0x00,0x00,0xcc,
0x40,0x3f,0x00,0x00,0x00,0xc5,0x02,0x42,0x8d,0x03,0x00,0x00,0xcd,0x40,0x3f,0x00,
0x00,0x00,0xc5,0x05,0x42,0xe7,0x02,0x00,0x00,0x38,0x95,0x00,0x00,0x00,0xcc,0x42,
0xa0,0x02,0x00,0x00,0x38,0x95,0x00,0x00,0x00,0xcd,0x42,0xe5,0x02,0x00,0x00,0x29,
0xb4,0x04,0xe8,0x11,0x03,0x16,0x4e,0x72,0x00,0x02,0x08,0x6d,0x00,0x0d,0x38,0x00,
0x00,0x0d,0xe0,0x01,0x00,0x00,0x0d,0xd4,0x01,0x00,0x3a,0x00,0x00,0x0c,0x43,0x0a,
0x00,0xfe,0x03,0x01,0x03,0x01,0x03,0x02,0x00,0x03,0x49,0x04,0xa2,0x04,0x00,0x01,
0x40,0x01,0xe6,0x0e,0x02,0x03,0x30,0xfe,0x01,0x03,0x01,0x70,0x00,0xe6,0x0e,0x01,
0x00,0x20,0x0c,0x42,0x0b,0x01,0x00,0x00,0x01,0x00,0x02,0x00,0x01,0x00,0x17,0x01,
0x10,0x00,0x01,0x00,0xfe,0x01,0x01,0x18,0x08,0xcf,0x2b,0x64,0x00,0x00,0x11,0xf0,
0x06,0xcb,0x1b,0x24,0x00,0x00,0x0e,0xcb,0x06,0x42,0xb4,0x03,0x00,0x00,0x29,0xb4,
0x04,0xea,0x13,0x07,0x02,0x4e,0x04,0x00,0x0c,0x42,0x0b,0x01,0x00,0x01,0x04,0x01,
0x05,0x00,0x01,0x00,0xaa,0x01,0x05,0xea,0x0e,0x00,0x01,0x00,0xec,0x0e,0x00,0x00,
0x00,0xee,0x0e,0x00,0x01,0x00,0x9c,0x0e,0x00,0x02,0x00,0x9e,0x0e,0x00,0x03,0x00,
0xa2,0x04,0x00,0x01,0xd7,0x38,0xb1,0x00,0x00,0x00,0xa9,0x95,0xf0,0x42,0xd7,0x38,
0xb3,0x00,0x00,0x00,0xa9,0x95,0xf0,0x38,0xd7,0x38,0xb5,0x00,0x00,0x00,0xa9,0x95,
0xf0,0x2e,0xd7,0x38,0xb0,0x00,0x00,0x00,0xa9,0x95,0xf0,0x24,0xd7,0x38,0xb2,0x00,
0x00,0x00,0xa9,0x95,0xf0,0x1a,0xd7,0x38,0xb4,0x00,0x00,0x00,0xa9,0x95,0xf0,0x10,
0x38,0xda,0x00,0x00,0x00,0x11,0x04,0xb8,0x03,0x00,0x00,0x21,0x01,0x00,0x30,0xd7,
0xef,0xd7,0x40,0xb9,0x03,0x00,0x00,0x99,0xd3,0x01,0x00,0x00,0x01,0x00,0xa7,0xf0,
0x15,0x38,0xdd,0x00,0x00,0x00,0x11,0x04,0xba,0x03,0x00,0x00,0x04,0x05,0x02,0x00,
0x00,0x21,0x02,0x00,0x30,0xe3,0x41,0xbb,0x03,0x00,0x00,0xcb,0x24,0x01,0x00,0xd0,
0x38,0xb1,0x00,0x00,0x00,0x11,0xcc,0x21,0x01,0x00,0xd1,0x38,0xb1,0x00,0x00,0x00,
0x11,0xd7,0x40,0xcd,0x02,0x00,0x00,0xd7,0x40,0xce,0x02,0x00,0x00,0xcb,0x21,0x03,
0x00,0xd6,0x41,0x46,0x00,0x00,0x00,0xcd,0x24,0x01,0x00,0x0e,0xd7,0x28,0xb4,0x04,
0xed,0x13,0x07,0x1f,0x08,0x3c,0x34,0x4e,0x34,0x50,0x34,0x50,0x34,0x4c,0x34,0x4e,
0x30,0xa7,0x03,0x59,0x32,0x2b,0x27,0x2b,0x09,0x86,0x1c,0x1c,0x17,0x3a,0x00,0x71,
0x1b,0x20,0x10,0x00,0x0c,0x42,0x0b,0x01,0x00,0x00,0x03,0x00,0x05,0x00,0x00,0x01,
0xc0,0x01,0x03,0x8a,0x0c,0x00,0x00,0x00,0xf8,0x0e,0x00,0x01,0x00,0x10,0x00,0x01,
0x00,0x0c,0x43,0x0a,0x01,0x00,0x01,0x00,0x01,0x04,0x00,0x00,0x01,0x16,0x01,0xd4,
0x05,0x00,0x01,0x00,0x07,0x02,0x30,0xd7,0x41,0x3b,0x00,0x00,0x00,0xc2,0x10,0x24,
0x01,0x00,0x41,0xbd,0x03,0x00,0x00,0xbc,0xc4,0x00,0x25,0x02,0x00,0xb4,0x04,0x80,
0x14,0x25,0x04,0x21,0x21,0x34,0x1a,0x00,0x08,0xd1,0x38,0xb1,0x00,0x00,0x00,0x11,
0xc2,0x10,0x21,0x01,0x00,0xcf,0xcd,0x41,0xbe,0x03,0x00,0x00,0xcb,0x24,0x01,0x00,
0x0e,0xcb,0xc0,0x1b,0x11,0xaf,0xf1,0x04,0x1b,0x71,0x1b,0x1b,0xcb,0xc0,0x46,0xc2,
0x0f,0xa1,0xc2,0x40,0xa3,0x1b,0x71,0x1b,0x48,0xcb,0xc2,0x08,0x1b,0x11,0xaf,0xf1,
0x04,0x1b,0x71,0x1b,0x1b,0xcb,0xc2,0x08,0x46,0xc2,0x3f,0xa1,0xc3,0x80,0x00,0xa3,
0x1b,0x71,0x1b,0x48,0x38,0x9f,0x00,0x00,0x00,0x41,0x83,0x00,0x00,0x00,0xcb,0xc5,
0x00,0x24,0x02,0x00,0x41,0x63,0x00,0x00,0x00,0xc6,0x24,0x01,0x00,0xd4,0x41,0xc3,
0x01,0x00,0x00,0xba,0xc2,0x08,0x24,0x02,0x00,0x04,0xbf,0x03,0x00,0x00,0x9c,0xcc,
0x41,0xc3,0x01,0x00,0x00,0xc2,0x08,0xc2,0x0c,0x24,0x02,0x00,0x9c,0x04,0xbf,0x03,
0x00,0x00,0x9c,0xcc,0x41,0xc3,0x01,0x00,0x00,0xc2,0x0c,0xc2,0x10,0x24,0x02,0x00,
0x9c,0x04,0xbf,0x03,0x00,0x00,0x9c,0xcc,0x41,0xc3,0x01,0x00,0x00,0xc2,0x10,0xc2,
0x14,0x24,0x02,0x00,0x9c,0x04,0xbf,0x03,0x00,0x00,0x9c,0xcc,0x41,0xc3,0x01,0x00,
0x00,0xc2,0x14,0x24,0x01,0x00,0x9c,0x28,0xb4,0x04,0xfb,0x13,0x07,0x30,0x0d,0x24,
0x3f,0x1f,0x20,0x2a,0x1c,0x29,0x48,0x2c,0x11,0x0a,0x26,0x35,0x52,0x2c,0x11,0x0a,
0x5d,0x0b,0x3b,0x23,0x35,0x10,0x20,0x1c,0x20,0x0c,0x20,0x08,0x2a,0x1e,0x20,0x0c,
0x20,0x08,0x2a,0x20,0x20,0x0c,0x20,0x08,0x2a,0x20,0x20,0x0c,0x20,0x08,0x00,0x60,
0x02,0x00,0x60,0x00,0x00,0x06,0x60,0x01,0x00,0xc4,0x00,0x55,0xb3,0x03,0x00,0x00,
0x00,0xc5,0x01,0x53,0xbe,0x03,0x00,0x00,0x00,0xc5,0x02,0x53,0xc0,0x03,0x00,0x00,
0x00,0x06,0xd0,0x0e,0xd3,0x67,0x01,0x00,0xd1,0x38,0x95,0x00,0x00,0x00,0x61,0x02,
0x00,0x11,0x21,0x00,0x00,0x42,0xc1,0x03,0x00,0x00,0x38,0x95,0x00,0x00,0x00,0x61,
0x02,0x00,0x42,0xb3,0x03,0x00,0x00,0x29,0xb4,0x04,0xe8,0x13,0x03,0x08,0x00,0x2a,
0x3c,0x04,0x1b,0x30,0x3f,0x2f,0x00,0x0c,0x43,0x0a,0x00,0x80,0x04,0x00,0x06,0x00,
0x03,0x02,0x00,0x09,0xad,0x01,0x06,0x84,0x0f,0x04,0x06,0x30,0xfe,0x01,0x05,0x01,
0x70,0x00,0x84,0x0f,0x01,0x00,0x20,0x86,0x0f,0x06,0x06,0x30,0xfe,0x01,0x07,0x04,
0x70,0x01,0x86,0x0f,0x01,0x03,0x20,0x0c,0xc6,0x0b,0x01,0x00,0x02,0x03,0x02,0x04,
0x00,0x01,0x00,0xb5,0x01,0x05,0xd8,0x05,0x00,0x01,0x00,0xc6,0x04,0x00,0x01,0x00,
0xf6,0x01,0x00,0x01,0x00,0xf4,0x01,0x00,0x01,0x00,0x10,0x00,0x01,0x20,0xfe,0x01,
0x01,0x18,0x0c,0x02,0xcf,0x0c,0x03,0xd0,0x60,0x02,0x00,0x2b,0xcb,0x35,0xcc,0xd7,
0xd8,0x21,0x02,0x00,0x11,0x63,0x02,0x00,0x64,0x00,0x00,0x11,0xf0,0x08,0x61,0x02,
0x00,0x1b,0x24,0x00,0x00,0x0e,0x0e,0x61,0x02,0x00,0xd8,0x11,0xaf,0xf0,0x05,0x0e,
0x06,0xf2,0x06,0x40,0x34,0x00,0x00,0x00,0x11,0xaf,0xf0,0x03,0x0e,0xc6,0x42,0xc4,
0x03,0x00,0x00,0x61,0x02,0x00,0xd8,0x11,0xaf,0xf0,0x05,0x0e,0x06,0xf2,0x06,0x40,
0xc5,0x03,0x00,0x00,0x11,0xaf,0xf0,0x03,0x0e,0xc6,0x42,0xc6,0x03,0x00,0x00,0x61,
0x02,0x00,0xd8,0x11,0xaf,0xf0,0x05,0x0e,0x06,0xf2,0x06,0x40,0xc7,0x03,0x00,0x00,
0x11,0xaf,0xf0,0x03,0x0e,0xba,0x42,0xc8,0x03,0x00,0x00,0x61,0x02,0x00,0xd8,0x11,
0xaf,0xf0,0x05,0x0e,0x06,0xf2,0x06,0x40,0xc9,0x03,0x00,0x00,0x11,0xaf,0xf0,0x03,
0x0e,0xba,0x42,0xca,0x03,0x00,0x00,0x61,0x02,0x00,0xd8,0x11,0xaf,0xf0,0x05,0x0e,
0x06,0xf2,0x06,0x40,0x37,0x00,0x00,0x00,0x11,0xaf,0xf0,0x03,0x0e,0x07,0x42,0xcb,
0x03,0x00,0x00,0x61,0x02,0x00,0x28,0xb4,0x04,0x90,0x14,0x07,0x0c,0x35,0x04,0x8a,
0x00,0x8f,0x00,0x8f,0x00,0x8f,0x00,0x8f,0x00,0x00,0x0c,0x42,0x0b,0x01,0x00,0x00,
0x01,0x00,0x01,0x00,0x00,0x00,0x09,0x01,0x10,0x00,0x01,0x00,0x08,0xcf,0xcb,0x40,
0xc4,0x03,0x00,0x00,0x28,0xb4,0x04,0x98,0x14,0x0b,0x00,0x00,0x0c,0x42,0x0b,0x01,
0x00,0x00,0x01,0x00,0x01,0x00,0x00,0x00,0x09,0x01,0x10,0x00,0x01,0x00,0x08,0xcf,
0xcb,0x40,0xc6,0x03,0x00,0x00,0x28,0xb4,0x04,0x9b,0x14,0x0b,0x00,0x00,0x0c,0x42,
0x0b,0x01,0x00,0x00,0x01,0x00,0x01,0x00,0x00,0x00,0x09,0x01,0x10,0x00,0x01,0x00,
0x08,0xcf,0xcb,0x40,0xc8,0x03,0x00,0x00,0x28,0xb4,0x04,0x9e,0x14,0x0b,0x00,0x00,
0x0c,0x42,0x0b,0x01,0x00,0x00,0x01,0x00,0x01,0x00,0x00,0x00,0x09,0x01,0x10,0x00,
0x01,0x00,0x08,0xcf,0xcb,0x40,0xca,0x03,0x00,0x00,0x28,0xb4,0x04,0xa1,0x14,0x0b,
0x00,0x00,0x0c,0x42,0x0b,0x01,0x00,0x00,0x01,0x00,0x01,0x00,0x00,0x00,0x09,0x01,
0x10,0x00,0x01,0x00,0x08,0xcf,0xcb,0x40,0xcb,0x03,0x00,0x00,0x28,0xb4,0x04,0xa4,
0x14,0x0b,0x00,0x00,0x0c,0xc6,0x0b,0x01,0x00,0x02,0x03,0x02,0x06,0x00,0x01,0x00,
0x6d,0x05,0xd8,0x05,0x00,0x01,0x00,0xc6,0x04,0x00,0x01,0x00,0xf6,0x01,0x00,0x01,
0x00,0xf4,0x01,0x00,0x01,0x00,0x10,0x00,0x01,0x20,0xfe,0x01,0x04,0x18,0x0c,0x02,
0xcf,0x0c,0x03,0xd0,0x60,0x02,0x00,0x2b,0xcb,0x35,0xcc,0xd7,0x0b,0xd7,0x04,0xcc,
0x03,0x00,0x00,0xad,0x4b,0x9b,0x01,0x00,0x00,0x21,0x02,0x00,0x11,0x63,0x02,0x00,
0x64,0x00,0x00,0x11,0xf0,0x08,0x61,0x02,0x00,0x1b,0x24,0x00,0x00,0x0e,0x0e,0x61,
0x02,0x00,0xd8,0x11,0xaf,0xf0,0x05,0x0e,0x06,0xf2,0x06,0x40,0x8c,0x00,0x00,0x00,
0x11,0xaf,0xf0,0x03,0x0e,0x07,0x42,0xcd,0x03,0x00,0x00,0x61,0x02,0x00,0xd8,0x11,
0xaf,0xf0,0x05,0x0e,0x06,0xf2,0x06,0x40,0x94,0x00,0x00,0x00,0x11,0xaf,0xf0,0x03,
0x0e,0x06,0x42,0xda,0x01,0x00,0x00,0x61,0x02,0x00,0x28,0xb4,0x04,0xa9,0x14,0x07,
0x08,0x35,0x04,0x20,0x46,0xa8,0x45,0x8f,0x00,0x00,0x0c,0x42,0x0b,0x01,0x00,0x00,
0x01,0x00,0x01,0x00,0x00,0x00,0x09,0x01,0x10,0x00,0x01,0x00,0x08,0xcf,0xcb,0x40,
0xcd,0x03,0x00,0x00,0x28,0xb4,0x04,0xae,0x14,0x0b,0x00,0x00,0x0c,0x42,0x0b,0x01,
0x00,0x00,0x01,0x00,0x01,0x00,0x00,0x00,0x09,0x01,0x10,0x00,0x01,0x00,0x08,0xcf,
0xcb,0x40,0xda,0x01,0x00,0x00,0x28,0xb4,0x04,0xb1,0x14,0x0b,0x00,0x00,0x60,0x05,
0x00,0x60,0x02,0x00,0x38,0x95,0x00,0x00,0x00,0x40,0xd3,0x01,0x00,0x00,0xfb,0xf1,
0x10,0x38,0xa0,0x00,0x00,0x00,0x11,0x04,0xce,0x03,0x00,0x00,0x21,0x01,0x00,0x30,
0x60,0x00,0x00,0x38,0xd3,0x01,0x00,0x00,0x60,0x01,0x00,0xc4,0x00,0x55,0xc2,0x03,
0x00,0x00,0x01,0xc5,0x01,0x53,0x34,0x00,0x00,0x00,0x01,0xc5,0x02,0x53,0xc5,0x03,
0x00,0x00,0x01,0xc5,0x03,0x53,0xc7,0x03,0x00,0x00,0x01,0xc5,0x04,0x53,0xc9,0x03,
0x00,0x00,0x01,0xc5,0x05,0x53,0x37,0x00,0x00,0x00,0x01,0x06,0xd0,0x0e,0xd3,0x67,
0x01,0x00,0xd1,0x60,0x03,0x00,0x38,0xd3,0x01,0x00,0x00,0x60,0x04,0x00,0xc4,0x06,
0x55,0xc3,0x03,0x00,0x00,0x01,0xc5,0x07,0x53,0x8c,0x00,0x00,0x00,0x01,0xc5,0x08,
0x53,0x94,0x00,0x00,0x00,0x01,0x06,0xc8,0x04,0x0e,0xd6,0x67,0x04,0x00,0xc8,0x05,
0x38,0x95,0x00,0x00,0x00,0x61,0x02,0x00,0x42,0xcf,0x03,0x00,0x00,0x38,0x95,0x00,
0x00,0x00,0x61,0x05,0x00,0x42,0xc3,0x03,0x00,0x00,0x29,0xb4,0x04,0x8b,0x14,0x03,
0x0a,0x53,0x44,0x12,0x27,0x00,0x7f,0x50,0x17,0x44,0x00,0x00,0x0c,0x43,0x0a,0x00,
0x82,0x04,0x01,0x0d,0x01,0x03,0x0a,0x00,0x18,0xe6,0x02,0x0e,0xa2,0x04,0x00,0x01,
0x40,0x04,0xa0,0x0f,0x00,0x00,0x40,0x00,0xa2,0x0f,0x00,0x01,0x40,0x03,0xa4,0x0f,
0x00,0x02,0x40,0x08,0xa6,0x0f,0x00,0x03,0x40,0x09,0xa8,0x0f,0x04,0x0d,0x30,0xfe,
0x01,0x05,0x05,0x70,0x01,0xa8,0x0f,0x01,0x00,0x60,0x05,0xaa,0x0f,0x06,0x0d,0x30,
0xfe,0x01,0x07,0x08,0x70,0x02,0xaa,0x0f,0x01,0x07,0x60,0x07,0xac,0x0f,0x08,0x0d,
0x30,0xfe,0x01,0x09,0x0b,0x70,0x06,0xac,0x0f,0x01,0x0a,0x20,0x0c,0x43,0x0a,0x00,
0xa4,0x0f,0x01,0x00,0x01,0x04,0x00,0x01,0x00,0x1a,0x01,0xc2,0x08,0x00,0x01,0x00,
0xa0,0x0f,0x00,0x00,0xd7,0x40,0xd7,0x03,0x00,0x00,0xf0,0x12,0xe3,0x41,0x46,0x00,
0x00,0x00,0xd7,0x40,0xd7,0x03,0x00,0x00,0xd7,0x24,0x02,0x00,0x0e,0x29,0xb4,0x04,
0xc0,0x14,0x05,0x04,0x2b,0x1a,0x20,0x22,0x00,0x0c,0x43,0x0a,0x00,0xa6,0x0f,0x01,
0x00,0x01,0x03,0x00,0x01,0x00,0x0a,0x01,0xb0,0x0f,0x00,0x01,0x00,0xa0,0x0f,0x00,
0x00,0xe3,0x41,0x45,0x00,0x00,0x00,0xd7,0x25,0x01,0x00,0xb4,0x04,0xc3,0x14,0x05,
0x02,0x21,0x34,0x00,0x0c,0xc6,0x0b,0x01,0x00,0x02,0x03,0x02,0x04,0x00,0x01,0x00,
0xb7,0x01,0x05,0xd8,0x05,0x00,0x01,0x00,0xc6,0x04,0x00,0x01,0x00,0xf6,0x01,0x00,
0x01,0x00,0xf4,0x01,0x00,0x01,0x00,0x10,0x00,0x01,0x20,0xfe,0x01,0x05,0x18,0x0c,
0x02,0xcf,0x0c,0x03,0xd0,0x60,0x02,0x00,0x2b,0xcb,0x35,0xcc,0xd7,0xd8,0x21,0x02,
0x00,0x11,0x63,0x02,0x00,0x64,0x00,0x00,0x11,0xf0,0x08,0x61,0x02,0x00,0x1b,0x24,
0x00,0x00,0x0e,0x0e,0x61,0x02,0x00,0xd8,0x11,0xaf,0xf0,0x05,0x0e,0x06,0xf2,0x06,
0x40,0x34,0x01,0x00,0x00,0x11,0xaf,0xf0,0x03,0x0e,0x07,0x42,0xd9,0x03,0x00,0x00,
0x61,0x02,0x00,0xd8,0x11,0xaf,0xf0,0x05,0x0e,0x06,0xf2,0x06,0x40,0x6b,0x02,0x00,
0x00,0x11,0xaf,0xf0,0x03,0x0e,0xc6,0x42,0xda,0x03,0x00,0x00,0x61,0x02,0x00,0xd8,
0x11,0xaf,0xf0,0x05,0x0e,0x06,0xf2,0x06,0x40,0xdb,0x03,0x00,0x00,0x11,0xaf,0xf0,
0x03,0x0e,0xc6,0x42,0xdc,0x03,0x00,0x00,0x61,0x02,0x00,0xd8,0x11,0xaf,0xf0,0x05,
0x0e,0x06,0xf2,0x06,0x40,0x74,0x00,0x00,0x00,0x11,0xaf,0xf0,0x03,0x0e,0x07,0x42,
0xdd,0x03,0x00,0x00,0x61,0x02,0x00,0xd8,0x11,0xaf,0xf0,0x05,0x0e,0x06,0xf2,0x06,
0x40,0xde,0x03,0x00,0x00,0x11,0xaf,0xf0,0x05,0x0e,0x26,0x00,0x00,0x42,0xdf,0x03,
0x00,0x00,0x61,0x02,0x00,0x28,0xb4,0x04,0xc7,0x14,0x07,0x0c,0x35,0x04,0x8a,0x00,
0x8f,0x00,0x8f,0x00,0x8f,0x00,0x8f,0x00,0x00,0x0c,0x42,0x0b,0x01,0x00,0x00,0x01,
0x00,0x01,0x00,0x00,0x00,0x09,0x01,0x10,0x00,0x01,0x00,0x08,0xcf,0xcb,0x40,0xd9,
0x03,0x00,0x00,0x28,0xb4,0x04,0xcf,0x14,0x0b,0x00,0x00,0x0c,0x42,0x0b,0x01,0x00,
0x00,0x01,0x00,0x01,0x00,0x00,0x00,0x09,0x01,0x10,0x00,0x01,0x00,0x08,0xcf,0xcb,
0x40,0xda,0x03,0x00,0x00,0x28,0xb4,0x04,0xd2,0x14,0x0b,0x00,0x00,0x0c,0x42,0x0b,
0x01,0x00,0x00,0x01,0x00,0x01,0x00,0x00,0x00,0x09,0x01,0x10,0x00,0x01,0x00,0x08,
0xcf,0xcb,0x40,0xdc,0x03,0x00,0x00,0x28,0xb4,0x04,0xd5,0x14,0x0b,0x00,0x00,0x0c,
0x42,0x0b,0x01,0x00,0x00,0x01,0x00,0x01,0x00,0x00,0x00,0x09,0x01,0x10,0x00,0x01,
0x00,0x08,0xcf,0xcb,0x40,0xdd,0x03,0x00,0x00,0x28,0xb4,0x04,0xd8,0x14,0x0b,0x00,
0x00,0x0c,0x42,0x0b,0x01,0x00,0x00,0x01,0x00,0x01,0x00,0x00,0x00,0x09,0x01,0x10,
0x00,0x01,0x00,0x08,0xcf,0xcb,0x40,0xdf,0x03,0x00,0x00,0x28,0xb4,0x04,0xdb,0x14,
0x0b,0x00,0x00,0x0c,0xc6,0x0b,0x01,0x00,0x02,0x03,0x02,0x03,0x00,0x01,0x00,0x7e,
0x05,0xb0,0x0f,0x00,0x01,0x00,0xc0,0x0f,0x00,0x01,0x00,0xf6,0x01,0x00,0x01,0x00,
0xf4,0x01,0x00,0x01,0x00,0x10,0x00,0x01,0x20,0xfe,0x01,0x08,0x18,0x0c,0x02,0xcf,
0x0c,0x03,0xd0,0x60,0x02,0x00,0x2b,0xcb,0x35,0xcc,0x21,0x00,0x00,0x11,0x63,0x02,
0x00,0x64,0x00,0x00,0x11,0xf0,0x08,0x61,0x02,0x00,0x1b,0x24,0x00,0x00,0x0e,0x0e,
0x61,0x02,0x00,0xd7,0x42,0xd7,0x03,0x00,0x00,0x61,0x02,0x00,0xd8,0x42,0xe1,0x03,
0x00,0x00,0x61,0x02,0x00,0x07,0x42,0xe2,0x03,0x00,0x00,0x61,0x02,0x00,0x04,0xe3,
0x03,0x00,0x00,0x42,0xe4,0x03,0x00,0x00,0x61,0x02,0x00,0x09,0x42,0xe5,0x03,0x00,
0x00,0x61,0x02,0x00,0x09,0x42,0xe6,0x03,0x00,0x00,0x61,0x02,0x00,0x26,0x00,0x00,
0x42,0xe7,0x03,0x00,0x00,0x61,0x02,0x00,0x07,0x42,0xe8,0x03,0x00,0x00,0x61,0x02,
0x00,0x07,0x42,0xe9,0x03,0x00,0x00,0x61,0x02,0x00,0x28,0xb4,0x04,0xe0,0x14,0x07,
0x14,0x35,0x04,0x80,0x00,0x30,0x00,0x30,0x00,0x30,0x00,0x44,0x00,0x30,0x00,0x30,
0x00,0x3a,0x00,0x30,0x00,0x00,0x0c,0x42,0x0b,0x01,0x00,0x00,0x01,0x00,0x01,0x00,
0x00,0x00,0x09,0x01,0x10,0x00,0x01,0x00,0x08,0xcf,0xcb,0x40,0xe8,0x03,0x00,0x00,
0x28,0xb4,0x04,0xec,0x14,0x0b,0x00,0x00,0x0c,0x42,0x0b,0x01,0x00,0x01,0x01,0x01,
0x04,0x00,0x00,0x00,0x43,0x02,0xcc,0x07,0x00,0x01,0x00,0x10,0x00,0x01,0x00,0x08,
0xcf,0xcb,0x40,0xe8,0x03,0x00,0x00,0xf0,0x16,0xcb,0x41,0xd1,0x01,0x00,0x00,0x04,
0x34,0x00,0x00,0x00,0xcb,0x40,0xe8,0x03,0x00,0x00,0x24,0x02,0x00,0x0e,0xcb,0xd7,
0x42,0xe8,0x03,0x00,0x00,0xd7,0xf0,0x11,0xcb,0x41,0xd0,0x01,0x00,0x00,0x04,0x34,
0x00,0x00,0x00,0xd7,0x24,0x02,0x00,0x0e,0xcb,0x41,0xea,0x03,0x00,0x00,0x24,0x00,
0x00,0x29,0xb4,0x04,0xef,0x14,0x0b,0x0e,0x36,0x00,0x20,0x0a,0x4f,0x0d,0x36,0x04,
0x20,0x0a,0x36,0x0d,0x20,0x0a,0x00,0x0c,0x42,0x0b,0x01,0x00,0x00,0x01,0x00,0x01,
0x00,0x00,0x00,0x09,0x01,0x10,0x00,0x01,0x00,0x08,0xcf,0xcb,0x40,0xe9,0x03,0x00,
0x00,0x28,0xb4,0x04,0xf9,0x14,0x0b,0x00,0x00,0x0c,0x42,0x0b,0x01,0x00,0x01,0x01,
0x01,0x04,0x00,0x00,0x00,0x3a,0x02,0xcc,0x07,0x00,0x01,0x00,0x10,0x00,0x01,0x00,
0x08,0xcf,0xcb,0x40,0xe9,0x03,0x00,0x00,0xf0,0x16,0xcb,0x41,0xd1,0x01,0x00,0x00,
0x04,0xeb,0x03,0x00,0x00,0xcb,0x40,0xe9,0x03,0x00,0x00,0x24,0x02,0x00,0x0e,0xcb,
0xd7,0x42,0xe9,0x03,0x00,0x00,0xd7,0xf0,0x11,0xcb,0x41,0xd0,0x01,0x00,0x00,0x04,
0xeb,0x03,0x00,0x00,0xd7,0x24,0x02,0x00,0x0e,0x29,0xb4,0x04,0xfc,0x14,0x0b,0x0a,
0x36,0x00,0x20,0x0a,0x4f,0x0d,0x36,0x04,0x20,0x0a,0x00,0x0c,0x42,0x0b,0x01,0x00,
0x01,0x02,0x01,0x04,0x00,0x02,0x00,0x5b,0x03,0xd8,0x0f,0x00,0x01,0x00,0xda,0x0f,
0x00,0x00,0x00,0x10,0x00,0x01,0x00,0xa2,0x0f,0x01,0x00,0xa2,0x04,0x00,0x01,0x08,
0xd0,0x38,0xee,0x03,0x00,0x00,0x0b,0x0b,0xcc,0x40,0xe1,0x03,0x00,0x00,0x4b,0x5e,
0x00,0x00,0x00,0xd7,0x4b,0xef,0x03,0x00,0x00,0x4b,0xf0,0x03,0x00,0x00,0xf5,0xcf,
0xe3,0xf0,0x0d,0xe4,0x41,0xf1,0x03,0x00,0x00,0xcb,0x24,0x01,0x00,0x0e,0x29,0xcc,
0x40,0xe4,0x03,0x00,0x00,0xba,0xa7,0xf0,0x13,0xe4,0x41,0xf2,0x03,0x00,0x00,0xcc,
0x40,0xe4,0x03,0x00,0x00,0xcb,0x24,0x02,0x00,0x0e,0x29,0x38,0xa0,0x00,0x00,0x00,
0x11,0x04,0xf3,0x03,0x00,0x00,0x21,0x01,0x00,0x30,0xb4,0x04,0x86,0x15,0x07,0x0e,
0x27,0x08,0x96,0x00,0x20,0x22,0x3f,0x16,0x17,0x37,0x20,0x20,0x40,0x0b,0x00,0x0c,
0x42,0x0b,0x01,0x00,0x02,0x06,0x02,0x06,0x00,0x01,0x00,0xa0,0x02,0x08,0x68,0x00,
0x01,0x00,0xe8,0x0f,0x00,0x01,0x00,0xe8,0x04,0x00,0x00,0x00,0xb0,0x04,0x08,0x00,
0x03,0xea,0x0f,0x00,0x01,0x00,0xf2,0x06,0x00,0x03,0x00,0x8a,0x0c,0x00,0x04,0x00,
0x10,0x00,0x01,0x00,0xa8,0x0f,0x06,0x10,0x08,0xc8,0x05,0xc7,0x05,0x40,0xe5,0x03,
0x00,0x00,0xf0,0x10,0x38,0xa0,0x00,0x00,0x00,0x11,0x04,0xf6,0x03,0x00,0x00,0x21,
0x01,0x00,0x30,0xc7,0x05,0x40,0xe4,0x03,0x00,0x00,0x04,0xe3,0x03,0x00,0x00,0xad,
0x68,0xdf,0x00,0x00,0x00,0xc7,0x05,0x40,0xe2,0x03,0x00,0x00,0x95,0xf0,0x02,0x29,
0x6b,0x4d,0x00,0x00,0x00,0x38,0x95,0x00,0x00,0x00,0x40,0xf7,0x03,0x00,0x00,0xfb,
0xf0,0x1e,0x38,0x95,0x00,0x00,0x00,0x41,0xf7,0x03,0x00,0x00,0xd7,0xd8,0xf0,0x0a,
0x0b,0xd8,0x4b,0xf4,0x03,0x00,0x00,0xf2,0x02,0x06,0x24,0x02,0x00,0xf2,0x1c,0x38,
0xa7,0x00,0x00,0x00,0x41,0xcb,0x02,0x00,0x00,0x38,0xa7,0x00,0x00,0x00,0x41,0x19,
0x01,0x00,0x00,0xd7,0x24,0x01,0x00,0x24,0x01,0x00,0xcf,0x0e,0xf2,0x30,0xd0,0x6b,
0x2c,0x00,0x00,0x00,0x64,0x00,0x00,0x11,0x04,0xeb,0x03,0x00,0x00,0x0b,0xcc,0x4b,
0x34,0x01,0x00,0x00,0x21,0x02,0x00,0xd1,0xc7,0x05,0x40,0xe2,0x03,0x00,0x00,0x41,
0xd2,0x01,0x00,0x00,0xcd,0x24,0x01,0x00,0x0e,0x06,0x6e,0x28,0x30,0x64,0x00,0x00,
0x11,0x04,0x34,0x00,0x00,0x00,0x0b,0xcb,0x4b,0x34,0x01,0x00,0x00,0x26,0x00,0x00,
0x4b,0xde,0x03,0x00,0x00,0x21,0x02,0x00,0xd2,0xc7,0x05,0x40,0xe2,0x03,0x00,0x00,
0x40,0xe6,0x03,0x00,0x00,0xf0,0x13,0xc7,0x05,0x40,0xe2,0x03,0x00,0x00,0x41,0xd2,
0x01,0x00,0x00,0xce,0x24,0x01,0x00,0x0e,0x29,0xc7,0x05,0x40,0xe2,0x03,0x00,0x00,
0x40,0xe7,0x03,0x00,0x00,0x41,0x52,0x01,0x00,0x00,0xce,0x24,0x01,0x00,0x0e,0x29,
0x38,0xee,0x03,0x00,0x00,0xd7,0xd8,0xf6,0xc8,0x04,0xc7,0x05,0x41,0xf8,0x03,0x00,
0x00,0xc7,0x04,0x24,0x01,0x00,0x0e,0x29,0xb4,0x04,0x92,0x15,0x07,0x27,0x40,0x1c,
0x72,0x1a,0x00,0x1b,0x08,0x29,0x34,0x5a,0x43,0x50,0x93,0x70,0x34,0x1e,0x59,0x8d,
0x02,0x67,0x29,0x3e,0x44,0x32,0x27,0xd6,0x1b,0x3e,0x44,0x22,0x43,0x57,0x4e,0x3c,
0x13,0x1c,0x3d,0x25,0x22,0x00,0x0c,0x42,0x0b,0x01,0x00,0x01,0x05,0x01,0x06,0x00,
0x01,0x00,0x81,0x01,0x06,0xd8,0x0f,0x00,0x01,0x00,0xba,0x09,0x00,0x00,0x00,0x82,
0x06,0x03,0x00,0x03,0xf2,0x0f,0x00,0x01,0x00,0xf2,0x06,0x00,0x03,0x00,0x10,0x00,
0x01,0x00,0xa8,0x0f,0x06,0x10,0x08,0xc8,0x04,0x6b,0x0f,0x00,0x00,0x00,0x38,0xfa,
0x03,0x00,0x00,0xd7,0xf5,0xcf,0x0e,0xf2,0x2b,0xd0,0x6b,0x27,0x00,0x00,0x00,0x64,
0x00,0x00,0x11,0x04,0xeb,0x03,0x00,0x00,0x0b,0xcc,0x4b,0x34,0x01,0x00,0x00,0x21,
0x02,0x00,0xd1,0xc7,0x04,0x41,0xd2,0x01,0x00,0x00,0xcd,0x24,0x01,0x00,0x0e,0x06,
0x6e,0x28,0x30,0x64,0x00,0x00,0x11,0x04,0x34,0x00,0x00,0x00,0x0b,0xcb,0x4b,0x34,
0x01,0x00,0x00,0x26,0x00,0x00,0x4b,0xde,0x03,0x00,0x00,0x21,0x02,0x00,0xd2,0xc7,
0x04,0x40,0xe6,0x03,0x00,0x00,0xf0,0x0e,0xc7,0x04,0x41,0xd2,0x01,0x00,0x00,0xce,
0x24,0x01,0x00,0x0e,0x29,0xc7,0x04,0x40,0xe7,0x03,0x00,0x00,0x41,0x52,0x01,0x00,
0x00,0xce,0x24,0x01,0x00,0x0e,0x29,0xb4,0x04,0xac,0x15,0x07,0x14,0x2d,0x08,0x1b,
0x32,0x40,0x0b,0x67,0x25,0x25,0x26,0x32,0x09,0xbd,0x1b,0x25,0x26,0x22,0x25,0x3e,
0x30,0x00,0x0c,0x42,0x0b,0x01,0x00,0x00,0x01,0x00,0x02,0x00,0x00,0x00,0x0c,0x01,
0x10,0x00,0x01,0x00,0x08,0xcf,0xcb,0x41,0xea,0x03,0x00,0x00,0x24,0x00,0x00,0x29,
0xb4,0x04,0xbc,0x15,0x07,0x04,0x0d,0x04,0x20,0x0a,0x00,0x0c,0x42,0x0b,0x01,0x00,
0x00,0x02,0x00,0x04,0x00,0x00,0x00,0x3e,0x02,0xcc,0x05,0x00,0x00,0x00,0x10,0x00,
0x01,0x00,0x08,0xd0,0xcc,0x40,0xe6,0x03,0x00,0x00,0xf0,0x02,0x29,0xcc,0x0a,0x42,
0xe6,0x03,0x00,0x00,0xba,0xcf,0xca,0x40,0xe7,0x03,0x00,0x00,0xef,0xa5,0xf0,0x17,
0xcc,0x41,0xd2,0x01,0x00,0x00,0xcc,0x40,0xe7,0x03,0x00,0x00,0xcb,0x46,0x24,0x01,
0x00,0x0e,0x92,0x00,0xf2,0xe1,0xcc,0x26,0x00,0x00,0x42,0xe7,0x03,0x00,0x00,0x29,
0xb4,0x04,0xbf,0x15,0x07,0x0a,0x3b,0x04,0x30,0x28,0x35,0x23,0x20,0x26,0x54,0x29,
0x00,0x0c,0x42,0x0b,0x01,0x00,0x00,0x01,0x00,0x02,0x00,0x00,0x00,0x21,0x01,0x10,
0x00,0x01,0x00,0x08,0xcf,0xcb,0x0a,0x42,0xe5,0x03,0x00,0x00,0xcb,0x07,0x42,0xe2,
0x03,0x00,0x00,0xcb,0x09,0x42,0xe6,0x03,0x00,0x00,0xcb,0x26,0x00,0x00,0x42,0xe7,
0x03,0x00,0x00,0x29,0xb4,0x04,0xc7,0x15,0x07,0x08,0x0d,0x04,0x26,0x00,0x26,0x00,
0x26,0x00,0x00,0x0c,0x42,0x0b,0x01,0x00,0x00,0x02,0x00,0x05,0x00,0x04,0x00,0x7f,
0x02,0xf6,0x0f,0x00,0x00,0x00,0x10,0x00,0x01,0x00,0xfe,0x01,0x0b,0x18,0xa2,0x04,
0x00,0x01,0xaa,0x0f,0x09,0x10,0xa4,0x0f,0x02,0x00,0x08,0xd0,0x2b,0x64,0x00,0x00,
0x11,0xf0,0x06,0xcc,0x1b,0x24,0x00,0x00,0x0e,0xe4,0x41,0xfc,0x03,0x00,0x00,0x24,
0x00,0x00,0xcf,0xcc,0x64,0x02,0x00,0x11,0xcb,0x40,0xfd,0x03,0x00,0x00,0xcb,0x40,
0xfe,0x03,0x00,0x00,0x21,0x02,0x00,0x42,0xff,0x03,0x00,0x00,0xcc,0x64,0x02,0x00,
0x11,0xcb,0x40,0xfe,0x03,0x00,0x00,0xcb,0x40,0xfd,0x03,0x00,0x00,0x21,0x02,0x00,
0x42,0x00,0x04,0x00,0x00,0xcc,0x40,0xff,0x03,0x00,0x00,0xcc,0x40,0x00,0x04,0x00,
0x00,0x42,0xe2,0x03,0x00,0x00,0xcc,0x40,0x00,0x04,0x00,0x00,0xcc,0x40,0xff,0x03,
0x00,0x00,0x42,0xe2,0x03,0x00,0x00,0xe6,0xcc,0x40,0xff,0x03,0x00,0x00,0xf5,0x0e,
0xe6,0xcc,0x40,0x00,0x04,0x00,0x00,0xf5,0x29,0xb4,0x04,0xcf,0x15,0x07,0x16,0x6c,
0x22,0x17,0x1d,0x07,0x24,0x7b,0x23,0x07,0x24,0x7b,0x23,0x58,0x00,0x58,0x00,0x07,
0x1a,0x2b,0x19,0x07,0x1a,0x00,0x0c,0x42,0x0b,0x01,0x00,0x00,0x01,0x00,0x01,0x00,
0x00,0x00,0x09,0x01,0x10,0x00,0x01,0x00,0x08,0xcf,0xcb,0x40,0xff,0x03,0x00,0x00,
0x28,0xb4,0x04,0xd8,0x15,0x0b,0x00,0x00,0x0c,0x42,0x0b,0x01,0x00,0x00,0x01,0x00,
0x01,0x00,0x00,0x00,0x09,0x01,0x10,0x00,0x01,0x00,0x08,0xcf,0xcb,0x40,0x00,0x04,
0x00,0x00,0x28,0xb4,0x04,0xdb,0x15,0x0b,0x00,0x00,0x0c,0x43,0x0a,0x00,0x00,0x01,
0x04,0x01,0x03,0x00,0x01,0x00,0x73,0x05,0x82,0x10,0x00,0x01,0x00,0x84,0x10,0x00,
0x00,0x00,0xbc,0x01,0x00,0x01,0x00,0xde,0x0f,0x00,0x02,0x00,0xe2,0x08,0x00,0x03,
0x00,0xa6,0x0f,0x03,0x00,0xd7,0x95,0x11,0xf1,0x15,0x0e,0xd7,0x96,0x04,0x4d,0x00,
0x00,0x00,0xae,0x11,0xf1,0x09,0x0e,0xd7,0x40,0xf0,0x03,0x00,0x00,0x95,0xf0,0x03,
0x09,0x28,0xd7,0x40,0xf0,0x03,0x00,0x00,0xd3,0xf0,0x13,0xcb,0x96,0x04,0x4d,0x00,
0x00,0x00,0xad,0xf0,0x09,0xcb,0x40,0x5e,0x00,0x00,0x00,0xf2,0x02,0x07,0xd0,0xcb,
0xf0,0x13,0xcb,0x96,0x04,0x4d,0x00,0x00,0x00,0xad,0xf0,0x09,0xcb,0x40,0xef,0x03,
0x00,0x00,0xf2,0x02,0x07,0xd1,0xcc,0xf9,0xf1,0x0b,0xcc,0x06,0xae,0xf0,0x06,0xe3,
0xcc,0xf5,0xf2,0x02,0x07,0xd6,0x95,0xf0,0x03,0x09,0x28,0xce,0x41,0x03,0x04,0x00,
0x00,0xcd,0x24,0x01,0x00,0x0e,0x0a,0x28,0xb4,0x04,0xe3,0x15,0x2c,0x10,0x26,0x13,
0xa4,0x0c,0x76,0x02,0x67,0x17,0x16,0x26,0x1b,0x28,0x3b,0x79,0x20,0x28,0x00,0x0c,
0x43,0x0a,0x00,0x00,0x01,0x02,0x01,0x04,0x00,0x03,0x00,0x98,0x01,0x03,0xbc,0x04,
0x00,0x01,0x00,0xc2,0x08,0x00,0x00,0x00,0x88,0x10,0x00,0x01,0x00,0xaa,0x0f,0x09,
0x10,0xa6,0x0f,0x03,0x00,0xa4,0x0f,0x02,0x00,0xd7,0x95,0x11,0xf1,0x14,0x0e,0xd7,
0x40,0xd8,0x03,0x00,0x00,0xf8,0x11,0xf1,0x09,0x0e,0xd7,0x40,0xd8,0x03,0x00,0x00,
0xf9,0xf0,0x15,0x38,0xdd,0x00,0x00,0x00,0x11,0x04,0x05,0x04,0x00,0x00,0x04,0x07,
0x02,0x00,0x00,0x21,0x02,0x00,0x30,0x64,0x00,0x00,0x11,0xd7,0x40,0xd8,0x03,0x00,
0x00,0xd7,0x40,0xe0,0x03,0x00,0x00,0x21,0x02,0x00,0xd3,0x09,0x42,0xe5,0x03,0x00,
0x00,0xe4,0xd7,0x40,0xe0,0x03,0x00,0x00,0xf5,0xd4,0xf0,0x2b,0xcc,0xcb,0xae,0xf0,
0x26,0xcb,0x04,0xe3,0x03,0x00,0x00,0x42,0xe4,0x03,0x00,0x00,0xca,0x42,0xe2,0x03,
0x00,0x00,0xcc,0x04,0xe3,0x03,0x00,0x00,0x42,0xe4,0x03,0x00,0x00,0xcc,0xcb,0x42,
0xe2,0x03,0x00,0x00,0xf2,0x16,0xcb,0xd7,0x40,0x06,0x04,0x00,0x00,0x11,0xf1,0x07,
0x0e,0x04,0x07,0x04,0x00,0x00,0x42,0xe4,0x03,0x00,0x00,0xe5,0xcb,0xf5,0x0e,0xcb,
0x28,0xb4,0x04,0xed,0x15,0x29,0x1c,0x3f,0x11,0x39,0x2c,0x12,0x45,0x68,0x00,0x62,
0x17,0x2b,0x2c,0x3a,0x01,0x17,0x25,0x3a,0x00,0x21,0x00,0x3a,0x00,0x31,0x00,0x6d,
0x03,0x07,0x1a,0x00,0xc5,0x00,0xd1,0xc5,0x01,0xd2,0x60,0x0c,0x00,0x60,0x09,0x00,
0x60,0x06,0x00,0x38,0x95,0x00,0x00,0x00,0x40,0xd4,0x01,0x00,0x00,0xfb,0xf1,0x10,
0x38,0xa0,0x00,0x00,0x00,0x11,0x04,0x08,0x04,0x00,0x00,0x21,0x01,0x00,0x30,0x38,
0xbf,0x00,0x00,0x00,0x11,0x21,0x00,0x00,0xcf,0xd7,0x40,0x09,0x04,0x00,0x00,0xfb,
0xd0,0x60,0x04,0x00,0x38,0xd3,0x01,0x00,0x00,0x60,0x05,0x00,0xc4,0x02,0x55,0xd4,
0x03,0x00,0x00,0x01,0xc5,0x03,0x53,0x34,0x01,0x00,0x00,0x01,0xc5,0x04,0x53,0x6b,
0x02,0x00,0x00,0x01,0xc5,0x05,0x53,0xdb,0x03,0x00,0x00,0x01,0xc5,0x06,0x53,0x74,
0x00,0x00,0x00,0x01,0xc5,0x07,0x53,0xde,0x03,0x00,0x00,0x01,0x06,0xc8,0x05,0x0e,
0xc9,0x04,0x67,0x05,0x00,0xc8,0x06,0x60,0x07,0x00,0x38,0xd4,0x01,0x00,0x00,0x60,
0x08,0x00,0xc4,0x08,0x55,0xd5,0x03,0x00,0x00,0x01,0xc5,0x09,0x53,0x0a,0x04,0x00,
0x00,0x01,0xc5,0x0a,0x53,0x0a,0x04,0x00,0x00,0x02,0xc5,0x0b,0x53,0x0b,0x04,0x00,
0x00,0x01,0xc5,0x0c,0x53,0x0b,0x04,0x00,0x00,0x02,0xc5,0x0d,0x53,0xf8,0x03,0x00,
0x00,0x00,0xc5,0x0e,0x53,0xf1,0x03,0x00,0x00,0x00,0xc5,0x0f,0x53,0x03,0x04,0x00,
0x00,0x00,0xc5,0x10,0x53,0x27,0x01,0x00,0x00,0x00,0xc5,0x11,0x53,0xea,0x03,0x00,
0x00,0x00,0xc5,0x12,0x53,0x61,0x02,0x00,0x00,0x00,0x06,0xc8,0x08,0x0e,0xc9,0x07,
0x67,0x08,0x00,0xc8,0x09,0x60,0x0a,0x00,0x06,0x60,0x0b,0x00,0xc4,0x13,0x55,0xd6,
0x03,0x00,0x00,0x00,0xc5,0x14,0x53,0x0c,0x04,0x00,0x00,0x01,0xc5,0x15,0x53,0x0d,
0x04,0x00,0x00,0x01,0x06,0xc8,0x0b,0x0e,0xc9,0x0a,0x67,0x0b,0x00,0xc8,0x0c,0x38,
0x95,0x00,0x00,0x00,0x61,0x0c,0x00,0x42,0xd6,0x03,0x00,0x00,0x38,0x95,0x00,0x00,
0x00,0x61,0x09,0x00,0x42,0x0e,0x04,0x00,0x00,0x38,0x95,0x00,0x00,0x00,0x61,0x06,
0x00,0x42,0x0f,0x04,0x00,0x00,0x38,0x95,0x00,0x00,0x00,0xce,0x42,0x10,0x04,0x00,
0x00,0x38,0x95,0x00,0x00,0x00,0xc5,0x16,0x42,0x11,0x04,0x00,0x00,0x38,0x95,0x00,
0x00,0x00,0xc5,0x17,0x42,0x12,0x04,0x00,0x00,0x29,0xb4,0x04,0xba,0x14,0x03,0x1a,
0x80,0x50,0x12,0x33,0x4f,0x36,0x53,0x08,0x00,0xe0,0x01,0xc0,0x02,0x55,0x44,0x00,
0x44,0x00,0x44,0x00,0x3a,0x00,0x00,0x0c,0x14,0x00,0x00,0x0c,0x43,0x0a,0x00,0x84,
0x04,0x00,0x04,0x00,0x03,0x02,0x00,0x06,0x5e,0x04,0xa6,0x10,0x00,0x00,0x40,0x01,
0xa8,0x10,0x02,0x04,0x30,0xfe,0x01,0x03,0x02,0x70,0x00,0xa8,0x10,0x01,0x00,0x20,
0x0c,0xc6,0x0b,0x01,0x00,0x01,0x03,0x01,0x05,0x00,0x02,0x00,0x8b,0x01,0x04,0x74,
0x00,0x01,0x00,0xf6,0x01,0x00,0x01,0x00,0xf4,0x01,0x00,0x01,0x00,0x10,0x00,0x01,
0x20,0xfe,0x01,0x02,0x18,0xa6,0x10,0x00,0x00,0x0c,0x02,0xcf,0x0c,0x03,0xd0,0x60,
0x02,0x00,0x2b,0xcb,0x35,0xcc,0x21,0x00,0x00,0x11,0x63,0x02,0x00,0x64,0x00,0x00,
0x11,0xf0,0x08,0x61,0x02,0x00,0x1b,0x24,0x00,0x00,0x0e,0x0e,0xd7,0x96,0x04,0x4c,
0x00,0x00,0x00,0xae,0xf0,0x09,0x38,0xa2,0x00,0x00,0x00,0xd7,0xf5,0xdb,0x61,0x02,
0x00,0xd7,0x42,0x15,0x04,0x00,0x00,0x61,0x02,0x00,0x09,0x42,0x16,0x04,0x00,0x00,
0x61,0x02,0x00,0x07,0x42,0xe8,0x03,0x00,0x00,0xe4,0x41,0x6b,0x00,0x00,0x00,0xd7,
0x24,0x01,0x00,0x95,0xf0,0x15,0xe4,0x41,0x46,0x00,0x00,0x00,0xd7,0x38,0xc0,0x00,
0x00,0x00,0x11,0x21,0x00,0x00,0x24,0x02,0x00,0x0e,0xe4,0x41,0x45,0x00,0x00,0x00,
0xd7,0x24,0x01,0x00,0x41,0x70,0x00,0x00,0x00,0x61,0x02,0x00,0x24,0x01,0x00,0x0e,
0x61,0x02,0x00,0x28,0xb4,0x04,0x85,0x16,0x07,0x1c,0x35,0x04,0x85,0x28,0x2f,0x14,
0x1b,0x1c,0x12,0x57,0x30,0x00,0x30,0x00,0x4e,0x24,0x25,0x0e,0x20,0x1a,0x07,0x34,
0x44,0x7f,0x20,0x1a,0x2f,0x14,0x00,0x0c,0x42,0x0b,0x01,0x00,0x00,0x01,0x00,0x01,
0x00,0x00,0x00,0x09,0x01,0x10,0x00,0x01,0x00,0x08,0xcf,0xcb,0x40,0x15,0x04,0x00,
0x00,0x28,0xb4,0x04,0x8e,0x16,0x0b,0x00,0x00,0x0c,0x42,0x0b,0x01,0x00,0x00,0x01,
0x00,0x01,0x00,0x00,0x00,0x09,0x01,0x10,0x00,0x01,0x00,0x08,0xcf,0xcb,0x40,0xe8,
0x03,0x00,0x00,0x28,0xb4,0x04,0x91,0x16,0x0b,0x00,0x00,0x0c,0x42,0x0b,0x01,0x00,
0x01,0x01,0x01,0x04,0x00,0x00,0x00,0x3b,0x02,0xcc,0x07,0x00,0x01,0x00,0x10,0x00,
0x01,0x00,0x08,0xcf,0xcb,0x40,0xe8,0x03,0x00,0x00,0xf0,0x16,0xcb,0x41,0xd1,0x01,
0x00,0x00,0x04,0x34,0x00,0x00,0x00,0xcb,0x40,0xe8,0x03,0x00,0x00,0x24,0x02,0x00,
0x0e,0xcb,0xd7,0x42,0xe8,0x03,0x00,0x00,0xd7,0xfb,0xf0,0x11,0xcb,0x41,0xd0,0x01,
0x00,0x00,0x04,0x34,0x00,0x00,0x00,0xd7,0x24,0x02,0x00,0x0e,0x29,0xb4,0x04,0x94,
0x16,0x0b,0x0c,0x35,0x26,0x20,0x0a,0x4e,0x33,0x2b,0x24,0x11,0x18,0x20,0x0a,0x00,
0x0c,0x42,0x0b,0x01,0x00,0x01,0x04,0x01,0x04,0x01,0x01,0x01,0x53,0x05,0x68,0x00,
0x01,0x00,0xae,0x10,0x00,0x00,0x00,0xe8,0x04,0x00,0x01,0x40,0x00,0xb0,0x04,0x05,
0x00,0x03,0x10,0x00,0x01,0x00,0xa6,0x10,0x00,0x00,0x0c,0x43,0x0a,0x01,0x00,0x01,
0x01,0x01,0x07,0x00,0x01,0x00,0x30,0x02,0x88,0x10,0x00,0x01,0x00,0x10,0x00,0x01,
0x00,0xe8,0x04,0x01,0x00,0x08,0xcf,0xd7,0xcb,0xae,0xf0,0x29,0xd7,0x40,0x16,0x04,
0x00,0x00,0x95,0xf0,0x20,0xd7,0x41,0xd2,0x01,0x00,0x00,0x38,0x0f,0x04,0x00,0x00,
0x11,0x04,0x34,0x00,0x00,0x00,0x0b,0xe3,0x4b,0x34,0x01,0x00,0x00,0x21,0x02,0x00,
0x24,0x01,0x00,0x0e,0x29,0xb4,0x04,0xa3,0x16,0x17,0x06,0x12,0x02,0x44,0x15,0x20,
0x2e,0x00,0x08,0xd2,0xce,0x40,0x16,0x04,0x00,0x00,0xf0,0x02,0x29,0xe3,0x41,0x45,
0x00,0x00,0x00,0xce,0x40,0x15,0x04,0x00,0x00,0x24,0x01,0x00,0xd3,0x95,0xf0,0x02,
0x29,0x6b,0x1a,0x00,0x00,0x00,0x37,0xf7,0x03,0x00,0x00,0xfb,0xf0,0x0a,0x38,0xf7,
0x03,0x00,0x00,0xd7,0xf5,0xf2,0x02,0xd7,0xd0,0x0e,0xf2,0x0d,0xd1,0x6b,0x09,0x00,
0x00,0x00,0xd7,0xd0,0x0e,0xf2,0x02,0x30,0xcb,0x41,0x56,0x01,0x00,0x00,0xc5,0x00,
0xce,0x24,0x02,0x00,0x29,0xb4,0x04,0x99,0x16,0x07,0x10,0x59,0x36,0x00,0x13,0x08,
0x2d,0x1b,0x44,0x2a,0x3a,0x4f,0x7d,0x22,0x03,0x20,0x1c,0x00,0x0c,0x42,0x0b,0x01,
0x00,0x00,0x02,0x00,0x04,0x00,0x01,0x00,0x6e,0x02,0xae,0x10,0x00,0x00,0x00,0x10,
0x00,0x01,0x00,0xa6,0x10,0x00,0x00,0x08,0xd0,0xcc,0x40,0x16,0x04,0x00,0x00,0xf0,
0x02,0x29,0xcc,0x0a,0x42,0x16,0x04,0x00,0x00,0xe3,0x41,0x45,0x00,0x00,0x00,0xcc,
0x40,0x15,0x04,0x00,0x00,0x24,0x01,0x00,0xd3,0xf0,0x26,0xcb,0x41,0x09,0x00,0x00,
0x00,0xcc,0x24,0x01,0x00,0x0e,0xcb,0x40,0x32,0x00,0x00,0x00,0xba,0xad,0xf0,0x11,
0xe3,0x41,0x09,0x00,0x00,0x00,0xcc,0x40,0x15,0x04,0x00,0x00,0x24,0x01,0x00,0x0e,
0xcc,0x40,0xe8,0x03,0x00,0x00,0xf0,0x1d,0xcc,0x41,0xd1,0x01,0x00,0x00,0x04,0x34,
0x00,0x00,0x00,0xcc,0x40,0xe8,0x03,0x00,0x00,0x24,0x02,0x00,0x0e,0xcc,0x07,0x42,
0xe8,0x03,0x00,0x00,0x29,0xb4,0x04,0xa9,0x16,0x07,0x14,0x3b,0x04,0x44,0x32,0x40,
0x2d,0x20,0x1a,0x3a,0x0c,0x16,0x06,0x20,0x20,0x5f,0x4b,0x20,0x0a,0x4e,0x09,0x00,
0x60,0x03,0x00,0x38,0xbf,0x00,0x00,0x00,0x11,0x21,0x00,0x00,0xcf,0x60,0x01,0x00,
0x38,0xd4,0x01,0x00,0x00,0x60,0x02,0x00,0xc4,0x00,0x55,0x14,0x04,0x00,0x00,0x01,
0xc5,0x01,0x53,0x3a,0x00,0x00,0x00,0x01,0xc5,0x02,0x53,0x0a,0x04,0x00,0x00,0x01,
0xc5,0x03,0x53,0x0a,0x04,0x00,0x00,0x02,0xc5,0x04,0x53,0xf1,0x03,0x00,0x00,0x00,
0xc5,0x05,0x53,0x61,0x02,0x00,0x00,0x00,0x06,0xd1,0x0e,0xd4,0x67,0x02,0x00,0xd2,
0x38,0x95,0x00,0x00,0x00,0x61,0x03,0x00,0x42,0x14,0x04,0x00,0x00,0x29,0xb4,0x04,
0x82,0x16,0x03,0x06,0x12,0x4a,0x00,0x4d,0x68,0x45,0x00,0x0c,0x43,0x0a,0x00,0x86,
0x04,0x00,0x07,0x00,0x03,0x04,0x00,0x0c,0xae,0x01,0x07,0xb0,0x10,0x00,0x00,0x40,
0x01,0xb2,0x10,0x02,0x07,0x30,0xfe,0x01,0x03,0x02,0x70,0x00,0xb2,0x10,0x01,0x00,
0x60,0x03,0xb4,0x10,0x04,0x07,0x30,0xfe,0x01,0x05,0x05,0x70,0x02,0xb4,0x10,0x01,
0x04,0x20,0x0c,0x43,0x0a,0x00,0xb0,0x10,0x01,0x00,0x01,0x02,0x00,0x00,0x00,0x25,
0x01,0xde,0x0b,0x00,0x01,0x00,0xd7,0x96,0x04,0x4c,0x00,0x00,0x00,0xad,0xf0,0x03,
0xd7,0x28,0xd7,0x38,0x59,0x03,0x00,0x00,0xa9,0xf0,0x08,0xd7,0x40,0x28,0x02,0x00,
0x00,0x28,0x38,0xa2,0x00,0x00,0x00,0xd7,0x23,0x01,0x00,0xb4,0x04,0xbc,0x16,0x05,
0x06,0x08,0x32,0x3f,0x00,0x67,0x11,0x00,0x0c,0x42,0x0b,0x01,0x00,0x01,0x01,0x01,
0x03,0x00,0x01,0x00,0x26,0x02,0x74,0x00,0x01,0x00,0x10,0x00,0x01,0x00,0xfe,0x01,
0x02,0x18,0x08,0xcf,0x2b,0x64,0x00,0x00,0x11,0xf0,0x06,0xcb,0x1b,0x24,0x00,0x00,
0x0e,0xcb,0xd7,0x42,0x15,0x04,0x00,0x00,0xcb,0x38,0xbf,0x00,0x00,0x00,0x11,0x21,
0x00,0x00,0x42,0xaf,0x02,0x00,0x00,0x29,0xb4,0x04,0xc2,0x16,0x07,0x06,0x4e,0x04,
0x26,0x00,0x07,0x40,0x00,0x0c,0x42,0x0b,0x01,0x00,0x02,0x02,0x02,0x05,0x00,0x01,
0x00,0x49,0x04,0xde,0x0b,0x00,0x01,0x00,0xd2,0x0b,0x00,0x01,0x00,0xe8,0x06,0x00,
0x00,0x00,0x10,0x00,0x01,0x00,0xb0,0x10,0x00,0x00,0x08,0xd0,0xd8,0x38,0x5a,0x03,
0x00,0x00,0xa9,0x95,0xf0,0x1c,0x38,0xce,0x00,0x00,0x00,0x41,0x8b,0x00,0x00,0x00,
0x38,0xda,0x00,0x00,0x00,0x11,0x04,0x1b,0x04,0x00,0x00,0x21,0x01,0x00,0x25,0x01,
0x00,0xe3,0xd7,0xf5,0xcf,0xcc,0x40,0xaf,0x02,0x00,0x00,0x41,0x46,0x00,0x00,0x00,
0xcb,0xd8,0x24,0x02,0x00,0x0e,0x38,0xce,0x00,0x00,0x00,0x41,0x8a,0x00,0x00,0x00,
0x25,0x00,0x00,0xb4,0x04,0xc6,0x16,0x07,0x0c,0x12,0x38,0x62,0x04,0x5e,0x15,0x12,
0x21,0x39,0x1c,0x53,0x02,0x00,0x0c,0x42,0x0b,0x01,0x00,0x01,0x03,0x01,0x04,0x00,
0x01,0x00,0x32,0x04,0xde,0x0b,0x00,0x01,0x00,0xe8,0x06,0x00,0x00,0x00,0xe6,0x05,
0x00,0x01,0x00,0x10,0x00,0x01,0x00,0xb0,0x10,0x00,0x00,0x08,0xd1,0xe3,0xd7,0xf5,
0xcf,0xcd,0x40,0xaf,0x02,0x00,0x00,0x41,0x45,0x00,0x00,0x00,0xcb,0x24,0x01,0x00,
0xd0,0x38,0xce,0x00,0x00,0x00,0x41,0x8a,0x00,0x00,0x00,0xcc,0xf0,0x0c,0xcc,0x41,
0x56,0x03,0x00,0x00,0x24,0x00,0x00,0xf2,0x02,0x06,0x25,0x01,0x00,0xb4,0x04,0xce,
0x16,0x07,0x08,0x12,0x26,0x49,0x0a,0x4e,0x02,0x2f,0x0c,0x00,0x0c,0x42,0x0b,0x01,
0x00,0x01,0x03,0x01,0x03,0x02,0x01,0x01,0x2f,0x04,0xde,0x0b,0x00,0x01,0x00,0xe8,
0x06,0x00,0x00,0x40,0x00,0xb8,0x10,0x00,0x01,0x40,0x01,0x10,0x00,0x01,0x00,0xb0,
0x10,0x00,0x00,0x0c,0x43,0x0a,0x01,0x00,0x02,0x00,0x02,0x04,0x00,0x02,0x00,0x1f,
0x02,0xba,0x09,0x00,0x01,0x00,0xd0,0x0e,0x00,0x01,0x00,0xe8,0x06,0x00,0x00,0xb8,
0x10,0x01,0x00,0xe3,0x95,0x11,0xf1,0x05,0x0e,0xd8,0xe3,0xad,0xf0,0x14,0xe4,0x41,
0x52,0x01,0x00,0x00,0xd7,0x41,0x56,0x03,0x00,0x00,0x24,0x00,0x00,0x24,0x01,0x00,
0x0e,0x29,0xb4,0x04,0xd6,0x16,0x1b,0x08,0x26,0x04,0x16,0x0a,0x20,0x1a,0x20,0x04,
0x00,0x08,0xd1,0xd7,0xf0,0x06,0xe3,0xd7,0xf5,0xf2,0x02,0x07,0xcf,0x26,0x00,0x00,
0xd0,0xcd,0x40,0xaf,0x02,0x00,0x00,0x41,0x56,0x01,0x00,0x00,0xc5,0x00,0x24,0x01,
0x00,0x0e,0x38,0xce,0x00,0x00,0x00,0x41,0x8a,0x00,0x00,0x00,0xcc,0x25,0x01,0x00,
0xb4,0x04,0xd3,0x16,0x07,0x08,0x21,0x3a,0x36,0x35,0x39,0x24,0x55,0x0a,0x00,0x0c,
0x42,0x0b,0x01,0x00,0x01,0x02,0x01,0x05,0x00,0x01,0x00,0x22,0x03,0xde,0x0b,0x00,
0x01,0x00,0xe8,0x06,0x00,0x00,0x00,0x10,0x00,0x01,0x00,0xb0,0x10,0x00,0x00,0x08,
0xd0,0xe3,0xd7,0xf5,0xcf,0x38,0xce,0x00,0x00,0x00,0x41,0x8a,0x00,0x00,0x00,0xcc,
0x40,0xaf,0x02,0x00,0x00,0x41,0x09,0x00,0x00,0x00,0xcb,0x24,0x01,0x00,0x25,0x01,
0x00,0xb4,0x04,0xdb,0x16,0x07,0x06,0x12,0x26,0x44,0x0c,0x39,0x22,0x00,0x0c,0x42,
0x0b,0x01,0x00,0x01,0x03,0x01,0x03,0x02,0x01,0x01,0x2f,0x04,0xde,0x0b,0x00,0x01,
0x00,0xe8,0x06,0x00,0x00,0x40,0x00,0xb8,0x10,0x00,0x01,0x40,0x01,0x10,0x00,0x01,
0x00,0xb0,0x10,0x00,0x00,0x0c,0x43,0x0a,0x01,0x00,0x02,0x00,0x02,0x03,0x00,0x02,
0x00,0x17,0x02,0xba,0x09,0x00,0x01,0x00,0xd0,0x0e,0x00,0x01,0x00,0xe8,0x06,0x00,
0x00,0xb8,0x10,0x01,0x00,0xe3,0x95,0x11,0xf1,0x05,0x0e,0xd8,0xe3,0xad,0xf0,0x0c,
0xe4,0x41,0x52,0x01,0x00,0x00,0xd8,0x24,0x01,0x00,0x0e,0x29,0xb4,0x04,0xe2,0x16,
0x1b,0x06,0x26,0x04,0x16,0x0a,0x20,0x1a,0x00,0x08,0xd1,0xd7,0xf0,0x06,0xe3,0xd7,
0xf5,0xf2,0x02,0x07,0xcf,0x26,0x00,0x00,0xd0,0xcd,0x40,0xaf,0x02,0x00,0x00,0x41,
0x56,0x01,0x00,0x00,0xc5,0x00,0x24,0x01,0x00,0x0e,0x38,0xce,0x00,0x00,0x00,0x41,
0x8a,0x00,0x00,0x00,0xcc,0x25,0x01,0x00,0xb4,0x04,0xdf,0x16,0x07,0x08,0x21,0x3a,
0x36,0x35,0x39,0x24,0x55,0x0a,0x00,0x0c,0x42,0x0b,0x01,0x00,0x00,0x01,0x00,0x03,
0x00,0x01,0x00,0x1f,0x01,0x10,0x00,0x01,0x00,0xfe,0x01,0x05,0x18,0x08,0xcf,0x2b,
0x64,0x00,0x00,0x11,0xf0,0x06,0xcb,0x1b,0x24,0x00,0x00,0x0e,0xcb,0x38,0xbf,0x00,
0x00,0x00,0x11,0x21,0x00,0x00,0x42,0x1d,0x04,0x00,0x00,0x29,0xb4,0x04,0xe9,0x16,
0x07,0x04,0x4e,0x04,0x07,0x46,0x00,0x0c,0x42,0x0b,0x01,0x00,0x01,0x01,0x01,0x06,
0x00,0x01,0x00,0x48,0x02,0x74,0x00,0x01,0x00,0x10,0x00,0x01,0x00,0xb2,0x10,0x03,
0x10,0x08,0xcf,0xcb,0x40,0x1d,0x04,0x00,0x00,0x41,0x6b,0x00,0x00,0x00,0xd7,0x24,
0x01,0x00,0x95,0xf0,0x19,0xcb,0x40,0x1d,0x04,0x00,0x00,0x41,0x46,0x00,0x00,0x00,
0xd7,0x64,0x00,0x00,0x11,0xd7,0x21,0x01,0x00,0x24,0x02,0x00,0x0e,0x38,0xce,0x00,
0x00,0x00,0x41,0x8a,0x00,0x00,0x00,0xcb,0x40,0x1d,0x04,0x00,0x00,0x41,0x45,0x00,
0x00,0x00,0xd7,0x24,0x01,0x00,0x25,0x01,0x00,0xb4,0x04,0xec,0x16,0x07,0x0c,0x44,
0x30,0x26,0x27,0x39,0x22,0x07,0x14,0x72,0x0b,0x39,0x22,0x00,0x0c,0x42,0x0b,0x01,
0x00,0x01,0x01,0x01,0x05,0x00,0x00,0x00,0x1e,0x02,0x74,0x00,0x01,0x00,0x10,0x00,
0x01,0x00,0x08,0xcf,0x38,0xce,0x00,0x00,0x00,0x41,0x8a,0x00,0x00,0x00,0xcb,0x40,
0x1d,0x04,0x00,0x00,0x41,0x6b,0x00,0x00,0x00,0xd7,0x24,0x01,0x00,0x25,0x01,0x00,
0xb4,0x04,0xf2,0x16,0x07,0x04,0x3f,0x32,0x39,0x22,0x00,0x0c,0x42,0x0b,0x01,0x00,
0x01,0x01,0x01,0x05,0x00,0x00,0x00,0x1e,0x02,0x74,0x00,0x01,0x00,0x10,0x00,0x01,
0x00,0x08,0xcf,0x38,0xce,0x00,0x00,0x00,0x41,0x8a,0x00,0x00,0x00,0xcb,0x40,0x1d,
0x04,0x00,0x00,0x41,0x09,0x00,0x00,0x00,0xd7,0x24,0x01,0x00,0x25,0x01,0x00,0xb4,
0x04,0xf5,0x16,0x07,0x04,0x3f,0x32,0x39,0x28,0x00,0x0c,0x42,0x0b,0x01,0x00,0x00,
0x01,0x00,0x06,0x00,0x00,0x00,0x2a,0x01,0x10,0x00,0x01,0x00,0x08,0xcf,0x38,0xce,
0x00,0x00,0x00,0x41,0x8a,0x00,0x00,0x00,0x38,0x9f,0x00,0x00,0x00,0x41,0x83,0x00,
0x00,0x00,0xcb,0x40,0x1d,0x04,0x00,0x00,0x41,0x31,0x00,0x00,0x00,0x24,0x00,0x00,
0x24,0x01,0x00,0x25,0x01,0x00,0xb4,0x04,0xf8,0x16,0x07,0x06,0x3f,0x32,0x34,0x16,
0x39,0x1a,0x00,0xc5,0x00,0xcf,0x60,0x06,0x00,0x60,0x03,0x00,0x60,0x01,0x00,0x06,
0x60,0x02,0x00,0xc4,0x01,0x55,0x19,0x04,0x00,0x00,0x00,0xc5,0x02,0x53,0x1e,0x04,
0x00,0x00,0x00,0xc5,0x03,0x53,0x2c,0x02,0x00,0x00,0x00,0xc5,0x04,0x53,0x1f,0x04,
0x00,0x00,0x00,0xc5,0x05,0x53,0x09,0x00,0x00,0x00,0x00,0xc5,0x06,0x53,0x31,0x00,
0x00,0x00,0x00,0x06,0xd1,0x0e,0xd4,0x67,0x02,0x00,0xd2,0x60,0x04,0x00,0x06,0x60,
0x05,0x00,0xc4,0x07,0x55,0x1a,0x04,0x00,0x00,0x00,0xc5,0x08,0x53,0x20,0x04,0x00,
0x00,0x00,0xc5,0x09,0x53,0x6b,0x00,0x00,0x00,0x00,0xc5,0x0a,0x53,0x09,0x00,0x00,
0x00,0x00,0xc5,0x0b,0x53,0x31,0x00,0x00,0x00,0x00,0x06,0xc8,0x05,0x0e,0xc9,0x04,
0x67,0x05,0x00,0xc8,0x06,0x38,0x95,0x00,0x00,0x00,0x61,0x03,0x00,0x42,0x19,0x04,
0x00,0x00,0x38,0x95,0x00,0x00,0x00,0x61,0x06,0x00,0x42,0x1a,0x04,0x00,0x00,0x38,
0x95,0x00,0x00,0x00,0x61,0x06,0x00,0x11,0x21,0x00,0x00,0x42,0x21,0x04,0x00,0x00,
0x29,0xb4,0x04,0xbb,0x16,0x03,0x0c,0x00,0x82,0x01,0x82,0x01,0x04,0x44,0x00,0x44,
0x00,0x1b,0x30,0x00,0x0c,0x43,0x0a,0x00,0x88,0x04,0x01,0x04,0x01,0x03,0x03,0x00,
0x15,0xd1,0x01,0x05,0xa2,0x04,0x00,0x01,0x40,0x02,0xc4,0x10,0x00,0x00,0x40,0x01,
0xc6,0x10,0x03,0x04,0x30,0xfe,0x01,0x04,0x02,0x70,0x00,0xc6,0x10,0x01,0x00,0x20,
0x0c,0x43,0x0a,0x00,0xc4,0x10,0x01,0x05,0x01,0x05,0x00,0x00,0x02,0x93,0x01,0x06,
0xd0,0x08,0x00,0x01,0x00,0xba,0x0a,0x00,0x00,0x00,0xc8,0x10,0x00,0x01,0x00,0xca,
0x10,0x00,0x02,0x00,0xcc,0x10,0x00,0x03,0x00,0xce,0x10,0x00,0x04,0x00,0x07,0x44,
0x5e,0x28,0x5b,0x61,0x2d,0x7a,0x5d,0x5b,0x61,0x2d,0x7a,0x30,0x2d,0x39,0x2b,0x2e,
0x2d,0x5d,0x2a,0x29,0x3a,0x5c,0x2f,0x5c,0x2f,0x28,0x5b,0x5e,0x2f,0x3f,0x23,0x5d,
0x2a,0x29,0x07,0xf0,0x01,0x02,0x00,0x03,0x00,0x70,0x00,0x00,0x00,0x09,0x06,0x00,
0x00,0x00,0x05,0x08,0xf5,0xff,0xff,0xff,0x0c,0x00,0x06,0x0c,0x01,0x16,0x01,0x00,
0x41,0x00,0x5a,0x00,0x1d,0x14,0x00,0x00,0x00,0x00,0x00,0x00,0x00,0xff,0xff,0xff,
0x7f,0x01,0x00,0x00,0x00,0x16,0x04,0x00,0x2b,0x00,0x2b,0x00,0x2d,0x00,0x2e,0x00,
0x30,0x00,0x39,0x00,0x41,0x00,0x5a,0x00,0x0b,0x0d,0x01,0x01,0x3a,0x01,0x2f,0x01,
0x2f,0x0c,0x02,0x1d,0x14,0x00,0x00,0x00,0x00,0x00,0x00,0x00,0xff,0xff,0xff,0x7f,
0x01,0x00,0x00,0x00,0x16,0x04,0x00,0x00,0x00,0x22,0x00,0x24,0x00,0x2e,0x00,0x30,
0x00,0x3e,0x00,0x40,0x00,0xff,0xff,0x0b,0x0d,0x02,0x0d,0x00,0x0b,0xc4,0x00,0xc4,
0x01,0x34,0x41,0x90,0x00,0x00,0x00,0xd7,0x24,0x01,0x00,0xd3,0x95,0xf0,0x07,0x04,
0x01,0x00,0x00,0x00,0x28,0xcb,0xbb,0x46,0x41,0x46,0x02,0x00,0x00,0x24,0x00,0x00,
0xd0,0xcb,0xbc,0x46,0xd1,0xcc,0x04,0x42,0x02,0x00,0x00,0xad,0xf0,0x06,0xc3,0xbb,
0x01,0xf2,0x0f,0xcc,0x04,0x41,0x02,0x00,0x00,0xad,0xf0,0x05,0xc2,0x50,0xf2,0x02,
0x07,0xd2,0xcd,0x41,0x50,0x02,0x00,0x00,0x04,0x5b,0x02,0x00,0x00,0x24,0x01,0x00,
0xc9,0x04,0xba,0xa8,0xf0,0x31,0xce,0xf9,0xf1,0x2d,0xcd,0x41,0xc3,0x01,0x00,0x00,
0xc7,0x04,0xbb,0x9c,0x24,0x01,0x00,0x38,0xa2,0x00,0x00,0x00,0xce,0xf5,0xad,0xf0,
0x16,0xcc,0x04,0x28,0x04,0x00,0x00,0x9c,0xcd,0x41,0xc3,0x01,0x00,0x00,0xba,0xc7,
0x04,0x24,0x02,0x00,0x9c,0x28,0xcc,0x04,0x28,0x04,0x00,0x00,0x9c,0xcd,0x9c,0x28,
0xb4,0x04,0x84,0x17,0x05,0x20,0x35,0x6a,0x72,0x41,0x31,0x16,0x48,0x36,0x67,0x45,
0x35,0x0f,0x1b,0x2a,0x2f,0x2e,0x0c,0x10,0x1b,0x0e,0x1b,0x0e,0x21,0x79,0x20,0x10,
0x20,0x12,0x31,0x25,0x20,0x10,0x00,0x0c,0xc6,0x0b,0x01,0x00,0x02,0x03,0x02,0x04,
0x00,0x02,0x02,0xf8,0x01,0x05,0xd0,0x08,0x00,0x01,0x00,0xd2,0x10,0x00,0x01,0x00,
0xf6,0x01,0x00,0x01,0x00,0xf4,0x01,0x00,0x01,0x00,0x10,0x00,0x01,0x20,0xfe,0x01,
0x02,0x18,0xc4,0x10,0x00,0x00,0x07,0x18,0x5e,0x68,0x74,0x74,0x70,0x73,0x3f,0x3a,
0x5c,0x2f,0x5c,0x2f,0x07,0x76,0x02,0x00,0x01,0x00,0x33,0x00,0x00,0x00,0x09,0x06,
0x00,0x00,0x00,0x05,0x08,0xf5,0xff,0xff,0xff,0x0c,0x00,0x06,0x01,0x48,0x01,0x54,
0x01,0x54,0x01,0x50,0x1d,0x03,0x00,0x00,0x00,0x00,0x00,0x00,0x00,0x01,0x00,0x00,
0x00,0x01,0x00,0x00,0x00,0x01,0x53,0x0b,0x01,0x3a,0x01,0x2f,0x01,0x2f,0x0d,0x00,
0x0b,0x0c,0x02,0xcf,0x0c,0x03,0xd0,0x60,0x02,0x00,0x2b,0xcb,0x35,0xcc,0x21,0x00,
0x00,0x11,0x63,0x02,0x00,0x64,0x00,0x00,0x11,0xf0,0x08,0x61,0x02,0x00,0x1b,0x24,
0x00,0x00,0x0e,0x0e,0x38,0xa2,0x00,0x00,0x00,0xd7,0xf5,0xdb,0xc4,0x00,0xc4,0x01,
0x34,0x41,0x84,0x02,0x00,0x00,0xd7,0x24,0x01,0x00,0x95,0xf0,0x1d,0x38,0xdd,0x00,
0x00,0x00,0x11,0x04,0x2a,0x04,0x00,0x00,0xd7,0x9c,0x04,0x2b,0x04,0x00,0x00,0x9c,
0x04,0xd9,0x00,0x00,0x00,0x21,0x02,0x00,0x30,0x61,0x02,0x00,0xd7,0x42,0x0d,0x02,
0x00,0x00,0x61,0x02,0x00,0xd8,0x11,0xf0,0x08,0x0e,0xd8,0x40,0x2c,0x04,0x00,0x00,
0x95,0x95,0x42,0x2d,0x04,0x00,0x00,0x61,0x02,0x00,0xc3,0xb8,0x0b,0x42,0x2e,0x04,
0x00,0x00,0x61,0x02,0x00,0xc6,0x42,0xdc,0x03,0x00,0x00,0x61,0x02,0x00,0xc6,0x42,
0x2f,0x04,0x00,0x00,0x61,0x02,0x00,0x26,0x00,0x00,0x42,0x30,0x04,0x00,0x00,0x61,
0x02,0x00,0xc6,0x42,0x31,0x04,0x00,0x00,0x61,0x02,0x00,0xba,0x42,0x32,0x04,0x00,
0x00,0x61,0x02,0x00,0x09,0x42,0x16,0x04,0x00,0x00,0x61,0x02,0x00,0xc6,0x42,0x51,
0x01,0x00,0x00,0x61,0x02,0x00,0xe4,0xd7,0xf5,0x42,0xda,0x03,0x00,0x00,0x61,0x02,
0x00,0x07,0x42,0x33,0x04,0x00,0x00,0x61,0x02,0x00,0x07,0x42,0xe8,0x03,0x00,0x00,
0x61,0x02,0x00,0x07,0x42,0x34,0x04,0x00,0x00,0x61,0x02,0x00,0x41,0x35,0x04,0x00,
0x00,0x24,0x00,0x00,0x0e,0x61,0x02,0x00,0x28,0xb4,0x04,0x91,0x17,0x07,0x30,0x35,
0x04,0x80,0x00,0x1b,0x1a,0x44,0x1a,0x26,0x1b,0x39,0x58,0x0c,0x0c,0x4f,0x7b,0x30,
0x00,0x6c,0x00,0x3a,0x00,0x30,0x00,0x30,0x00,0x3a,0x00,0x30,0x00,0x30,0x00,0x30,
0x00,0x30,0x00,0x16,0x3a,0x26,0x39,0x30,0x00,0x30,0x00,0x30,0x00,0x2a,0x0a,0x00,
0x0c,0x42,0x0b,0x01,0x00,0x00,0x00,0x00,0x01,0x00,0x00,0x00,0x02,0x00,0xba,0x28,
0xb4,0x04,0xa7,0x17,0x0b,0x00,0x00,0x0c,0x42,0x0b,0x01,0x00,0x00,0x00,0x00,0x01,
0x00,0x00,0x00,0x02,0x00,0xbb,0x28,0xb4,0x04,0xaa,0x17,0x0b,0x00,0x00,0x0c,0x42,
0x0b,0x01,0x00,0x00,0x00,0x00,0x01,0x00,0x00,0x00,0x02,0x00,0xbc,0x28,0xb4,0x04,
0xad,0x17,0x0b,0x00,0x00,0x0c,0x42,0x0b,0x01,0x00,0x00,0x01,0x00,0x01,0x00,0x00,
0x00,0x09,0x01,0x10,0x00,0x01,0x00,0x08,0xcf,0xcb,0x40,0x0d,0x02,0x00,0x00,0x28,
0xb4,0x04,0xb0,0x17,0x0b,0x00,0x00,0x0c,0x42,0x0b,0x01,0x00,0x00,0x01,0x00,0x01,
0x00,0x00,0x00,0x09,0x01,0x10,0x00,0x01,0x00,0x08,0xcf,0xcb,0x40,0x32,0x04,0x00,
0x00,0x28,0xb4,0x04,0xb3,0x17,0x0b,0x00,0x00,0x0c,0x42,0x0b,0x01,0x00,0x00,0x01,
0x00,0x01,0x00,0x00,0x00,0x09,0x01,0x10,0x00,0x01,0x00,0x08,0xcf,0xcb,0x40,0x2d,
0x04,0x00,0x00,0x28,0xb4,0x04,0xb6,0x17,0x0b,0x00,0x00,0x0c,0x42,0x0b,0x01,0x00,
0x00,0x01,0x00,0x01,0x00,0x00,0x00,0x09,0x01,0x10,0x00,0x01,0x00,0x08,0xcf,0xcb,
0x40,0x33,0x04,0x00,0x00,0x28,0xb4,0x04,0xba,0x17,0x0b,0x00,0x00,0x0c,0x42,0x0b,
0x01,0x00,0x01,0x01,0x01,0x04,0x00,0x00,0x00,0x3a,0x02,0xcc,0x07,0x00,0x01,0x00,
0x10,0x00,0x01,0x00,0x08,0xcf,0xcb,0x40,0x33,0x04,0x00,0x00,0xf0,0x16,0xcb,0x41,
0xd1,0x01,0x00,0x00,0x04,0x20,0x04,0x00,0x00,0xcb,0x40,0x33,0x04,0x00,0x00,0x24,
0x02,0x00,0x0e,0xcb,0xd7,0x42,0x33,0x04,0x00,0x00,0xd7,0xf0,0x11,0xcb,0x41,0xd0,
0x01,0x00,0x00,0x04,0x20,0x04,0x00,0x00,0xd7,0x24,0x02,0x00,0x0e,0x29,0xb4,0x04,
0xbd,0x17,0x0b,0x0a,0x35,0x20,0x20,0x0a,0x4e,0x2d,0x35,0x10,0x20,0x0a,0x00,0x0c,
0x42,0x0b,0x01,0x00,0x00,0x01,0x00,0x01,0x00,0x00,0x00,0x09,0x01,0x10,0x00,0x01,
0x00,0x08,0xcf,0xcb,0x40,0xe8,0x03,0x00,0x00,0x28,0xb4,0x04,0xc2,0x17,0x0b,0x00,
0x00,0x0c,0x42,0x0b,0x01,0x00,0x01,0x01,0x01,0x04,0x00,0x00,0x00,0x3a,0x02,0xcc,
0x07,0x00,0x01,0x00,0x10,0x00,0x01,0x00,0x08,0xcf,0xcb,0x40,0xe8,0x03,0x00,0x00,
0xf0,0x16,0xcb,0x41,0xd1,0x01,0x00,0x00,0x04,0x34,0x00,0x00,0x00,0xcb,0x40,0xe8,
0x03,0x00,0x00,0x24,0x02,0x00,0x0e,0xcb,0xd7,0x42,0xe8,0x03,0x00,0x00,0xd7,0xf0,
0x11,0xcb,0x41,0xd0,0x01,0x00,0x00,0x04,0x34,0x00,0x00,0x00,0xd7,0x24,0x02,0x00,
0x0e,0x29,0xb4,0x04,0xc5,0x17,0x0b,0x0a,0x35,0x26,0x20,0x0a,0x4e,0x33,0x35,0x10,
0x20,0x0a,0x00,0x0c,0x42,0x0b,0x01,0x00,0x00,0x01,0x00,0x01,0x00,0x00,0x00,0x09,
0x01,0x10,0x00,0x01,0x00,0x08,0xcf,0xcb,0x40,0x34,0x04,0x00,0x00,0x28,0xb4,0x04,
0xca,0x17,0x0b,0x00,0x00,0x0c,0x42,0x0b,0x01,0x00,0x01,0x01,0x01,0x04,0x00,0x00,
0x00,0x3a,0x02,0xcc,0x07,0x00,0x01,0x00,0x10,0x00,0x01,0x00,0x08,0xcf,0xcb,0x40,
0x34,0x04,0x00,0x00,0xf0,0x16,0xcb,0x41,0xd1,0x01,0x00,0x00,0x04,0x37,0x00,0x00,
0x00,0xcb,0x40,0x34,0x04,0x00,0x00,0x24,0x02,0x00,0x0e,0xcb,0xd7,0x42,0x34,0x04,
0x00,0x00,0xd7,0xf0,0x11,0xcb,0x41,0xd0,0x01,0x00,0x00,0x04,0x37,0x00,0x00,0x00,
0xd7,0x24,0x02,0x00,0x0e,0x29,0xb4,0x04,0xcd,0x17,0x0b,0x0a,0x35,0x22,0x20,0x0a,
0x4e,0x2f,0x35,0x10,0x20,0x0a,0x00,0x0c,0x42,0x0b,0x01,0x00,0x00,0x07,0x00,0x0a,
0x01,0x01,0x03,0xd8,0x01,0x07,0xec,0x0a,0x00,0x00,0x00,0xba,0x07,0x00,0x01,0x40,
0x00,0xfe,0x0b,0x00,0x02,0x00,0x80,0x0c,0x00,0x03,0x00,0x82,0x0c,0x00,0x04,0x00,
0xb0,0x04,0x05,0x00,0x03,0x10,0x00,0x01,0x00,0xa2,0x04,0x00,0x01,0x0c,0x43,0x0a,
0x01,0xfe,0x0b,0x01,0x00,0x01,0x05,0x00,0x01,0x00,0x3b,0x01,0xa6,0x02,0x00,0x01,
0x00,0xba,0x07,0x01,0x00,0xe3,0x40,0x16,0x04,0x00,0x00,0xf0,0x02,0x29,0xd7,0xc3,
0xc8,0x00,0xad,0xf0,0x21,0xe3,0xbb,0x42,0x32,0x04,0x00,0x00,0xe3,0x41,0xd2,0x01,
0x00,0x00,0x38,0xd3,0x01,0x00,0x00,0x11,0x04,0x20,0x04,0x00,0x00,0x21,0x01,0x00,
0x24,0x01,0x00,0x0e,0x29,0xe3,0x41,0x36,0x04,0x00,0x00,0x24,0x00,0x00,0x0e,0x29,
0xb4,0x04,0xdd,0x17,0x09,0x0c,0x36,0x22,0x21,0x19,0x26,0x00,0x20,0x2e,0x63,0x2d,
0x20,0x0a,0x00,0x0c,0x43,0x0a,0x01,0x80,0x0c,0x01,0x01,0x01,0x07,0x00,0x01,0x00,
0x58,0x02,0xd2,0x0a,0x00,0x01,0x00,0xee,0x10,0x00,0x00,0x00,0xba,0x07,0x01,0x00,
0xe3,0x40,0x16,0x04,0x00,0x00,0x11,0xf1,0x0a,0x0e,0xe3,0x40,0x32,0x04,0x00,0x00,
0xbb,0xae,0xf0,0x02,0x29,0xd7,0x38,0xb1,0x00,0x00,0x00,0xa9,0xf0,0x04,0xd7,0xf2,
0x0b,0x38,0xb1,0x00,0x00,0x00,0x11,0xd7,0x21,0x01,0x00,0xcf,0xe3,0x41,0x51,0x01,
0x00,0x00,0xe3,0x40,0x9b,0x03,0x00,0x00,0x41,0xe7,0x02,0x00,0x00,0xcb,0x0b,0x0a,
0x4b,0xab,0x03,0x00,0x00,0x24,0x02,0x00,0x9c,0x42,0x51,0x01,0x00,0x00,0xe3,0x41,
0x38,0x04,0x00,0x00,0x24,0x00,0x00,0x29,0xb4,0x04,0xe6,0x17,0x09,0x0e,0x53,0x56,
0x21,0x17,0x39,0x32,0x3a,0x6b,0x57,0x4a,0x58,0x49,0x20,0x0a,0x00,0x0c,0x43,0x0a,
0x01,0x82,0x0c,0x00,0x00,0x00,0x02,0x00,0x01,0x00,0x13,0x00,0xba,0x07,0x01,0x00,
0xe3,0x40,0x16,0x04,0x00,0x00,0xf0,0x02,0x29,0xe3,0x41,0x39,0x04,0x00,0x00,0x24,
0x00,0x00,0x29,0xb4,0x04,0xec,0x17,0x09,0x04,0x31,0x04,0x20,0x0a,0x00,0x08,0xc8,
0x06,0xc5,0x00,0xd1,0xc5,0x01,0xd2,0xc5,0x02,0xc8,0x04,0xc7,0x06,0x40,0x16,0x04,
0x00,0x00,0xf0,0x02,0x29,0xc7,0x06,0xba,0x42,0x32,0x04,0x00,0x00,0xc7,0x06,0xc6,
0x42,0x51,0x01,0x00,0x00,0xc7,0x06,0x26,0x00,0x00,0x42,0x30,0x04,0x00,0x00,0xc7,
0x06,0xc6,0x42,0x31,0x04,0x00,0x00,0xc7,0x06,0xc6,0x42,0x2f,0x04,0x00,0x00,0xc7,
0x06,0x38,0xe5,0x02,0x00,0x00,0x11,0x04,0xe6,0x02,0x00,0x00,0x21,0x01,0x00,0x42,
0x9b,0x03,0x00,0x00,0x0b,0x04,0x3a,0x04,0x00,0x00,0x4b,0x3b,0x04,0x00,0x00,0x04,
0x3c,0x04,0x00,0x00,0x4b,0x3d,0x04,0x00,0x00,0xcf,0xc7,0x06,0x40,0xdc,0x03,0x00,
0x00,0xc6,0xae,0xf0,0x1b,0xcb,0x04,0x3e,0x04,0x00,0x00,0x1b,0x11,0xaf,0xf1,0x04,
0x1b,0x71,0x1b,0x1b,0xc7,0x06,0x40,0xdc,0x03,0x00,0x00,0x1b,0x71,0x1b,0x48,0xc7,
0x06,0xd0,0x6b,0x2f,0x00,0x00,0x00,0xe3,0x41,0x1d,0x03,0x00,0x00,0xc7,0x06,0x40,
0x0d,0x02,0x00,0x00,0x04,0xc6,0x02,0x00,0x00,0x38,0xa7,0x00,0x00,0x00,0x41,0x19,
0x01,0x00,0x00,0xcb,0x24,0x01,0x00,0xc6,0xcd,0xce,0xc7,0x04,0x24,0x07,0x00,0x0e,
0x0e,0x29,0xc8,0x05,0x6b,0x10,0x00,0x00,0x00,0xcc,0x41,0x39,0x04,0x00,0x00,0x24,
0x00,0x00,0x0e,0x0e,0x29,0x30,0xb4,0x04,0xd2,0x17,0x07,0x20,0x77,0x04,0x2b,0x00,
0x2b,0x00,0x35,0x00,0x2b,0x00,0x2b,0x00,0x0c,0x28,0xf4,0x0c,0x16,0x08,0x00,0x22,
0x2c,0x37,0x21,0x04,0x72,0x1e,0x00,0x16,0x0e,0x21,0x20,0x0a,0x00,0x0c,0x42,0x0b,
0x01,0x00,0x00,0x03,0x00,0x04,0x00,0x00,0x04,0x67,0x03,0xfe,0x10,0x00,0x00,0x00,
0xcc,0x05,0x00,0x01,0x00,0x10,0x00,0x01,0x00,0x07,0x08,0x5c,0x72,0x5c,0x6e,0x07,
0x38,0x01,0x00,0x01,0x00,0x14,0x00,0x00,0x00,0x09,0x06,0x00,0x00,0x00,0x05,0x08,
0xf5,0xff,0xff,0xff,0x0c,0x00,0x01,0x0d,0x01,0x0a,0x0d,0x00,0x0b,0x07,0x04,0x5c,
0x72,0x07,0x34,0x01,0x00,0x01,0x00,0x12,0x00,0x00,0x00,0x09,0x06,0x00,0x00,0x00,
0x05,0x08,0xf5,0xff,0xff,0xff,0x0c,0x00,0x01,0x0d,0x0d,0x00,0x0b,0x08,0xd1,0xcd,
0x40,0x51,0x01,0x00,0x00,0x41,0x18,0x02,0x00,0x00,0xc4,0x00,0xc4,0x01,0x34,0x04,
0x40,0x04,0x00,0x00,0x24,0x02,0x00,0x41,0x18,0x02,0x00,0x00,0xc4,0x02,0xc4,0x03,
0x34,0x04,0x40,0x04,0x00,0x00,0x24,0x02,0x00,0x41,0x65,0x00,0x00,0x00,0x04,0x40,
0x04,0x00,0x00,0x24,0x01,0x00,0xcf,0xcd,0xcb,0x41,0x58,0x02,0x00,0x00,0x24,0x00,
0x00,0x11,0xf1,0x03,0x0e,0xc6,0x42,0x51,0x01,0x00,0x00,0xba,0xd0,0xcc,0xcb,0xef,
0xa5,0xf0,0x11,0xcd,0x41,0x41,0x04,0x00,0x00,0xca,0x46,0x24,0x01,0x00,0x0e,0x92,
0x01,0xf2,0xeb,0x29,0xb4,0x04,0xfe,0x17,0x07,0x11,0x44,0x36,0x5c,0x2e,0x5c,0x2a,
0x30,0x89,0x01,0x25,0x2a,0x53,0x01,0x1b,0x26,0x20,0x24,0x00,0x0c,0x42,0x0b,0x01,
0x00,0x01,0x05,0x01,0x04,0x00,0x00,0x02,0xee,0x01,0x06,0x84,0x11,0x00,0x01,0x00,
0xce,0x10,0x00,0x00,0x00,0x86,0x11,0x00,0x01,0x00,0x88,0x01,0x00,0x02,0x00,0xda,
0x04,0x00,0x03,0x00,0x10,0x00,0x01,0x00,0x07,0x10,0x5e,0x5b,0x30,0x2d,0x39,0x5d,
0x2b,0x24,0x07,0x66,0x00,0x00,0x01,0x00,0x2b,0x00,0x00,0x00,0x09,0x06,0x00,0x00,
0x00,0x05,0x08,0xf5,0xff,0xff,0xff,0x0c,0x00,0x06,0x1d,0x08,0x00,0x00,0x00,0x01,
0x00,0x00,0x00,0xff,0xff,0xff,0x7f,0x01,0x00,0x00,0x00,0x16,0x01,0x00,0x30,0x00,
0x39,0x00,0x0b,0x07,0x0d,0x00,0x0b,0x08,0xc8,0x04,0xd7,0xc6,0xad,0xf0,0x0c,0xc7,
0x04,0x41,0x44,0x04,0x00,0x00,0x24,0x00,0x00,0x29,0xd7,0xba,0x46,0x04,0x5b,0x02,
0x00,0x00,0xad,0xf0,0x02,0x29,0xd7,0x41,0x4f,0x01,0x00,0x00,0x04,0x5b,0x02,0x00,
0x00,0x24,0x01,0x00,0xd3,0xba,0xa8,0xf0,0x31,0xd7,0x41,0xc3,0x01,0x00,0x00,0xba,
0xcb,0x24,0x02,0x00,0xd0,0xd7,0x41,0xc3,0x01,0x00,0x00,0xcb,0xbb,0x9c,0x24,0x01,
0x00,0xd5,0xba,0x46,0x04,0x1c,0x01,0x00,0x00,0xad,0xf0,0x12,0xcd,0x41,0xc3,0x01,
0x00,0x00,0xbb,0x24,0x01,0x00,0xd1,0xf2,0x05,0xd7,0xd0,0xc6,0xd1,0xcc,0x11,0x04,
0xb9,0x01,0x00,0x00,0xad,0xf0,0x0a,0xc7,0x04,0xcd,0x42,0x31,0x04,0x00,0x00,0x29,
0x11,0x04,0x34,0x01,0x00,0x00,0xad,0xf0,0x13,0xc7,0x04,0x40,0x30,0x04,0x00,0x00,
0x41,0x52,0x01,0x00,0x00,0xcd,0x24,0x01,0x00,0x0e,0x29,0x11,0x04,0xd8,0x03,0x00,
0x00,0xad,0xf0,0x1c,0xcd,0x41,0x4f,0x01,0x00,0x00,0x04,0x45,0x04,0x00,0x00,0x24,
0x01,0x00,0xba,0xa5,0xf0,0x3f,0xc7,0x04,0xcd,0x42,0x2f,0x04,0x00,0x00,0x29,0x11,
0x04,0x46,0x04,0x00,0x00,0xad,0xf0,0x2d,0xc4,0x00,0xc4,0x01,0x34,0x41,0x84,0x02,
0x00,0x00,0xcd,0x24,0x01,0x00,0xf0,0x1d,0x38,0x47,0x04,0x00,0x00,0xcd,0xc2,0x0a,
0xf6,0xd2,0x38,0x48,0x04,0x00,0x00,0xce,0xf5,0x95,0xf0,0x09,0xc7,0x04,0xce,0x42,
0x2e,0x04,0x00,0x00,0x29,0xb4,0x04,0x83,0x18,0x07,0x36,0x17,0x1e,0x17,0x15,0x25,
0x0a,0x28,0x12,0x4e,0x02,0x31,0x07,0x17,0x15,0x20,0x1a,0x21,0x19,0x20,0x26,0x07,
0x10,0x2b,0x13,0x2a,0x0a,0x20,0x1c,0x27,0x47,0x0d,0x00,0x00,0x0c,0x08,0x04,0x5f,
0x00,0x3e,0x2a,0x6e,0x15,0x2a,0x20,0x16,0x06,0x91,0x11,0x3a,0x00,0x35,0x0d,0x1b,
0x0a,0x00,0x0c,0x42,0x0b,0x01,0x00,0x00,0x03,0x00,0x07,0x00,0x00,0x00,0x91,0x01,
0x03,0xe8,0x04,0x00,0x00,0x00,0xd8,0x05,0x00,0x01,0x00,0x10,0x00,0x01,0x00,0x08,
0xd1,0xcd,0xcd,0x40,0x2f,0x04,0x00,0x00,0x42,0xdc,0x03,0x00,0x00,0xcd,0x40,0x30,
0x04,0x00,0x00,0xef,0xba,0xad,0xf0,0x09,0xcd,0xc6,0x42,0x31,0x04,0x00,0x00,0x29,
0xcd,0x40,0x30,0x04,0x00,0x00,0x41,0x63,0x00,0x00,0x00,0x04,0x40,0x04,0x00,0x00,
0x24,0x01,0x00,0xcf,0xcd,0x40,0x31,0x04,0x00,0x00,0x11,0xf1,0x07,0x0e,0x04,0x34,
0x00,0x00,0x00,0xd0,0xcd,0x26,0x00,0x00,0x42,0x30,0x04,0x00,0x00,0xcd,0xc6,0x42,
0x31,0x04,0x00,0x00,0xcd,0x40,0x32,0x04,0x00,0x00,0xbc,0xae,0xf0,0x32,0xcd,0x41,
0xd2,0x01,0x00,0x00,0x38,0x0f,0x04,0x00,0x00,0x11,0xcc,0x0b,0xcb,0x4b,0x34,0x01,
0x00,0x00,0xcd,0x40,0xdc,0x03,0x00,0x00,0x4b,0xdb,0x03,0x00,0x00,0xcd,0x40,0xda,
0x03,0x00,0x00,0x4b,0x6b,0x02,0x00,0x00,0x21,0x02,0x00,0x24,0x01,0x00,0x0e,0x29,
0xb4,0x04,0xa7,0x18,0x07,0x12,0x0d,0x04,0x62,0x3e,0x17,0x39,0x64,0x32,0x81,0x35,
0x30,0x00,0x44,0x32,0x17,0x2d,0x20,0x2e,0x00,0x0c,0x42,0x0b,0x01,0x00,0x00,0x01,
0x00,0x05,0x00,0x00,0x00,0x36,0x01,0x10,0x00,0x01,0x00,0x08,0xcf,0xcb,0x40,0x16,
0x04,0x00,0x00,0x11,0xf1,0x0a,0x0e,0xcb,0x40,0x32,0x04,0x00,0x00,0xbc,0xad,0xf0,
0x02,0x29,0xcb,0xbc,0x42,0x32,0x04,0x00,0x00,0xcb,0x41,0xd2,0x01,0x00,0x00,0x38,
0xd3,0x01,0x00,0x00,0x11,0x04,0x37,0x00,0x00,0x00,0x21,0x01,0x00,0x24,0x01,0x00,
0x29,0xb4,0x04,0xb9,0x18,0x07,0x08,0x5d,0x56,0x1c,0x51,0x26,0x00,0x20,0x2e,0x00,
0x0c,0x42,0x0b,0x01,0x00,0x00,0x02,0x00,0x05,0x01,0x00,0x01,0x47,0x02,0xba,0x07,
0x00,0x00,0x40,0x00,0x10,0x00,0x01,0x00,0x0c,0x43,0x0a,0x01,0x00,0x00,0x00,0x00,
0x02,0x00,0x01,0x00,0x1e,0x00,0xba,0x07,0x00,0x00,0xe3,0x40,0x16,0x04,0x00,0x00,
0x95,0xf0,0x15,0xe3,0x40,0x32,0x04,0x00,0x00,0xba,0xad,0xf0,0x0b,0xe3,0x41,0x35,
0x04,0x00,0x00,0x24,0x00,0x00,0x0e,0x29,0xb4,0x04,0xc3,0x18,0x14,0x06,0x4e,0x42,
0x16,0x06,0x20,0x0a,0x00,0x08,0xd0,0xcc,0x40,0x16,0x04,0x00,0x00,0x11,0xf1,0x0a,
0x0e,0xcc,0x40,0x32,0x04,0x00,0x00,0xbc,0xad,0xf0,0x02,0x29,0xcc,0xba,0x42,0x32,
0x04,0x00,0x00,0xcc,0x41,0xd2,0x01,0x00,0x00,0x38,0xd3,0x01,0x00,0x00,0x11,0x04,
0x37,0x00,0x00,0x00,0x21,0x01,0x00,0x24,0x01,0x00,0x0e,0xcc,0xcf,0x38,0x90,0x01,
0x00,0x00,0xc5,0x00,0xcc,0x40,0x2e,0x04,0x00,0x00,0xf6,0x29,0xb4,0x04,0xbe,0x18,
0x07,0x0c,0x5d,0x56,0x1c,0x51,0x26,0x00,0x20,0x2e,0x68,0x2d,0x1b,0x16,0x00,0x0c,
0x42,0x0b,0x01,0x00,0x00,0x01,0x00,0x02,0x00,0x00,0x00,0x21,0x01,0x10,0x00,0x01,
0x00,0x08,0xcf,0xcb,0x40,0x16,0x04,0x00,0x00,0xf0,0x02,0x29,0xcb,0x0a,0x42,0x16,
0x04,0x00,0x00,0xcb,0xbc,0x42,0x32,0x04,0x00,0x00,0xcb,0xc6,0x42,0x51,0x01,0x00,
0x00,0x29,0xb4,0x04,0xc7,0x18,0x07,0x06,0x3b,0x04,0x26,0x00,0x26,0x00,0x00,0xc5,
0x00,0xcf,0x60,0x03,0x00,0xd7,0x40,0x1d,0x03,0x00,0x00,0xfb,0xf1,0x02,0x29,0x60,
0x01,0x00,0x38,0xd4,0x01,0x00,0x00,0x60,0x02,0x00,0xc4,0x01,0x55,0x23,0x04,0x00,
0x00,0x01,0xc5,0x02,0x53,0x49,0x04,0x00,0x00,0x01,0xc5,0x03,0x53,0x4a,0x04,0x00,
0x00,0x01,0xc5,0x04,0x53,0x4b,0x04,0x00,0x00,0x01,0xc5,0x05,0x53,0x28,0x02,0x00,
0x00,0x01,0xc5,0x06,0x53,0x4c,0x04,0x00,0x00,0x01,0xc5,0x07,0x53,0x2c,0x04,0x00,
0x00,0x01,0xc5,0x08,0x53,0x4d,0x04,0x00,0x00,0x01,0xc5,0x09,0x53,0x4d,0x04,0x00,
0x00,0x02,0xc5,0x0a,0x53,0x0a,0x04,0x00,0x00,0x01,0xc5,0x0b,0x53,0x0a,0x04,0x00,
0x00,0x02,0xc5,0x0c,0x53,0x4e,0x04,0x00,0x00,0x01,0xc5,0x0d,0x53,0x4e,0x04,0x00,
0x00,0x02,0xc5,0x0e,0x53,0x35,0x04,0x00,0x00,0x00,0xc5,0x0f,0x53,0x38,0x04,0x00,
0x00,0x00,0xc5,0x10,0x53,0x41,0x04,0x00,0x00,0x00,0xc5,0x11,0x53,0x44,0x04,0x00,
0x00,0x00,0xc5,0x12,0x53,0x36,0x04,0x00,0x00,0x00,0xc5,0x13,0x53,0x39,0x04,0x00,
0x00,0x00,0xc5,0x14,0x53,0x61,0x02,0x00,0x00,0x00,0x06,0xd1,0x0e,0xd4,0x67,0x02,
0x00,0xd2,0x38,0x95,0x00,0x00,0x00,0x61,0x03,0x00,0x42,0x23,0x04,0x00,0x00,0x29,
0xb4,0x04,0x82,0x17,0x03,0x08,0x3f,0x50,0x00,0xb7,0x01,0x96,0x03,0x4b,0x00,0x0c,
0x43,0x0a,0x00,0x8a,0x04,0x01,0x13,0x01,0x04,0x11,0x00,0x26,0x9a,0x03,0x14,0xa2,
0x04,0x00,0x01,0x40,0x03,0x92,0x11,0x00,0x00,0x40,0x01,0x94,0x11,0x00,0x01,0x40,
0x04,0x9e,0x11,0x00,0x02,0x40,0x06,0x96,0x11,0x00,0x03,0x40,0x0d,0xa0,0x11,0x00,
0x04,0x40,0x09,0xa2,0x11,0x00,0x05,0x40,0x07,0xa4,0x11,0x00,0x06,0x40,0x08,0xa6,
0x11,0x00,0x07,0x40,0x0b,0xa8,0x11,0x00,0x08,0x40,0x0e,0xaa,0x11,0x00,0x09,0x40,
0x0f,0xac,0x11,0x00,0x0a,0x40,0x02,0xae,0x11,0x00,0x0b,0x40,0x05,0xb0,0x11,0x00,
0x0c,0x40,0x0a,0xb2,0x11,0x00,0x0d,0x40,0x0c,0xb4,0x11,0x03,0x11,0x30,0xfe,0x01,
0x04,0x0f,0x70,0x00,0xb4,0x11,0x01,0x00,0x20,0xb6,0x11,0x05,0x11,0x30,0xfe,0x01,
0x06,0x12,0x70,0x10,0x0c,0x43,0x0a,0x00,0xac,0x11,0x00,0x01,0x00,0x05,0x00,0x00,
0x00,0x37,0x01,0xe8,0x06,0x00,0x00,0x00,0x38,0xb1,0x00,0x00,0x00,0x11,0xc2,0x10,
0x21,0x01,0x00,0xcf,0x38,0xc1,0x03,0x00,0x00,0x41,0xbe,0x03,0x00,0x00,0xcb,0x24,
0x01,0x00,0x0e,0x38,0x87,0x02,0x00,0x00,0x38,0xa2,0x00,0x00,0x00,0x40,0x85,0x02,
0x00,0x00,0x41,0x62,0x00,0x00,0x00,0x07,0xcb,0x24,0x02,0x00,0x23,0x01,0x00,0xb4,
0x04,0xde,0x18,0x05,0x0a,0x03,0x20,0x3f,0x1b,0x34,0x2e,0x35,0x15,0x4d,0x34,0x00,
0x0c,0x43,0x0a,0x00,0xae,0x11,0x01,0x02,0x01,0x06,0x00,0x00,0x01,0x3d,0x03,0xe8,
0x06,0x00,0x01,0x00,0xb8,0x11,0x00,0x00,0x00,0xba,0x11,0x00,0x01,0x00,0x0c,0x43,
0x0a,0x00,0x00,0x01,0x00,0x01,0x07,0x00,0x00,0x00,0x25,0x01,0xe6,0x08,0x00,0x01,
0x00,0x38,0x87,0x02,0x00,0x00,0x38,0xa2,0x00,0x00,0x00,0x40,0x85,0x02,0x00,0x00,
0x41,0x62,0x00,0x00,0x00,0x07,0x38,0xb1,0x00,0x00,0x00,0x11,0xd7,0x21,0x01,0x00,
0x24,0x02,0x00,0x23,0x01,0x00,0xb4,0x04,0xe6,0x18,0x4e,0x06,0x1c,0x71,0x4d,0x34,
0x07,0x14,0x00,0x04,0x5e,0x04,0x00,0x00,0xcf,0xd7,0xcb,0x9c,0xd0,0x38,0xc1,0x03,
0x00,0x00,0x40,0xb4,0x03,0x00,0x00,0x41,0x5f,0x04,0x00,0x00,0x04,0x60,0x04,0x00,
0x00,0x38,0xa0,0x02,0x00,0x00,0x11,0x21,0x00,0x00,0x41,0xa1,0x02,0x00,0x00,0xcc,
0x24,0x01,0x00,0x24,0x02,0x00,0x41,0x89,0x00,0x00,0x00,0xc5,0x00,0x25,0x01,0x00,
0xb4,0x04,0xe3,0x18,0x05,0x0a,0x27,0x20,0x5d,0x0e,0x1b,0x28,0x48,0x2a,0x3e,0x12,
0x00,0x0c,0x43,0x0a,0x00,0xb0,0x11,0x01,0x04,0x01,0x04,0x00,0x00,0x00,0x45,0x05,
0xc8,0x08,0x00,0x01,0x00,0xcc,0x0a,0x00,0x00,0x00,0xcc,0x05,0x00,0x01,0x00,0xce,
0x0a,0x00,0x02,0x00,0xd0,0x0a,0x00,0x03,0x00,0xba,0xcf,0xba,0xd0,0xcc,0xd7,0xef,
0xa5,0xf0,0x0c,0xcb,0xd7,0xcc,0x46,0xef,0x9c,0xcf,0x92,0x01,0xf2,0xf0,0x38,0xb1,
0x00,0x00,0x00,0x11,0xcb,0x21,0x01,0x00,0xd1,0xba,0xd2,0xba,0xd0,0xcc,0xd7,0xef,
0xa5,0xf0,0x1a,0xcd,0x41,0x46,0x00,0x00,0x00,0xd7,0xcc,0x46,0xce,0x24,0x02,0x00,
0x0e,0xce,0xd7,0xcc,0x46,0xef,0x9c,0xd2,0x92,0x01,0xf2,0xe2,0xcd,0x28,0xb4,0x04,
0xea,0x18,0x05,0x0e,0x1d,0x2c,0x1b,0x26,0x3a,0x31,0x54,0x0c,0x1c,0x23,0x20,0x10,
0x2b,0x0f,0x00,0x0c,0x43,0x0a,0x00,0xb2,0x11,0x03,0x07,0x03,0x06,0x00,0x00,0x00,
0x8c,0x03,0x0a,0xc2,0x11,0x00,0x01,0x00,0xde,0x0f,0x00,0x01,0x00,0xc4,0x11,0x00,
0x01,0x00,0xf0,0x09,0x00,0x00,0x00,0xc6,0x11,0x00,0x01,0x00,0xc8,0x11,0x00,0x02,
0x00,0xca,0x11,0x00,0x03,0x00,0xcc,0x11,0x00,0x04,0x00,0xcc,0x05,0x00,0x05,0x00,
0xce,0x11,0x00,0x06,0x00,0xd8,0xef,0xcf,0xbc,0xd0,0xcb,0xc2,0x7e,0xa8,0xf0,0x12,
0xcc,0xcb,0x01,0x00,0x00,0x01,0x00,0xa5,0xf0,0x04,0xbc,0xf2,0x03,0xc2,0x08,0x9c,
0xd0,0xd9,0xf0,0x04,0xbe,0xf2,0x02,0xba,0xd1,0x38,0xb1,0x00,0x00,0x00,0x11,0xcc,
0xcd,0x9c,0xcb,0x9c,0x21,0x01,0x00,0xd2,0xba,0xc8,0x04,0xce,0xc7,0x04,0x90,0xc8,
0x04,0x1b,0x11,0xaf,0xf1,0x04,0x1b,0x71,0x1b,0x1b,0xc3,0x80,0x00,0xd7,0xa3,0x1b,
0x71,0x1b,0x48,0xcb,0xc2,0x7e,0xa5,0xf0,0x22,0xce,0xc7,0x04,0x90,0xc8,0x04,0x1b,
0x11,0xaf,0xf1,0x04,0x1b,0x71,0x1b,0x1b,0xd9,0xf0,0x06,0xc3,0x80,0x00,0xf2,0x02,
0xba,0xcb,0xa3,0x1b,0x71,0x1b,0x48,0xf3,0xa9,0x00,0xcb,0x01,0x00,0x00,0x01,0x00,
0xa5,0xf0,0x55,0xce,0xc7,0x04,0x90,0xc8,0x04,0x1b,0x11,0xaf,0xf1,0x04,0x1b,0x71,
0x1b,0x1b,0xd9,0xf0,0x06,0xc3,0x80,0x00,0xf2,0x02,0xba,0xc2,0x7e,0xa3,0x1b,0x71,
0x1b,0x48,0xce,0xc7,0x04,0x90,0xc8,0x04,0x1b,0x11,0xaf,0xf1,0x04,0x1b,0x71,0x1b,
0x1b,0xcb,0xc2,0x08,0x9f,0xc3,0xff,0x00,0xa1,0x1b,0x71,0x1b,0x48,0xce,0xc7,0x04,
0x90,0xc8,0x04,0x1b,0x11,0xaf,0xf1,0x04,0x1b,0x71,0x1b,0x1b,0xcb,0xc3,0xff,0x00,
0xa1,0x1b,0x71,0x1b,0x48,0xf2,0x4b,0xce,0xc7,0x04,0x90,0xc8,0x04,0x1b,0x11,0xaf,
0xf1,0x04,0x1b,0x71,0x1b,0x1b,0xd9,0xf0,0x06,0xc3,0x80,0x00,0xf2,0x02,0xba,0xc2,
0x7f,0xa3,0x1b,0x71,0x1b,0x48,0xc1,0xc8,0x05,0xc7,0x05,0xba,0xa8,0xf0,0x23,0xce,
0xc7,0x04,0x90,0xc8,0x04,0x1b,0x11,0xaf,0xf1,0x04,0x1b,0x71,0x1b,0x1b,0xcb,0xc7,
0x05,0xc2,0x08,0x99,0x9f,0xc3,0xff,0x00,0xa1,0x1b,0x71,0x1b,0x48,0x91,0x05,0xf2,
0xd9,0xd9,0xf0,0x5a,0x38,0xb1,0x00,0x00,0x00,0x11,0xbe,0x21,0x01,0x00,0xc8,0x06,
0x38,0xc1,0x03,0x00,0x00,0x41,0xbe,0x03,0x00,0x00,0xc7,0x06,0x24,0x01,0x00,0x0e,
0xce,0x41,0x46,0x00,0x00,0x00,0xc7,0x06,0xc7,0x04,0x24,0x02,0x00,0x0e,0xbe,0x93,
0x04,0xba,0xc8,0x05,0xc7,0x05,0xcb,0xa5,0xf0,0x31,0xce,0xc7,0x04,0xc7,0x05,0x9c,
0x1b,0x11,0xaf,0xf1,0x04,0x1b,0x71,0x1b,0x1b,0xd8,0xc7,0x05,0x46,0xc7,0x06,0xc7,
0x05,0xbe,0x9b,0x46,0xa2,0x1b,0x71,0x1b,0x48,0x92,0x05,0xf2,0xd8,0xce,0x41,0x46,
0x00,0x00,0x00,0xd8,0xc7,0x04,0x24,0x02,0x00,0x0e,0xce,0x40,0xcd,0x02,0x00,0x00,
0x28,0xb4,0x04,0xf5,0x18,0x05,0x4e,0x23,0x1a,0x1b,0x0a,0x0c,0x28,0x77,0x27,0x25,
0x30,0x0c,0x14,0x31,0x63,0x5c,0x2a,0x26,0x15,0x1c,0x0f,0x7a,0x44,0x35,0x25,0x2b,
0x1d,0x7a,0x44,0x26,0x43,0x52,0x2c,0x11,0x08,0x2b,0x33,0x52,0x2a,0x36,0x29,0x7a,
0x44,0x3f,0x19,0x16,0x10,0x52,0x2c,0x0c,0x08,0x16,0x08,0x50,0x51,0x3f,0x23,0x34,
0x2e,0x21,0x2d,0x20,0x14,0x2b,0x13,0x2b,0x28,0x17,0x23,0x11,0x18,0x52,0x24,0x16,
0x18,0x40,0x57,0x20,0x14,0x00,0x0c,0xc6,0x0b,0x01,0x00,0x01,0x0c,0x01,0x07,0x01,
0x04,0x04,0x9b,0x04,0x0d,0xd0,0x08,0x00,0x01,0x00,0xd0,0x11,0x00,0x00,0x00,0xec,
0x08,0x00,0x01,0x00,0xd2,0x11,0x00,0x02,0x00,0xca,0x10,0x00,0x03,0x00,0xd6,0x06,
0x00,0x04,0x00,0xc6,0x09,0x00,0x05,0x00,0xe0,0x08,0x00,0x06,0x00,0xe2,0x08,0x00,
0x07,0x00,0xba,0x07,0x00,0x08,0x40,0x00,0xf6,0x01,0x00,0x01,0x00,0xf4,0x01,0x00,
0x01,0x00,0x10,0x00,0x01,0x20,0xfe,0x01,0x0f,0x18,0x92,0x11,0x00,0x00,0xac,0x11,
0x0a,0x00,0xa2,0x04,0x00,0x01,0x0c,0x43,0x0a,0x01,0x00,0x00,0x00,0x00,0x02,0x00,
0x01,0x00,0x0a,0x00,0xba,0x07,0x08,0x00,0xe3,0x41,0x6a,0x04,0x00,0x00,0x24,0x00,
0x00,0x29,0xb4,0x04,0xb8,0x19,0x16,0x04,0x03,0x11,0x20,0x0a,0x00,0x0c,0x43,0x0a,
0x01,0x00,0x01,0x00,0x01,0x03,0x00,0x01,0x00,0x0b,0x01,0xe8,0x04,0x00,0x01,0x00,
0xba,0x07,0x08,0x00,0xe3,0x41,0x6b,0x04,0x00,0x00,0xd7,0x24,0x01,0x00,0x29,0xb4,
0x04,0xbb,0x19,0x13,0x04,0x03,0x0b,0x20,0x1a,0x00,0x0c,0x43,0x0a,0x01,0x00,0x01,
0x00,0x01,0x03,0x00,0x01,0x00,0x0b,0x01,0x82,0x10,0x00,0x01,0x00,0xba,0x07,0x08,
0x00,0xe3,0x41,0x6c,0x04,0x00,0x00,0xd7,0x24,0x01,0x00,0x29,0xb4,0x04,0xbe,0x19,
0x14,0x04,0x03,0x0d,0x20,0x1c,0x00,0x0c,0x43,0x0a,0x01,0x00,0x00,0x00,0x00,0x02,
0x00,0x01,0x00,0x0a,0x00,0xba,0x07,0x08,0x00,0xe3,0x41,0x6d,0x04,0x00,0x00,0x24,
0x00,0x00,0x29,0xb4,0x04,0xc1,0x19,0x14,0x04,0x03,0x0d,0x20,0x0a,0x00,0x0c,0x02,
0xc8,0x09,0x0c,0x03,0xc8,0x0a,0x60,0x0b,0x00,0x2b,0xc7,0x09,0x35,0xc7,0x0a,0x21,
0x00,0x00,0x11,0x63,0x0b,0x00,0x64,0x00,0x00,0x11,0xf0,0x08,0x61,0x0b,0x00,0x1b,
0x24,0x00,0x00,0x0e,0x0e,0x61,0x0b,0x00,0xd7,0x42,0x0d,0x02,0x00,0x00,0x61,0x0b,
0x00,0xe4,0x42,0x32,0x04,0x00,0x00,0x61,0x0b,0x00,0x07,0x42,0x33,0x04,0x00,0x00,
0x61,0x0b,0x00,0x07,0x42,0xe8,0x03,0x00,0x00,0x61,0x0b,0x00,0x07,0x42,0x34,0x04,
0x00,0x00,0x61,0x0b,0x00,0x07,0x42,0x6e,0x04,0x00,0x00,0x61,0x0b,0x00,0xc6,0x42,
0x49,0x02,0x00,0x00,0x61,0x0b,0x00,0x07,0x42,0x6f,0x04,0x00,0x00,0x61,0x0b,0x00,
0x07,0x42,0x70,0x04,0x00,0x00,0x61,0x0b,0x00,0x07,0x42,0x71,0x04,0x00,0x00,0x61,
0x0b,0x00,0x09,0x42,0x72,0x04,0x00,0x00,0x61,0x0b,0x00,0x09,0x42,0x73,0x04,0x00,
0x00,0x61,0x0b,0x00,0xc3,0xe8,0x03,0x42,0x74,0x04,0x00,0x00,0x61,0x0b,0x00,0xc6,
0x42,0x75,0x04,0x00,0x00,0x61,0x0b,0x00,0x04,0x58,0x03,0x00,0x00,0x42,0x76,0x04,
0x00,0x00,0x61,0x0b,0x00,0xba,0x42,0x77,0x04,0x00,0x00,0x61,0x0b,0x00,0x07,0x42,
0x78,0x04,0x00,0x00,0xd7,0x41,0x4f,0x01,0x00,0x00,0x04,0x79,0x04,0x00,0x00,0x24,
0x01,0x00,0xba,0xad,0xd3,0xf0,0x10,0x38,0xa0,0x00,0x00,0x00,0x11,0x04,0x7a,0x04,
0x00,0x00,0x21,0x01,0x00,0x30,0xd7,0x41,0x4f,0x01,0x00,0x00,0x04,0x7b,0x04,0x00,
0x00,0x24,0x01,0x00,0xba,0xae,0xf0,0x12,0x38,0xa0,0x00,0x00,0x00,0x11,0x04,0x7c,
0x04,0x00,0x00,0xd7,0x9c,0x21,0x01,0x00,0x30,0xd7,0x41,0xc3,0x01,0x00,0x00,0xbf,
0x24,0x01,0x00,0xd4,0x41,0x4f,0x01,0x00,0x00,0x04,0x47,0x02,0x00,0x00,0x24,0x01,
0x00,0xd5,0xba,0xa8,0xf0,0x0e,0xcc,0x41,0xc3,0x01,0x00,0x00,0xba,0xcd,0x24,0x02,
0x00,0xf2,0x02,0xcc,0xd2,0xcd,0xba,0xa8,0xf0,0x0d,0xcc,0x41,0xc3,0x01,0x00,0x00,
0xcd,0x24,0x01,0x00,0xf2,0x06,0x04,0x47,0x02,0x00,0x00,0xc8,0x04,0xce,0x41,0x4f,
0x01,0x00,0x00,0x04,0x5b,0x02,0x00,0x00,0x24,0x01,0x00,0xc9,0x05,0xba,0xa8,0xf0,
0x0f,0xce,0x41,0xc3,0x01,0x00,0x00,0xba,0xc7,0x05,0x24,0x02,0x00,0xf2,0x02,0xce,
0xc8,0x06,0xc7,0x05,0xba,0xa8,0xf0,0x18,0x38,0x47,0x04,0x00,0x00,0xce,0x41,0xc3,
0x01,0x00,0x00,0xc7,0x05,0xbb,0x9c,0x24,0x01,0x00,0xc2,0x0a,0xf6,0xf2,0x03,0xc2,
0x50,0xc9,0x07,0x95,0x11,0xf1,0x06,0x0e,0xc7,0x07,0xbb,0xa5,0xf0,0x05,0xc2,0x50,
0xc8,0x07,0x61,0x0b,0x00,0xc8,0x08,0x61,0x0b,0x00,0xe5,0xf4,0x42,0x7d,0x04,0x00,
0x00,0x61,0x0b,0x00,0xc7,0x06,0x42,0x4a,0x02,0x00,0x00,0x61,0x0b,0x00,0xc7,0x07,
0x42,0x4b,0x02,0x00,0x00,0x61,0x0b,0x00,0xc7,0x04,0x42,0x7e,0x04,0x00,0x00,0x61,
0x0b,0x00,0xe6,0x41,0x7f,0x04,0x00,0x00,0xc7,0x06,0xc7,0x07,0x0b,0xc5,0x00,0x4c,
0x80,0x04,0x00,0x00,0x4b,0x80,0x04,0x00,0x00,0xc5,0x01,0x4c,0x81,0x04,0x00,0x00,
0x4b,0x81,0x04,0x00,0x00,0xc5,0x02,0x4c,0x4e,0x04,0x00,0x00,0x4b,0x4e,0x04,0x00,
0x00,0xc5,0x03,0x4c,0x82,0x04,0x00,0x00,0x4b,0x82,0x04,0x00,0x00,0x24,0x03,0x00,
0x42,0x6f,0x04,0x00,0x00,0x61,0x0b,0x00,0x28,0xb4,0x04,0x94,0x19,0x07,0x5e,0x3f,
0x04,0x8a,0x00,0x30,0x00,0x30,0x00,0x30,0x00,0x30,0x00,0x30,0x00,0x30,0x00,0x30,
0x00,0x30,0x00,0x30,0x00,0x30,0x00,0x30,0x00,0x30,0x00,0x3a,0x00,0x30,0x00,0x44,
0x00,0x30,0x00,0x4e,0x26,0x2a,0x2c,0x1c,0x21,0x6c,0x1f,0x2a,0x2a,0x16,0x1a,0x39,
0x44,0x3f,0x79,0x35,0x0a,0x30,0x0e,0x34,0x12,0x35,0x19,0x34,0x1e,0x62,0x1b,0x35,
0x01,0x34,0x1a,0x44,0x19,0x2f,0x1a,0x20,0x1e,0x0c,0x16,0x6c,0x53,0x16,0x06,0x31,
0x2d,0x16,0x18,0x21,0x17,0x35,0x00,0x35,0x00,0x35,0x00,0x2f,0x38,0x00,0x0c,0x42,
0x0b,0x01,0x00,0x00,0x01,0x00,0x01,0x00,0x00,0x00,0x09,0x01,0x10,0x00,0x01,0x00,
0x08,0xcf,0xcb,0x40,0x33,0x04,0x00,0x00,0x28,0xb4,0x04,0xc7,0x19,0x0b,0x00,0x00,
0x0c,0x42,0x0b,0x01,0x00,0x01,0x01,0x01,0x04,0x00,0x00,0x00,0x3a,0x02,0xcc,0x07,
0x00,0x01,0x00,0x10,0x00,0x01,0x00,0x08,0xcf,0xcb,0x40,0x33,0x04,0x00,0x00,0xf0,
0x16,0xcb,0x41,0xd1,0x01,0x00,0x00,0x04,0x20,0x04,0x00,0x00,0xcb,0x40,0x33,0x04,
0x00,0x00,0x24,0x02,0x00,0x0e,0xcb,0xd7,0x42,0x33,0x04,0x00,0x00,0xd7,0xf0,0x11,
0xcb,0x41,0xd0,0x01,0x00,0x00,0x04,0x20,0x04,0x00,0x00,0xd7,0x24,0x02,0x00,0x0e,
0x29,0xb4,0x04,0xca,0x19,0x0b,0x0a,0x35,0x20,0x20,0x0a,0x4e,0x2d,0x35,0x10,0x20,
0x0a,0x00,0x0c,0x42,0x0b,0x01,0x00,0x00,0x01,0x00,0x01,0x00,0x00,0x00,0x09,0x01,
0x10,0x00,0x01,0x00,0x08,0xcf,0xcb,0x40,0xe8,0x03,0x00,0x00,0x28,0xb4,0x04,0xcf,
0x19,0x0b,0x00,0x00,0x0c,0x42,0x0b,0x01,0x00,0x01,0x01,0x01,0x04,0x00,0x00,0x00,
0x3a,0x02,0xcc,0x07,0x00,0x01,0x00,0x10,0x00,0x01,0x00,0x08,0xcf,0xcb,0x40,0xe8,
0x03,0x00,0x00,0xf0,0x16,0xcb,0x41,0xd1,0x01,0x00,0x00,0x04,0x34,0x00,0x00,0x00,
0xcb,0x40,0xe8,0x03,0x00,0x00,0x24,0x02,0x00,0x0e,0xcb,0xd7,0x42,0xe8,0x03,0x00,
0x00,0xd7,0xf0,0x11,0xcb,0x41,0xd0,0x01,0x00,0x00,0x04,0x34,0x00,0x00,0x00,0xd7,
0x24,0x02,0x00,0x0e,0x29,0xb4,0x04,0xd2,0x19,0x0b,0x0a,0x35,0x26,0x20,0x0a,0x4e,
0x33,0x35,0x10,0x20,0x0a,0x00,0x0c,0x42,0x0b,0x01,0x00,0x00,0x01,0x00,0x01,0x00,
0x00,0x00,0x09,0x01,0x10,0x00,0x01,0x00,0x08,0xcf,0xcb,0x40,0x34,0x04,0x00,0x00,
0x28,0xb4,0x04,0xd7,0x19,0x0b,0x00,0x00,0x0c,0x42,0x0b,0x01,0x00,0x01,0x01,0x01,
0x04,0x00,0x00,0x00,0x3a,0x02,0xcc,0x07,0x00,0x01,0x00,0x10,0x00,0x01,0x00,0x08,
0xcf,0xcb,0x40,0x34,0x04,0x00,0x00,0xf0,0x16,0xcb,0x41,0xd1,0x01,0x00,0x00,0x04,
0x37,0x00,0x00,0x00,0xcb,0x40,0x34,0x04,0x00,0x00,0x24,0x02,0x00,0x0e,0xcb,0xd7,
0x42,0x34,0x04,0x00,0x00,0xd7,0xf0,0x11,0xcb,0x41,0xd0,0x01,0x00,0x00,0x04,0x37,
0x00,0x00,0x00,0xd7,0x24,0x02,0x00,0x0e,0x29,0xb4,0x04,0xda,0x19,0x0b,0x0a,0x35,
0x22,0x20,0x0a,0x4e,0x2f,0x35,0x10,0x20,0x0a,0x00,0x0c,0x42,0x0b,0x01,0x00,0x00,
0x01,0x00,0x01,0x00,0x00,0x00,0x09,0x01,0x10,0x00,0x01,0x00,0x08,0xcf,0xcb,0x40,
0x6e,0x04,0x00,0x00,0x28,0xb4,0x04,0xdf,0x19,0x0b,0x00,0x00,0x0c,0x42,0x0b,0x01,
0x00,0x01,0x01,0x01,0x04,0x00,0x00,0x00,0x3a,0x02,0xcc,0x07,0x00,0x01,0x00,0x10,
0x00,0x01,0x00,0x08,0xcf,0xcb,0x40,0x6e,0x04,0x00,0x00,0xf0,0x16,0xcb,0x41,0xd1,
0x01,0x00,0x00,0x04,0x61,0x02,0x00,0x00,0xcb,0x40,0x6e,0x04,0x00,0x00,0x24,0x02,
0x00,0x0e,0xcb,0xd7,0x42,0x6e,0x04,0x00,0x00,0xd7,0xf0,0x11,0xcb,0x41,0xd0,0x01,
0x00,0x00,0x04,0x61,0x02,0x00,0x00,0xd7,0x24,0x02,0x00,0x0e,0x29,0xb4,0x04,0xe2,
0x19,0x0b,0x0a,0x35,0x22,0x20,0x0a,0x4e,0x2f,0x35,0x10,0x20,0x0a,0x00,0x0c,0x42,
0x0b,0x01,0x00,0x01,0x03,0x01,0x04,0x00,0x00,0x00,0x7a,0x04,0xe8,0x04,0x00,0x01,
0x00,0x86,0x12,0x00,0x00,0x00,0x88,0x12,0x00,0x01,0x00,0x10,0x00,0x01,0x00,0x08,
0xd1,0x38,0xb1,0x00,0x00,0x00,0x11,0xd7,0x21,0x01,0x00,0xcf,0xcd,0x40,0x70,0x04,
0x00,0x00,0x95,0xf0,0x17,0xcd,0xd7,0x42,0x70,0x04,0x00,0x00,0xcd,0xcb,0x42,0x71,
0x04,0x00,0x00,0xcd,0xba,0x42,0x85,0x04,0x00,0x00,0x29,0x38,0xb1,0x00,0x00,0x00,
0x11,0xcd,0x40,0x70,0x04,0x00,0x00,0x40,0xcf,0x02,0x00,0x00,0xcb,0xef,0x9c,0x21,
0x01,0x00,0xd4,0x41,0x46,0x00,0x00,0x00,0xcd,0x40,0x71,0x04,0x00,0x00,0xba,0x24,
0x02,0x00,0x0e,0xcc,0x41,0x46,0x00,0x00,0x00,0xcb,0xcd,0x40,0x71,0x04,0x00,0x00,
0xef,0x24,0x02,0x00,0x0e,0xcd,0xcc,0x40,0xcd,0x02,0x00,0x00,0x42,0x70,0x04,0x00,
0x00,0xcd,0xcc,0x42,0x71,0x04,0x00,0x00,0x29,0xb4,0x04,0xe8,0x19,0x07,0x18,0x0d,
0x2a,0x68,0x21,0x26,0x00,0x26,0x00,0x2c,0x22,0x57,0x44,0x21,0x65,0x20,0x16,0x3a,
0x15,0x20,0x16,0x3f,0x15,0x3f,0x00,0x00,0x0c,0x42,0x0b,0x01,0x00,0x01,0x01,0x01,
0x04,0x00,0x00,0x00,0x43,0x02,0x8c,0x12,0x00,0x01,0x00,0x10,0x00,0x01,0x00,0x08,
0xcf,0xd7,0xcb,0x40,0x71,0x04,0x00,0x00,0xef,0xa8,0xf0,0x10,0xcb,0x07,0x42,0x70,
0x04,0x00,0x00,0xcb,0x07,0x42,0x71,0x04,0x00,0x00,0x29,0xcb,0xcb,0x40,0x71,0x04,
0x00,0x00,0x41,0xad,0x03,0x00,0x00,0xd7,0x24,0x01,0x00,0x42,0x71,0x04,0x00,0x00,
0xcb,0xcb,0x40,0x71,0x04,0x00,0x00,0x40,0xcd,0x02,0x00,0x00,0x42,0x70,0x04,0x00,
0x00,0x29,0xb4,0x04,0xf6,0x19,0x07,0x0c,0x12,0x16,0x35,0x0d,0x26,0x00,0x2d,0x03,
0x3e,0x4e,0x30,0x4d,0x00,0x0c,0x42,0x0b,0x01,0x00,0x00,0x02,0x00,0x04,0x00,0x01,
0x00,0x4d,0x02,0x8e,0x12,0x00,0x00,0x00,0x10,0x00,0x01,0x00,0xa2,0x04,0x00,0x01,
0x08,0xd0,0x04,0x88,0x04,0x00,0x00,0xcc,0x40,0x7e,0x04,0x00,0x00,0x9c,0x04,0x89,
0x04,0x00,0x00,0x9c,0xcc,0x40,0x4a,0x02,0x00,0x00,0x9c,0x04,0x5b,0x02,0x00,0x00,
0x9c,0xcc,0x40,0x4b,0x02,0x00,0x00,0x9c,0x04,0x8a,0x04,0x00,0x00,0x9c,0xcc,0x40,
0x7d,0x04,0x00,0x00,0x9c,0x04,0x8b,0x04,0x00,0x00,0x9c,0xcf,0xe3,0x41,0x8c,0x04,
0x00,0x00,0xcc,0x40,0x6f,0x04,0x00,0x00,0xcb,0x24,0x02,0x00,0x29,0xb4,0x04,0x80,
0x1a,0x07,0x16,0x26,0x2a,0x25,0x1a,0x20,0x30,0x25,0x1a,0x20,0x0c,0x25,0x1a,0x20,
0x92,0x01,0x25,0x18,0x26,0xd9,0x02,0x20,0x1c,0x00,0x0c,0x42,0x0b,0x01,0x00,0x01,
0x02,0x01,0x05,0x00,0x00,0x00,0x5f,0x03,0xe8,0x04,0x00,0x01,0x00,0xb0,0x04,0x06,
0x00,0x03,0x10,0x00,0x01,0x00,0x08,0xd0,0x6b,0x2f,0x00,0x00,0x00,0xcc,0x41,0x8d,
0x04,0x00,0x00,0xd7,0x24,0x01,0x00,0x0e,0xcc,0x40,0x72,0x04,0x00,0x00,0xf0,0x0d,
0xcc,0x41,0x8e,0x04,0x00,0x00,0x24,0x00,0x00,0x0e,0xf2,0x0b,0xcc,0x41,0x8f,0x04,
0x00,0x00,0x24,0x00,0x00,0x0e,0x0e,0x29,0xcf,0x6b,0x2a,0x00,0x00,0x00,0xcc,0x41,
0x90,0x04,0x00,0x00,0xcb,0xf0,0x11,0xcb,0x40,0x34,0x00,0x00,0x00,0xf0,0x09,0xcb,
0x40,0x34,0x00,0x00,0x00,0xf2,0x08,0x38,0xa2,0x00,0x00,0x00,0xcb,0xf5,0x24,0x01,
0x00,0x0e,0x0e,0x29,0x30,0xb4,0x04,0x84,0x1a,0x07,0x12,0x27,0x08,0x20,0x22,0x45,
0x1d,0x20,0x0a,0x22,0x09,0x20,0x0a,0x41,0x0d,0x20,0x16,0x7a,0x48,0x00,0x0c,0x42,
0x0b,0x01,0x00,0x00,0x0d,0x00,0x06,0x04,0x02,0x03,0xbd,0x03,0x0d,0xa2,0x12,0x00,
0x00,0x00,0xa4,0x12,0x00,0x01,0x40,0x02,0xcc,0x05,0x00,0x02,0x00,0xa6,0x12,0x00,
0x03,0x00,0xfe,0x10,0x00,0x04,0x00,0xa8,0x12,0x00,0x05,0x40,0x00,0xda,0x08,0x00,
0x06,0x40,0x03,0xaa,0x12,0x00,0x07,0x00,0xac,0x12,0x00,0x08,0x00,0xdc,0x0a,0x00,
0x09,0x00,0xca,0x07,0x00,0x0a,0x00,0xba,0x07,0x00,0x0b,0x40,0x01,0x10,0x00,0x01,
0x00,0x94,0x11,0x01,0x00,0xae,0x11,0x0b,0x00,0x07,0x06,0x31,0x30,0x31,0x0c,0x43,
0x0a,0x01,0x00,0x01,0x00,0x01,0x05,0x00,0x05,0x00,0x61,0x01,0xae,0x12,0x00,0x01,
0x00,0xa8,0x12,0x05,0x00,0xba,0x07,0x0b,0x00,0xa4,0x12,0x01,0x00,0x94,0x11,0x00,
0x02,0xda,0x08,0x06,0x00,0xe3,0xd7,0xae,0xf0,0x10,0xe4,0x41,0x90,0x04,0x00,0x00,
0x04,0x98,0x04,0x00,0x00,0x24,0x01,0x00,0x29,0xe4,0x41,0x99,0x04,0x00,0x00,0xe5,
0x24,0x01,0x00,0x0e,0xe4,0x0a,0x42,0x72,0x04,0x00,0x00,0xe4,0xe6,0x42,0x32,0x04,
0x00,0x00,0xe4,0x5d,0x04,0x00,0x42,0x49,0x02,0x00,0x00,0xe4,0x41,0xd2,0x01,0x00,
0x00,0x38,0xd3,0x01,0x00,0x00,0x11,0x04,0x20,0x04,0x00,0x00,0x21,0x01,0x00,0x24,
0x01,0x00,0x0e,0xe4,0x40,0x71,0x04,0x00,0x00,0xf0,0x0b,0xe4,0x41,0x8e,0x04,0x00,
0x00,0x24,0x00,0x00,0x0e,0x29,0xb4,0x04,0xb6,0x1a,0x27,0x18,0x08,0x19,0x17,0x19,
0x20,0x0a,0x32,0x0d,0x20,0x1c,0x1c,0x1b,0x26,0x00,0x26,0x00,0x30,0x00,0x20,0x2e,
0x85,0x07,0x20,0x0a,0x00,0x0c,0x43,0x0a,0x01,0x00,0x01,0x00,0x01,0x05,0x00,0x01,
0x00,0x2a,0x01,0xb0,0x04,0x00,0x01,0x00,0xba,0x07,0x0b,0x00,0xe3,0x41,0x90,0x04,
0x00,0x00,0x04,0x9a,0x04,0x00,0x00,0xd7,0xf0,0x11,0xd7,0x40,0x34,0x00,0x00,0x00,
0xf0,0x09,0xd7,0x40,0x34,0x00,0x00,0x00,0xf2,0x08,0x38,0xa2,0x00,0x00,0x00,0xd7,
0xf5,0x9c,0x24,0x01,0x00,0x29,0xb4,0x04,0xc1,0x1a,0x12,0x08,0x03,0x0d,0x20,0x0a,
0x1b,0x32,0x7a,0x4a,0x00,0x08,0xc8,0x0c,0xc7,0x0c,0x40,0x71,0x04,0x00,0x00,0xcf,
0xb9,0xd0,0xba,0xd1,0xcd,0xbd,0x9c,0xcb,0xef,0xa5,0xf0,0x31,0xcb,0xcd,0x46,0xc2,
0x0d,0xad,0xf0,0x25,0xcb,0xcd,0xbb,0x9c,0x46,0xc2,0x0a,0xad,0xf0,0x1b,0xcb,0xcd,
0xbc,0x9c,0x46,0xc2,0x0d,0xad,0xf0,0x11,0xcb,0xcd,0xbd,0x9c,0x46,0xc2,0x0a,0xad,
0xf0,0x07,0xcd,0xbe,0x9c,0xd0,0xf2,0x05,0x92,0x02,0xf2,0xc9,0xcc,0xba,0xa5,0xf0,
0x02,0x29,0x38,0xe5,0x02,0x00,0x00,0x11,0x21,0x00,0x00,0x41,0xe7,0x02,0x00,0x00,
0xcb,0x41,0xad,0x03,0x00,0x00,0xba,0xcc,0x24,0x02,0x00,0x24,0x01,0x00,0xd6,0x41,
0x65,0x00,0x00,0x00,0x04,0x9b,0x04,0x00,0x00,0x24,0x01,0x00,0xc9,0x04,0xba,0x46,
0x41,0x4f,0x01,0x00,0x00,0xc4,0x00,0x24,0x01,0x00,0xba,0xa5,0xf0,0x16,0xc7,0x0c,
0x41,0x90,0x04,0x00,0x00,0x04,0x9c,0x04,0x00,0x00,0xc7,0x04,0xba,0x46,0x9c,0x24,
0x01,0x00,0x29,0x07,0xc8,0x05,0xc6,0xc8,0x06,0x09,0xc8,0x07,0x09,0xc8,0x08,0xbb,
0xc8,0x09,0xc7,0x09,0xc7,0x04,0xef,0xa5,0x68,0xcb,0x00,0x00,0x00,0xc7,0x04,0xc7,
0x09,0x46,0x41,0x46,0x02,0x00,0x00,0x24,0x00,0x00,0xc9,0x0a,0x41,0x4f,0x01,0x00,
0x00,0x04,0x9d,0x04,0x00,0x00,0x24,0x01,0x00,0xba,0xad,0xf0,0x22,0xc7,0x04,0xc7,
0x09,0x46,0x41,0x65,0x00,0x00,0x00,0x04,0x5b,0x02,0x00,0x00,0x24,0x01,0x00,0xbb,
0x46,0x41,0x3e,0x02,0x00,0x00,0x24,0x00,0x00,0xc8,0x05,0xf3,0x83,0x00,0xc7,0x0a,
0x41,0x4f,0x01,0x00,0x00,0x04,0x9e,0x04,0x00,0x00,0x24,0x01,0x00,0xba,0xad,0xf0,
0x21,0xc7,0x04,0xc7,0x09,0x46,0x41,0x65,0x00,0x00,0x00,0x04,0x5b,0x02,0x00,0x00,
0x24,0x01,0x00,0xbb,0x46,0x41,0x3e,0x02,0x00,0x00,0x24,0x00,0x00,0xc8,0x06,0xf2,
0x4f,0xc7,0x0a,0x41,0x4f,0x01,0x00,0x00,0x04,0x9f,0x04,0x00,0x00,0x24,0x01,0x00,
0xba,0xad,0xf0,0x16,0xc7,0x0a,0x41,0x4f,0x01,0x00,0x00,0x04,0xa0,0x04,0x00,0x00,
0x24,0x01,0x00,0xba,0xa8,0xc8,0x07,0xf2,0x27,0xc7,0x0a,0x41,0x4f,0x01,0x00,0x00,
0x04,0xa1,0x04,0x00,0x00,0x24,0x01,0x00,0xba,0xad,0xf0,0x14,0xc7,0x0a,0x41,0x4f,
0x01,0x00,0x00,0x04,0xa2,0x04,0x00,0x00,0x24,0x01,0x00,0xba,0xa8,0xc8,0x08,0x92,
0x09,0xf3,0x30,0xff,0xc7,0x07,0x95,0x11,0xf1,0x05,0x0e,0xc7,0x08,0x95,0xf0,0x11,
0xc7,0x0c,0x41,0x90,0x04,0x00,0x00,0x04,0xa3,0x04,0x00,0x00,0x24,0x01,0x00,0x29,
0xc7,0x0c,0xc8,0x0b,0xe4,0xc7,0x0c,0x40,0x7d,0x04,0x00,0x00,0xf5,0x41,0x89,0x00,
0x00,0x00,0xc5,0x01,0x24,0x01,0x00,0x41,0x19,0x00,0x00,0x00,0xc5,0x02,0x24,0x01,
0x00,0x29,0xb4,0x04,0x91,0x1a,0x07,0x6d,0x55,0x2c,0x0c,0x08,0x2b,0x0b,0x25,0x1e,
0x11,0x0e,0x25,0x1e,0x11,0x0e,0x25,0x1e,0x11,0x0e,0x1c,0x9f,0x01,0x07,0x20,0x00,
0x0a,0x08,0x07,0x1c,0x08,0x48,0x2a,0x20,0x0a,0x49,0x2f,0x58,0x11,0x1b,0x22,0x17,
0x37,0x25,0x0a,0x1b,0x46,0x00,0x1a,0x0e,0x2b,0x62,0x01,0x35,0x15,0x2a,0x4a,0x17,
0x51,0x34,0x24,0x4d,0x1c,0x4e,0x29,0x2a,0x4e,0x17,0x63,0x34,0x28,0x4d,0x1c,0x49,
0x2d,0x2a,0x30,0x17,0x45,0x25,0x1c,0x2a,0x30,0x44,0x35,0x2a,0x36,0x17,0x4b,0x25,
0x22,0x2a,0x2c,0x00,0x15,0x08,0x51,0x25,0x0a,0x00,0x0d,0x08,0x0d,0x07,0x1c,0x43,
0x20,0x00,0x0a,0x16,0x29,0x00,0x0c,0x42,0x0b,0x01,0x00,0x00,0x0b,0x00,0x05,0x00,
0x02,0x00,0xc8,0x02,0x0b,0xa2,0x12,0x00,0x00,0x00,0xc8,0x12,0x00,0x01,0x00,0xcc,
0x0e,0x00,0x02,0x00,0xca,0x12,0x00,0x03,0x00,0xc2,0x11,0x00,0x04,0x00,0xcc,0x12,
0x00,0x05,0x00,0xf0,0x09,0x00,0x06,0x00,0xc8,0x0b,0x00,0x07,0x00,0xcc,0x05,0x00,
0x08,0x00,0xde,0x0f,0x00,0x09,0x00,0x10,0x00,0x01,0x00,0x94,0x11,0x01,0x00,0x9e,
0x11,0x02,0x00,0x08,0xc8,0x0a,0xc7,0x0a,0x40,0x32,0x04,0x00,0x00,0xe3,0xae,0xf0,
0x0d,0xc7,0x0a,0x40,0x32,0x04,0x00,0x00,0xe4,0xae,0xf0,0x02,0x29,0xc7,0x0a,0x40,
0x71,0x04,0x00,0x00,0x68,0x25,0x01,0x00,0x00,0xc7,0x0a,0x40,0x71,0x04,0x00,0x00,
0xef,0xbc,0xa8,0x68,0x16,0x01,0x00,0x00,0xc7,0x0a,0x40,0x71,0x04,0x00,0x00,0xd3,
0xba,0x46,0xd0,0xcb,0xbb,0x46,0xd1,0xcc,0xc3,0x80,0x00,0xa1,0xba,0xae,0xd2,0xcc,
0xc2,0x0f,0xa1,0xc8,0x04,0xcd,0xc3,0x80,0x00,0xa1,0xba,0xae,0xc8,0x05,0xcd,0xc2,
0x7f,0xa1,0xc8,0x06,0xbc,0xc8,0x07,0xcc,0xc2,0x70,0xa1,0xba,0xae,0xf0,0x11,0xc7,
0x0a,0x41,0x90,0x04,0x00,0x00,0x04,0xa7,0x04,0x00,0x00,0x24,0x01,0x00,0x29,0xc7,
0x05,0xf0,0x11,0xc7,0x0a,0x41,0x90,0x04,0x00,0x00,0x04,0xa8,0x04,0x00,0x00,0x24,
0x01,0x00,0x29,0xc7,0x04,0xc2,0x08,0xa1,0xba,0xae,0xf0,0x1e,0xce,0x95,0x11,0xf1,
0x07,0x0e,0xc7,0x06,0xc2,0x7d,0xa7,0xf0,0x11,0xc7,0x0a,0x41,0x90,0x04,0x00,0x00,
0x04,0xa9,0x04,0x00,0x00,0x24,0x01,0x00,0x29,0xc7,0x06,0xc2,0x7e,0xad,0xf0,0x1b,
0xcb,0xef,0xbe,0xa5,0x69,0x85,0x00,0x00,0x00,0xcb,0xbc,0x46,0xc2,0x08,0x9e,0xcb,
0xbd,0x46,0xa3,0xc8,0x06,0xbe,0xc8,0x07,0xf2,0x32,0xc7,0x06,0xc2,0x7f,0xad,0xf0,
0x2b,0xcb,0xef,0xc2,0x0a,0xa5,0xf1,0x63,0xba,0xc8,0x06,0xba,0xc8,0x08,0xc7,0x08,
0xc2,0x08,0xa5,0xf0,0x13,0xc7,0x06,0xc2,0x08,0x9e,0xcb,0xbc,0xc7,0x08,0x9c,0x46,
0xa3,0xc8,0x06,0x92,0x08,0xf2,0xe8,0xc2,0x0a,0xc8,0x07,0xcb,0xef,0xc7,0x07,0xc7,
0x06,0x9c,0xa5,0xf1,0x36,0xcb,0x41,0xad,0x03,0x00,0x00,0xc7,0x07,0xc7,0x07,0xc7,
0x06,0x9c,0x24,0x02,0x00,0xc8,0x09,0xc7,0x0a,0x41,0x99,0x04,0x00,0x00,0xc7,0x07,
0xc7,0x06,0x9c,0x24,0x01,0x00,0x0e,0xc7,0x0a,0x41,0xaa,0x04,0x00,0x00,0xce,0xc7,
0x04,0xc7,0x09,0x24,0x03,0x00,0x0e,0xf3,0xd5,0xfe,0x29,0xb4,0x04,0xc6,0x1a,0x07,
0x5c,0x35,0x36,0x39,0x3a,0x80,0x0b,0x00,0x17,0x08,0x3b,0x16,0x12,0x17,0x0d,0x21,
0x02,0x16,0x12,0x1c,0x19,0x31,0x09,0x11,0x12,0x17,0x21,0x25,0x0a,0x00,0x0d,0x08,
0x09,0x25,0x0a,0x3c,0x0e,0x11,0x0e,0x3e,0x28,0x1c,0x4d,0x25,0x0a,0x3c,0x0a,0x26,
0x10,0x26,0x23,0x11,0x22,0x11,0x08,0x21,0x29,0x26,0x22,0x26,0x02,0x1c,0x23,0x2b,
0x28,0x1b,0x10,0x0c,0x1a,0x11,0x08,0x0c,0x12,0x3a,0x6b,0x22,0x20,0x0c,0x12,0x3f,
0x02,0x16,0x22,0x2b,0x59,0x25,0x1c,0x0c,0x12,0x26,0x2d,0x25,0x24,0x00,0x0c,0x42,
0x0b,0x01,0x00,0x03,0x09,0x03,0x07,0x00,0x0a,0x00,0xec,0x03,0x0c,0xca,0x12,0x00,
0x01,0x00,0xc2,0x11,0x00,0x01,0x00,0xde,0x0f,0x00,0x01,0x00,0xd6,0x12,0x00,0x00,
0x00,0xc8,0x08,0x00,0x01,0x00,0xda,0x07,0x00,0x02,0x00,0xa8,0x02,0x00,0x03,0x00,
0xd8,0x12,0x00,0x04,0x00,0xda,0x12,0x00,0x05,0x00,0xca,0x11,0x00,0x06,0x00,0xdc,
0x12,0x00,0x07,0x00,0x10,0x00,0x01,0x00,0xa2,0x11,0x05,0x00,0xa4,0x11,0x06,0x00,
0xa0,0x11,0x04,0x00,0xb0,0x11,0x0c,0x00,0xa6,0x11,0x07,0x00,0xb2,0x11,0x0d,0x00,
0xa2,0x04,0x00,0x01,0x96,0x11,0x03,0x00,0xa8,0x11,0x08,0x00,0xaa,0x11,0x09,0x00,
0x08,0xc8,0x08,0xd8,0xe3,0xad,0x11,0xf1,0x05,0x0e,0xd8,0xe4,0xad,0xf0,0x27,0xd7,
0x95,0xf0,0x15,0xc7,0x08,0xd8,0x42,0x77,0x04,0x00,0x00,0xc7,0x08,0xd9,0x26,0x01,
0x00,0x42,0x78,0x04,0x00,0x00,0x29,0xc7,0x08,0x41,0xaf,0x04,0x00,0x00,0xd8,0xd9,
0x24,0x02,0x00,0x0e,0x29,0xd8,0xe5,0xad,0xf0,0x6f,0xc7,0x08,0x40,0x77,0x04,0x00,
0x00,0xba,0xad,0x11,0xf1,0x0a,0x0e,0xc7,0x08,0x40,0x78,0x04,0x00,0x00,0x95,0xf0,
0x11,0xc7,0x08,0x41,0x90,0x04,0x00,0x00,0x04,0xb0,0x04,0x00,0x00,0x24,0x01,0x00,
0x29,0xc7,0x08,0x40,0x78,0x04,0x00,0x00,0x41,0x52,0x01,0x00,0x00,0xd9,0x24,0x01,
0x00,0x0e,0xd7,0x68,0x77,0x01,0x00,0x00,0xc7,0x08,0x40,0x77,0x04,0x00,0x00,0xcf,
0xc7,0x08,0x40,0x78,0x04,0x00,0x00,0xd0,0xc7,0x08,0xba,0x42,0x77,0x04,0x00,0x00,
0xc7,0x08,0x07,0x42,0x78,0x04,0x00,0x00,0xc7,0x08,0x41,0xaf,0x04,0x00,0x00,0xcb,
0xe6,0xcc,0xf5,0x24,0x02,0x00,0x0e,0x29,0xd8,0x5d,0x04,0x00,0xad,0x68,0x0f,0x01,
0x00,0x00,0xc3,0xe8,0x03,0xd1,0xc6,0xd2,0xd9,0xef,0xbc,0xa8,0xf0,0x2e,0xd9,0xba,
0x46,0xc2,0x08,0x9e,0xd9,0xbb,0x46,0xa3,0xd1,0xd9,0xef,0xbc,0xa7,0xf0,0x1d,0x38,
0xe5,0x02,0x00,0x00,0x11,0x21,0x00,0x00,0x41,0xe7,0x02,0x00,0x00,0xd9,0x41,0xad,
0x03,0x00,0x00,0xbc,0x24,0x01,0x00,0x24,0x01,0x00,0xd2,0xc7,0x08,0x40,0x73,0x04,
0x00,0x00,0x95,0xf0,0x7f,0x38,0xa0,0x02,0x00,0x00,0x11,0x21,0x00,0x00,0x41,0xa1,
0x02,0x00,0x00,0xce,0x24,0x01,0x00,0xc8,0x04,0x38,0xb1,0x00,0x00,0x00,0x11,0xbc,
0xc7,0x04,0xef,0x9c,0x21,0x01,0x00,0xc9,0x05,0xba,0x1b,0x11,0xaf,0xf1,0x04,0x1b,
0x71,0x1b,0x1b,0xcd,0xc2,0x08,0x9f,0xc3,0xff,0x00,0xa1,0x1b,0x71,0x1b,0x48,0xc7,
0x05,0xbb,0x1b,0x11,0xaf,0xf1,0x04,0x1b,0x71,0x1b,0x1b,0xcd,0xc3,0xff,0x00,0xa1,
0x1b,0x71,0x1b,0x48,0xc7,0x05,0x41,0x46,0x00,0x00,0x00,0xc7,0x04,0xbc,0x24,0x02,
0x00,0x0e,0x5d,0x05,0x00,0x5d,0x04,0x00,0xc7,0x05,0x0a,0xf7,0xc8,0x06,0x5d,0x06,
0x00,0x41,0x8c,0x04,0x00,0x00,0xc7,0x08,0x40,0x6f,0x04,0x00,0x00,0xc7,0x06,0x24,
0x02,0x00,0x0e,0xc7,0x08,0x5d,0x07,0x00,0x42,0x32,0x04,0x00,0x00,0xc7,0x08,0x41,
0xd2,0x01,0x00,0x00,0x38,0x5b,0x04,0x00,0x00,0x11,0x04,0x61,0x02,0x00,0x00,0x0b,
0xcd,0x4b,0xed,0x01,0x00,0x00,0xce,0x4b,0x94,0x00,0x00,0x00,0x0a,0x4b,0xb1,0x04,
0x00,0x00,0x21,0x02,0x00,0x24,0x01,0x00,0x0e,0x5d,0x06,0x00,0x41,0xb2,0x04,0x00,
0x00,0xc7,0x08,0x40,0x6f,0x04,0x00,0x00,0x24,0x01,0x00,0x0e,0x29,0xd8,0x5d,0x08,
0x00,0xad,0xf0,0x22,0x5d,0x05,0x00,0x5d,0x09,0x00,0xd9,0x0a,0xf7,0xc8,0x07,0x5d,
0x06,0x00,0x41,0x8c,0x04,0x00,0x00,0xc7,0x08,0x40,0x6f,0x04,0x00,0x00,0xc7,0x07,
0x24,0x02,0x00,0x0e,0x29,0xd8,0x5d,0x09,0x00,0xad,0x0e,0x29,0xb4,0x04,0xed,0x1a,
0x07,0x66,0x17,0x22,0x25,0x34,0x2c,0x49,0x2b,0x00,0x41,0x03,0x25,0x2a,0x2b,0x01,
0x3a,0x0a,0x53,0x2d,0x25,0x0a,0x32,0x0d,0x3e,0x2a,0x00,0x1b,0x08,0x25,0x2b,0x00,
0x2b,0x00,0x25,0x2a,0x0c,0x28,0x2c,0x2d,0x5a,0x04,0x17,0x27,0x11,0x2a,0x11,0x08,
0x26,0x07,0x17,0x0b,0x48,0x2a,0x20,0x10,0x5f,0x2b,0x48,0x2a,0x21,0x27,0x25,0x1e,
0x26,0x4b,0x43,0x34,0x11,0x08,0x2b,0x3b,0x43,0x32,0x2b,0x31,0x25,0x22,0x35,0x0c,
0x30,0x2d,0x2a,0x1c,0x45,0x1f,0x35,0x00,0x25,0x2e,0xbc,0x2d,0x2a,0x1c,0x44,0x0c,
0x30,0x04,0x2b,0x2b,0x2a,0x1c,0x4e,0x0c,0x00,0x0c,0x42,0x0b,0x01,0x00,0x02,0x04,
0x02,0x07,0x00,0x02,0x00,0x9e,0x01,0x06,0xc2,0x11,0x00,0x01,0x00,0xde,0x0f,0x00,
0x01,0x00,0x94,0x0b,0x00,0x00,0x00,0xee,0x0e,0x00,0x01,0x00,0xe8,0x04,0x00,0x02,
0x00,0x10,0x00,0x01,0x00,0x94,0x11,0x01,0x00,0xa2,0x11,0x05,0x00,0x08,0xd2,0xce,
0x40,0x32,0x04,0x00,0x00,0xe3,0xae,0xf0,0x02,0x29,0xd7,0xe4,0xad,0xf0,0x33,0x38,
0xe5,0x02,0x00,0x00,0x11,0x21,0x00,0x00,0x41,0xe7,0x02,0x00,0x00,0xd8,0x24,0x01,
0x00,0xcf,0xce,0x41,0xd2,0x01,0x00,0x00,0x38,0x0f,0x04,0x00,0x00,0x11,0x04,0x34,
0x00,0x00,0x00,0x0b,0xcb,0x4b,0x34,0x01,0x00,0x00,0x21,0x02,0x00,0x24,0x01,0x00,
0x29,0xd8,0x41,0xc3,0x01,0x00,0x00,0x24,0x00,0x00,0x40,0xcd,0x02,0x00,0x00,0xd0,
0xce,0x40,0x76,0x04,0x00,0x00,0x04,0xb3,0x04,0x00,0x00,0xad,0xf0,0x05,0xcc,0xd1,
0xf2,0x1b,0x37,0xd1,0x02,0x00,0x00,0xfa,0xf1,0x11,0x38,0xd1,0x02,0x00,0x00,0x11,
0xcc,0x26,0x01,0x00,0x21,0x01,0x00,0xd1,0xf2,0x03,0xcc,0xd1,0xce,0x41,0xd2,0x01,
0x00,0x00,0x38,0x0f,0x04,0x00,0x00,0x11,0x04,0x34,0x00,0x00,0x00,0x0b,0xcd,0x4b,
0x34,0x01,0x00,0x00,0x21,0x02,0x00,0x24,0x01,0x00,0x29,0xb4,0x04,0x9c,0x1b,0x07,
0x1c,0x2b,0x36,0x21,0x13,0x17,0x04,0x48,0x2a,0x1c,0x47,0x20,0x2e,0xa0,0x0f,0x4f,
0x10,0x2b,0x2d,0x30,0x32,0x12,0x1b,0x54,0x15,0x0e,0x03,0x20,0x2e,0x00,0x0c,0x42,
0x0b,0x01,0x00,0x01,0x01,0x01,0x03,0x00,0x01,0x00,0x18,0x02,0x82,0x10,0x00,0x01,
0x00,0x10,0x00,0x01,0x00,0x96,0x11,0x03,0x00,0x08,0xcf,0xcb,0x40,0x32,0x04,0x00,
0x00,0xe3,0xad,0xf0,0x02,0x29,0xcb,0x41,0x90,0x04,0x00,0x00,0xd7,0x24,0x01,0x00,
0x29,0xb4,0x04,0xae,0x1b,0x07,0x06,0x2b,0x36,0x1c,0x31,0x20,0x16,0x00,0x0c,0x42,
0x0b,0x01,0x00,0x01,0x02,0x01,0x07,0x00,0x02,0x00,0x82,0x01,0x03,0x82,0x10,0x00,
0x01,0x00,0xb0,0x04,0x06,0x00,0x03,0x10,0x00,0x01,0x00,0x96,0x11,0x03,0x00,0xa2,
0x04,0x00,0x01,0x08,0xd0,0xcc,0x40,0x32,0x04,0x00,0x00,0xe3,0xad,0xf0,0x02,0x29,
0xcc,0xe3,0x42,0x32,0x04,0x00,0x00,0xcc,0x41,0xd2,0x01,0x00,0x00,0x38,0xd3,0x01,
0x00,0x00,0x11,0x04,0x37,0x00,0x00,0x00,0x21,0x01,0x00,0x24,0x01,0x00,0x0e,0xcc,
0x41,0xd2,0x01,0x00,0x00,0x38,0x5b,0x04,0x00,0x00,0x11,0x04,0x61,0x02,0x00,0x00,
0x0b,0xc3,0xee,0x03,0x4b,0xed,0x01,0x00,0x00,0xc6,0x4b,0x94,0x00,0x00,0x00,0x09,
0x4b,0xb1,0x04,0x00,0x00,0x21,0x02,0x00,0x24,0x01,0x00,0x0e,0xcc,0x40,0x6f,0x04,
0x00,0x00,0xf0,0x21,0x6b,0x16,0x00,0x00,0x00,0xe4,0x41,0xb2,0x04,0x00,0x00,0xcc,
0x40,0x6f,0x04,0x00,0x00,0x24,0x01,0x00,0x0e,0x0e,0x29,0xcf,0x6b,0x06,0x00,0x00,
0x00,0x0e,0x29,0x30,0x29,0xb4,0x04,0xb2,0x1b,0x07,0x12,0x2b,0x36,0x1c,0x31,0x26,
0x00,0x20,0x2e,0x5d,0x2d,0x20,0x2e,0x00,0x34,0x06,0x25,0x20,0x1c,0x00,0x0c,0x42,
0x0b,0x01,0x00,0x00,0x01,0x00,0x07,0x00,0x01,0x00,0x41,0x01,0x10,0x00,0x01,0x00,
0x96,0x11,0x03,0x00,0x08,0xcf,0xcb,0x40,0x32,0x04,0x00,0x00,0xe3,0xad,0xf0,0x02,
0x29,0xcb,0xe3,0x42,0x32,0x04,0x00,0x00,0xcb,0x41,0xd2,0x01,0x00,0x00,0x38,0x5b,
0x04,0x00,0x00,0x11,0x04,0x61,0x02,0x00,0x00,0x0b,0xc3,0xee,0x03,0x4b,0xed,0x01,
0x00,0x00,0xc6,0x4b,0x94,0x00,0x00,0x00,0x09,0x4b,0xb1,0x04,0x00,0x00,0x21,0x02,
0x00,0x24,0x01,0x00,0x29,0xb4,0x04,0xbe,0x1b,0x07,0x08,0x2b,0x36,0x1c,0x31,0x26,
0x00,0x20,0x2e,0x00,0x0c,0x42,0x0b,0x01,0x00,0x00,0x01,0x00,0x01,0x00,0x00,0x00,
0x09,0x01,0x10,0x00,0x01,0x00,0x08,0xcf,0xcb,0x40,0x0d,0x02,0x00,0x00,0x28,0xb4,
0x04,0xc4,0x1b,0x0b,0x00,0x00,0x0c,0x42,0x0b,0x01,0x00,0x00,0x01,0x00,0x01,0x00,
0x00,0x00,0x09,0x01,0x10,0x00,0x01,0x00,0x08,0xcf,0xcb,0x40,0x32,0x04,0x00,0x00,
0x28,0xb4,0x04,0xc7,0x1b,0x0b,0x00,0x00,0x0c,0x42,0x0b,0x01,0x00,0x00,0x01,0x00,
0x01,0x00,0x00,0x00,0x09,0x01,0x10,0x00,0x01,0x00,0x08,0xcf,0xcb,0x40,0x49,0x02,
0x00,0x00,0x28,0xb4,0x04,0xca,0x1b,0x0b,0x00,0x00,0x0c,0x42,0x0b,0x01,0x00,0x00,
0x00,0x00,0x01,0x00,0x00,0x00,0x02,0x00,0xc6,0x28,0xb4,0x04,0xcd,0x1b,0x0b,0x00,
0x00,0x0c,0x42,0x0b,0x01,0x00,0x00,0x00,0x00,0x01,0x00,0x00,0x00,0x02,0x00,0xba,
0x28,0xb4,0x04,0xd0,0x1b,0x0b,0x00,0x00,0x0c,0x42,0x0b,0x01,0x00,0x00,0x00,0x00,
0x01,0x00,0x01,0x00,0x02,0x00,0x92,0x11,0x00,0x00,0xe3,0x28,0xb4,0x04,0xd3,0x1b,
0x0b,0x00,0x00,0x0c,0x42,0x0b,0x01,0x00,0x00,0x00,0x00,0x01,0x00,0x01,0x00,0x02,
0x00,0x94,0x11,0x01,0x00,0xe3,0x28,0xb4,0x04,0xd6,0x1b,0x0b,0x00,0x00,0x0c,0x42,
0x0b,0x01,0x00,0x00,0x00,0x00,0x01,0x00,0x01,0x00,0x02,0x00,0x9e,0x11,0x02,0x00,
0xe3,0x28,0xb4,0x04,0xd9,0x1b,0x0b,0x00,0x00,0x0c,0x42,0x0b,0x01,0x00,0x00,0x00,
0x00,0x01,0x00,0x01,0x00,0x02,0x00,0x96,0x11,0x03,0x00,0xe3,0x28,0xb4,0x04,0xdc,
0x1b,0x0b,0x00,0x00,0x0c,0x42,0x0b,0x01,0x00,0x00,0x01,0x00,0x01,0x00,0x00,0x00,
0x09,0x01,0x10,0x00,0x01,0x00,0x08,0xcf,0xcb,0x40,0x76,0x04,0x00,0x00,0x28,0xb4,
0x04,0xdf,0x1b,0x0b,0x00,0x00,0x0c,0x42,0x0b,0x01,0x00,0x01,0x01,0x01,0x03,0x00,
0x00,0x00,0x32,0x02,0xba,0x09,0x00,0x01,0x00,0x10,0x00,0x01,0x00,0x08,0xcf,0x38,
0xa2,0x00,0x00,0x00,0xd7,0xf5,0xdf,0x04,0x58,0x03,0x00,0x00,0xae,0xf0,0x19,0xd7,
0x04,0xb3,0x04,0x00,0x00,0xae,0xf0,0x10,0x38,0xda,0x00,0x00,0x00,0x11,0x04,0xb4,
0x04,0x00,0x00,0x21,0x01,0x00,0x30,0xcb,0xd7,0x42,0x76,0x04,0x00,0x00,0x29,0xb4,
0x04,0xe2,0x1b,0x0b,0x0c,0x0d,0x03,0x1b,0x16,0x12,0x01,0x2f,0x20,0x2b,0x1b,0x4f,
0x17,0x00,0x0c,0x42,0x0b,0x01,0x00,0x01,0x04,0x01,0x05,0x00,0x06,0x00,0xfc,0x01,
0x05,0xe8,0x04,0x00,0x01,0x00,0xc2,0x11,0x00,0x00,0x00,0xde,0x0f,0x00,0x01,0x00,
0xca,0x11,0x00,0x02,0x00,0x10,0x00,0x01,0x00,0x92,0x11,0x00,0x00,0x94,0x11,0x01,
0x00,0xa2,0x11,0x05,0x00,0xa4,0x11,0x06,0x00,0xb2,0x11,0x0d,0x00,0xa2,0x04,0x00,
0x01,0x08,0xd2,0xce,0x40,0x32,0x04,0x00,0x00,0xe3,0xad,0xf0,0x15,0x38,0xdd,0x00,
0x00,0x00,0x11,0x04,0xb5,0x04,0x00,0x00,0x04,0xfc,0x01,0x00,0x00,0x21,0x02,0x00,
0x30,0xce,0x40,0x32,0x04,0x00,0x00,0xe4,0xae,0xf0,0x02,0x29,0xe5,0xcf,0xd7,0x96,
0x04,0x4c,0x00,0x00,0x00,0xad,0xf0,0x17,0x38,0xa0,0x02,0x00,0x00,0x11,0x21,0x00,
0x00,0x41,0xa1,0x02,0x00,0x00,0xd7,0x24,0x01,0x00,0xd0,0xf3,0x97,0x00,0xd7,0x38,
0xad,0x00,0x00,0x00,0xa9,0xf0,0x11,0x38,0xb1,0x00,0x00,0x00,0x11,0xd7,0x21,0x01,
0x00,0xd0,0xe6,0xcf,0xf3,0x7e,0x00,0x38,0xad,0x00,0x00,0x00,0x41,0xb6,0x04,0x00,
0x00,0xd7,0x24,0x01,0x00,0xf0,0x21,0x38,0xb1,0x00,0x00,0x00,0x11,0xd7,0x40,0xcd,
0x02,0x00,0x00,0xd7,0x40,0xce,0x02,0x00,0x00,0xd7,0x40,0xcf,0x02,0x00,0x00,0x21,
0x03,0x00,0xd0,0xe6,0xcf,0xf2,0x4d,0x37,0xd1,0x02,0x00,0x00,0xfa,0xf1,0x2c,0xd7,
0x38,0xd1,0x02,0x00,0x00,0xa9,0xf0,0x23,0xd7,0x40,0xb7,0x04,0x00,0x00,0xf0,0x0c,
0xd7,0x41,0xb7,0x04,0x00,0x00,0x24,0x00,0x00,0xf2,0x0b,0x38,0xb1,0x00,0x00,0x00,
0x11,0xba,0x21,0x01,0x00,0xd0,0xe6,0xcf,0xf2,0x1a,0x38,0xa0,0x02,0x00,0x00,0x11,
0x21,0x00,0x00,0x41,0xa1,0x02,0x00,0x00,0x38,0xa2,0x00,0x00,0x00,0xd7,0xf5,0x24,
0x01,0x00,0xd0,0x5d,0x04,0x00,0xca,0x0a,0xf7,0xd1,0x5d,0x05,0x00,0x41,0x8c,0x04,
0x00,0x00,0xce,0x40,0x6f,0x04,0x00,0x00,0xcd,0x24,0x02,0x00,0x29,0xb4,0x04,0xe9,
0x1b,0x07,0x30,0x2b,0x36,0x17,0x19,0x86,0x1a,0x2d,0x09,0x30,0x07,0x48,0x2a,0x30,
0x13,0x2b,0x15,0x3a,0x1b,0x4e,0x38,0x21,0x1b,0x8f,0x1b,0x30,0x32,0x16,0x3e,0x2b,
0x6f,0x48,0x40,0x1b,0x24,0x3a,0x63,0x18,0x1c,0x48,0x2a,0x1b,0x0e,0x31,0x29,0x17,
0x2d,0x2a,0x1c,0x00,0x0c,0x42,0x0b,0x01,0x00,0x02,0x04,0x02,0x04,0x00,0x06,0x00,
0xde,0x02,0x06,0xda,0x07,0x00,0x01,0x00,0xa8,0x02,0x00,0x01,0x00,0xd8,0x12,0x00,
0x00,0x00,0xde,0x0f,0x00,0x01,0x00,0xca,0x11,0x00,0x02,0x00,0x10,0x00,0x01,0x00,
0x9e,0x11,0x02,0x00,0x96,0x11,0x03,0x00,0x92,0x11,0x00,0x00,0xb2,0x11,0x0d,0x00,
0xa6,0x11,0x07,0x00,0xa2,0x04,0x00,0x01,0x08,0xd2,0xd7,0xf8,0xf1,0x33,0x38,0xa1,
0x00,0x00,0x00,0xd7,0xf5,0xdf,0xc3,0xe8,0x03,0xae,0xf0,0x25,0xd7,0xc3,0xb8,0x0b,
0xa5,0x11,0xf1,0x07,0x0e,0xd7,0xc3,0x87,0x13,0xa7,0xf0,0x15,0x38,0xdd,0x00,0x00,
0x00,0x11,0x04,0xb8,0x04,0x00,0x00,0x04,0xff,0x01,0x00,0x00,0x21,0x02,0x00,0x30,
0xd8,0xf8,0xf1,0x33,0x38,0xa0,0x02,0x00,0x00,0x11,0x21,0x00,0x00,0x41,0xa1,0x02,
0x00,0x00,0x38,0xa2,0x00,0x00,0x00,0xd8,0xf5,0x24,0x01,0x00,0xef,0xc2,0x7b,0xa7,
0xf0,0x15,0x38,0xdd,0x00,0x00,0x00,0x11,0x04,0xb9,0x04,0x00,0x00,0x04,0xd9,0x00,
0x00,0x00,0x21,0x02,0x00,0x30,0xce,0x40,0x32,0x04,0x00,0x00,0xe3,0xad,0x11,0xf1,
0x0a,0x0e,0xce,0x40,0x32,0x04,0x00,0x00,0xe4,0xad,0xf0,0x02,0x29,0xce,0xd7,0xf8,
0xf0,0x06,0xc3,0xe8,0x03,0xf2,0x02,0xd7,0x42,0x74,0x04,0x00,0x00,0xce,0xd8,0xf8,
0xf0,0x04,0xc6,0xf2,0x08,0x38,0xa2,0x00,0x00,0x00,0xd8,0xf5,0x42,0x75,0x04,0x00,
0x00,0xce,0x40,0x32,0x04,0x00,0x00,0xe5,0xad,0xf0,0x17,0xce,0xe3,0x42,0x32,0x04,
0x00,0x00,0xce,0x41,0x90,0x04,0x00,0x00,0x04,0xba,0x04,0x00,0x00,0x24,0x01,0x00,
0x29,0xce,0xe3,0x42,0x32,0x04,0x00,0x00,0xce,0x0a,0x42,0x73,0x04,0x00,0x00,0x38,
0xa0,0x02,0x00,0x00,0x11,0x21,0x00,0x00,0x41,0xa1,0x02,0x00,0x00,0xce,0x40,0x75,
0x04,0x00,0x00,0x24,0x01,0x00,0xcf,0x38,0xb1,0x00,0x00,0x00,0x11,0xbc,0xcb,0xef,
0x9c,0x21,0x01,0x00,0xd4,0xba,0x1b,0x11,0xaf,0xf1,0x04,0x1b,0x71,0x1b,0x1b,0xce,
0x40,0x74,0x04,0x00,0x00,0xc2,0x08,0x9f,0xc3,0xff,0x00,0xa1,0x1b,0x71,0x1b,0x48,
0xcc,0xbb,0x1b,0x11,0xaf,0xf1,0x04,0x1b,0x71,0x1b,0x1b,0xce,0x40,0x74,0x04,0x00,
0x00,0xc3,0xff,0x00,0xa1,0x1b,0x71,0x1b,0x48,0xcb,0xef,0xba,0xa7,0xf0,0x0d,0xcc,
0x41,0x46,0x00,0x00,0x00,0xcb,0xbc,0x24,0x02,0x00,0x0e,0xe6,0x5d,0x04,0x00,0xcc,
0x0a,0xf7,0xd1,0x5d,0x05,0x00,0x41,0x8c,0x04,0x00,0x00,0xce,0x40,0x6f,0x04,0x00,
0x00,0xcd,0x24,0x02,0x00,0x29,0xb4,0x04,0x81,0x1c,0x07,0x52,0x12,0x1e,0x12,0x15,
0x1b,0x1c,0x12,0x01,0x25,0x1e,0x2f,0x1c,0x21,0x3b,0x6e,0x02,0x11,0x1c,0x48,0x2a,
0x1b,0x0e,0x20,0x24,0x1c,0x7d,0x86,0x1a,0x3e,0x40,0x1c,0x71,0x0c,0x36,0x49,0x35,
0x0c,0x3e,0x39,0x2a,0x44,0x35,0x17,0x2d,0x26,0x00,0x20,0x0a,0x32,0x0d,0x26,0x00,
0x26,0x2c,0x48,0x2a,0x35,0x31,0x25,0x1e,0x21,0x41,0x57,0x40,0x11,0x08,0x2b,0x47,
0x57,0x3e,0x35,0x0b,0x16,0x06,0x20,0x18,0x26,0x21,0x26,0x2d,0x2a,0x1c,0x00,0x0c,
0xc6,0x0b,0x01,0x00,0x02,0x03,0x02,0x04,0x00,0x01,0x00,0x73,0x05,0xd8,0x05,0x00,
0x01,0x00,0x94,0x08,0x00,0x01,0x00,0xf6,0x01,0x00,0x01,0x00,0xf4,0x01,0x00,0x01,
0x00,0x10,0x00,0x01,0x20,0xfe,0x01,0x12,0x18,0x0c,0x02,0xcf,0x0c,0x03,0xd0,0x60,
0x02,0x00,0x2b,0xcb,0x35,0xcc,0xd7,0xd8,0x21,0x02,0x00,0x11,0x63,0x02,0x00,0x64,
0x00,0x00,0x11,0xf0,0x08,0x61,0x02,0x00,0x1b,0x24,0x00,0x00,0x0e,0x0e,0x61,0x02,
0x00,0xd8,0x11,0xf0,0x08,0x0e,0xd8,0x40,0xed,0x01,0x00,0x00,0x11,0xf1,0x05,0x0e,
0xc3,0xe8,0x03,0x42,0xed,0x01,0x00,0x00,0x61,0x02,0x00,0xd8,0x11,0xf0,0x08,0x0e,
0xd8,0x40,0x94,0x00,0x00,0x00,0x11,0xf1,0x03,0x0e,0xc6,0x42,0x94,0x00,0x00,0x00,
0x61,0x02,0x00,0xd8,0x11,0xf0,0x08,0x0e,0xd8,0x40,0xb1,0x04,0x00,0x00,0x11,0xf1,
0x03,0x0e,0x09,0x42,0xb1,0x04,0x00,0x00,0x61,0x02,0x00,0x28,0xb4,0x04,0xa0,0x1c,
0x07,0x08,0x35,0x04,0x8a,0x00,0x85,0x00,0x7b,0x00,0x00,0xc5,0x00,0xc8,0x0a,0xc5,
0x01,0xc8,0x0b,0xc5,0x02,0xc8,0x0c,0xc5,0x03,0xc8,0x0d,0x60,0x10,0x00,0xd7,0x40,
0x7f,0x04,0x00,0x00,0xfb,0xf1,0x02,0x29,0xba,0xcf,0xbb,0xd0,0xbc,0xd1,0xbd,0xd2,
0xba,0xc8,0x04,0xbb,0xc8,0x05,0xbc,0xc8,0x06,0xc2,0x08,0xc8,0x07,0xc2,0x09,0xc8,
0x08,0xc2,0x0a,0xc8,0x09,0x60,0x0e,0x00,0x38,0xd4,0x01,0x00,0x00,0x60,0x0f,0x00,
0xc4,0x04,0x55,0x5a,0x04,0x00,0x00,0x01,0xc5,0x05,0x53,0x4d,0x04,0x00,0x00,0x01,
0xc5,0x06,0x53,0x4d,0x04,0x00,0x00,0x02,0xc5,0x07,0x53,0x0a,0x04,0x00,0x00,0x01,
0xc5,0x08,0x53,0x0a,0x04,0x00,0x00,0x02,0xc5,0x09,0x53,0x4e,0x04,0x00,0x00,0x01,
0xc5,0x0a,0x53,0x4e,0x04,0x00,0x00,0x02,0xc5,0x0b,0x53,0x82,0x04,0x00,0x00,0x01,
0xc5,0x0c,0x53,0x82,0x04,0x00,0x00,0x02,0xc5,0x0d,0x53,0x8d,0x04,0x00,0x00,0x00,
0xc5,0x0e,0x53,0x99,0x04,0x00,0x00,0x00,0xc5,0x0f,0x53,0x6a,0x04,0x00,0x00,0x00,
0xc5,0x10,0x53,0x6b,0x04,0x00,0x00,0x00,0xc5,0x11,0x53,0x8f,0x04,0x00,0x00,0x00,
0xc5,0x12,0x53,0x8e,0x04,0x00,0x00,0x00,0xc5,0x13,0x53,0xaa,0x04,0x00,0x00,0x00,
0xc5,0x14,0x53,0xaf,0x04,0x00,0x00,0x00,0xc5,0x15,0x53,0x6c,0x04,0x00,0x00,0x00,
0xc5,0x16,0x53,0x90,0x04,0x00,0x00,0x00,0xc5,0x17,0x53,0x6d,0x04,0x00,0x00,0x00,
0xc5,0x18,0x53,0x28,0x02,0x00,0x00,0x01,0xc5,0x19,0x53,0x4c,0x04,0x00,0x00,0x01,
0xc5,0x1a,0x53,0x2d,0x02,0x00,0x00,0x01,0xc5,0x1b,0x53,0xbb,0x04,0x00,0x00,0x01,
0xc5,0x1c,0x53,0xbc,0x04,0x00,0x00,0x01,0xc5,0x1d,0x53,0x49,0x04,0x00,0x00,0x01,
0xc5,0x1e,0x53,0x4a,0x04,0x00,0x00,0x01,0xc5,0x1f,0x53,0x4f,0x04,0x00,0x00,0x01,
0xc5,0x20,0x53,0x4b,0x04,0x00,0x00,0x01,0xc5,0x21,0x53,0xbd,0x04,0x00,0x00,0x01,
0xc5,0x22,0x53,0xbd,0x04,0x00,0x00,0x02,0xc5,0x23,0x53,0xbe,0x04,0x00,0x00,0x00,
0xc5,0x24,0x53,0x61,0x02,0x00,0x00,0x00,0x06,0xc8,0x0f,0x0e,0xc9,0x0e,0x67,0x0f,
0x00,0xc8,0x10,0x38,0x95,0x00,0x00,0x00,0x61,0x10,0x00,0x42,0x5a,0x04,0x00,0x00,
0x38,0x95,0x00,0x00,0x00,0x38,0x95,0x00,0x00,0x00,0x40,0x5b,0x04,0x00,0x00,0x11,
0xf1,0x1e,0x0e,0x60,0x11,0x00,0x38,0xd3,0x01,0x00,0x00,0x60,0x12,0x00,0xc4,0x25,
0x55,0x5b,0x04,0x00,0x00,0x01,0x06,0xc8,0x12,0x0e,0xc9,0x11,0x67,0x12,0x00,0x42,
0x5b,0x04,0x00,0x00,0x29,0xb4,0x04,0xd2,0x18,0x03,0x0a,0x80,0x42,0x00,0xbf,0x02,
0x96,0x07,0x3d,0x44,0x00,0x00,0x0c,0x43,0x0a,0x00,0x8c,0x04,0x01,0x11,0x01,0x06,
0x12,0x00,0x0c,0x77,0x12,0xa2,0x04,0x00,0x01,0x40,0x05,0xfe,0x12,0x00,0x00,0x40,
0x01,0x80,0x13,0x00,0x01,0x40,0x08,0x82,0x13,0x00,0x02,0x40,0x0c,0x84,0x13,0x00,
0x03,0x40,0x09,0x86,0x13,0x00,0x04,0x40,0x11,0x88,0x13,0x00,0x05,0x40,0x00,0x8a,
0x13,0x00,0x06,0x40,0x02,0x8c,0x13,0x00,0x07,0x40,0x03,0x8e,0x13,0x00,0x08,0x40,
0x10,0x90,0x13,0x00,0x09,0x40,0x0f,0x92,0x13,0x00,0x0a,0x40,0x0b,0x94,0x13,0x00,
0x0b,0x40,0x0d,0x96,0x13,0x00,0x0c,0x40,0x0a,0x98,0x13,0x00,0x0d,0x40,0x07,0x9a,
0x13,0x00,0x0e,0x40,0x06,0x9c,0x13,0x00,0x0f,0x40,0x04,0x9e,0x13,0x00,0x10,0x40,
0x0e,0x0c,0x43,0x0a,0x00,0x8a,0x13,0x01,0x05,0x01,0x05,0x00,0x01,0x00,0xab,0x01,
0x06,0xa0,0x0b,0x00,0x01,0x00,0xba,0x11,0x00,0x00,0x00,0xcc,0x05,0x00,0x01,0x00,
0xd4,0x05,0x00,0x02,0x00,0xa0,0x13,0x00,0x03,0x00,0xa2,0x13,0x00,0x04,0x00,0x88,
0x13,0x05,0x00,0xc6,0xcf,0xba,0xd0,0xcc,0xbc,0x9c,0xd7,0xef,0xa5,0xf0,0x42,0xd7,
0xcc,0x46,0xc2,0x10,0x9e,0xd7,0xcc,0xbb,0x9c,0x46,0xc2,0x08,0x9e,0xa3,0xd7,0xcc,
0xbc,0x9c,0x46,0xa3,0xd1,0xcb,0xe3,0xcd,0xc2,0x12,0x9f,0xc2,0x3f,0xa1,0x46,0xe3,
0xcd,0xc2,0x0c,0x9f,0xc2,0x3f,0xa1,0x46,0x9c,0xe3,0xcd,0xc0,0x9f,0xc2,0x3f,0xa1,
0x46,0x9c,0xe3,0xcd,0xc2,0x3f,0xa1,0x46,0x9c,0x9c,0xcf,0xbd,0x93,0x01,0xf2,0xb8,
0xcc,0xd7,0xef,0xa5,0xf0,0x57,0xd7,0xcc,0x46,0xc2,0x10,0x9e,0xd2,0xbb,0xc8,0x04,
0xcc,0xbb,0x9c,0xd7,0xef,0xa5,0xf0,0x0f,0xce,0xd7,0xcc,0xbb,0x9c,0x46,0xc2,0x08,
0x9e,0xa3,0xd2,0xbc,0xc8,0x04,0xcb,0xe3,0xce,0xc2,0x12,0x9f,0xc2,0x3f,0xa1,0x46,
0xe3,0xce,0xc2,0x0c,0x9f,0xc2,0x3f,0xa1,0x46,0x9c,0x9c,0xcf,0xc7,0x04,0xbc,0xad,
0xf0,0x14,0xcb,0xe3,0xce,0xc0,0x9f,0xc2,0x3f,0xa1,0x46,0x04,0x15,0x02,0x00,0x00,
0x9c,0x9c,0xcf,0xf2,0x08,0x04,0xd2,0x04,0x00,0x00,0x93,0x00,0xcb,0x28,0xb4,0x04,
0xb2,0x1c,0x05,0x51,0x1d,0x1a,0x0c,0x08,0x2b,0x0a,0x11,0x0a,0x0c,0x10,0x11,0x0c,
0x16,0x08,0x0c,0x10,0x1c,0x61,0x11,0x26,0x11,0x0a,0x16,0x0c,0x0c,0x1c,0x11,0x0a,
0x1b,0x0c,0x0c,0x1c,0x0c,0x08,0x1b,0x0c,0x0c,0x1a,0x26,0xb7,0x01,0x22,0x0c,0x2b,
0x1a,0x2c,0x15,0x0c,0x08,0x1c,0x13,0x11,0x1c,0x11,0x0c,0x1c,0x27,0x13,0x03,0x11,
0x28,0x11,0x0a,0x16,0x0c,0x0c,0x1e,0x11,0x0a,0x30,0x4d,0x16,0x06,0x11,0x28,0x0c,
0x08,0x16,0x0c,0x35,0x4f,0x00,0x0c,0x43,0x0a,0x00,0x8c,0x13,0x01,0x12,0x01,0x07,
0x00,0x00,0x06,0x9d,0x06,0x13,0x8a,0x0c,0x00,0x01,0x00,0xa6,0x13,0x00,0x00,0x00,
0xa8,0x13,0x00,0x01,0x00,0xaa,0x13,0x00,0x02,0x00,0x82,0x10,0x00,0x03,0x00,0xac,
0x13,0x00,0x04,0x00,0xcc,0x05,0x00,0x05,0x00,0xd0,0x0a,0x00,0x06,0x00,0xae,0x13,
0x00,0x07,0x00,0xb0,0x13,0x00,0x08,0x00,0xd2,0x05,0x00,0x09,0x00,0xd4,0x05,0x00,
0x0a,0x00,0xb2,0x08,0x00,0x0b,0x00,0x80,0x0a,0x00,0x0c,0x00,0xb0,0x04,0x00,0x0d,
0x00,0xb2,0x13,0x00,0x0e,0x00,0xd0,0x0e,0x00,0x0f,0x00,0xb4,0x13,0x00,0x10,0x00,
0xce,0x0a,0x00,0x11,0x00,0x0c,0x43,0x0a,0x00,0xa6,0x13,0x02,0x00,0x02,0x04,0x00,
0x00,0x00,0x0d,0x02,0x8c,0x12,0x00,0x01,0x00,0xa0,0x13,0x00,0x01,0x00,0xd7,0xd8,
0x9e,0xd7,0xc2,0x20,0xd8,0x9d,0xa0,0xa3,0xba,0xa0,0x28,0xb4,0x04,0xc7,0x1c,0x07,
0x0a,0x08,0x1e,0x0c,0x0a,0x07,0x0c,0x0c,0x0a,0x16,0x10,0x00,0x06,0x00,0x00,0x20,
0x71,0xb5,0xf9,0xed,0x41,0x06,0x00,0x00,0xc0,0x9f,0x5b,0x17,0xe3,0x41,0x06,0x00,
0x00,0x00,0x3e,0x5c,0x7a,0xe8,0x41,0x06,0x00,0x00,0x80,0x9b,0x77,0xe3,0xe1,0x41,
0x06,0x00,0x00,0xc0,0x3a,0x58,0x4c,0xe9,0x41,0xc5,0x00,0xcf,0x01,0x01,0x23,0x45,
0x67,0xc4,0x01,0xc4,0x02,0x01,0x76,0x54,0x32,0x10,0xc4,0x03,0x26,0x05,0x00,0xd0,
0xd7,0xef,0xc2,0x08,0x99,0xd1,0x38,0xb1,0x00,0x00,0x00,0x11,0xd7,0xef,0xc2,0x08,
0x9c,0xc0,0x9f,0xc0,0x9e,0xc2,0x40,0x9c,0x21,0x01,0x00,0xd6,0x41,0x46,0x00,0x00,
0x00,0xd7,0xba,0x24,0x02,0x00,0x0e,0xce,0xd7,0xef,0x1b,0x11,0xaf,0xf1,0x04,0x1b,
0x71,0x1b,0x1b,0xc3,0x80,0x00,0x1b,0x71,0x1b,0x48,0xcd,0xc8,0x04,0xba,0xc8,0x05,
0xc7,0x05,0xc2,0x08,0xa5,0xf0,0x35,0xce,0xce,0xef,0xbb,0x9d,0xc7,0x05,0x9d,0x1b,
0x11,0xaf,0xf1,0x04,0x1b,0x71,0x1b,0x1b,0xc7,0x04,0xc3,0xff,0x00,0xa1,0x1b,0x71,
0x1b,0x48,0x38,0xa6,0x00,0x00,0x00,0x41,0xdb,0x04,0x00,0x00,0xc7,0x04,0xc3,0x00,
0x01,0x9a,0x24,0x01,0x00,0xc8,0x04,0x92,0x05,0xf2,0xc6,0xba,0xc8,0x06,0xc7,0x06,
0xce,0xef,0xa5,0x68,0xe6,0x01,0x00,0x00,0x38,0x9f,0x00,0x00,0x00,0x11,0xc2,0x50,
0x21,0x01,0x00,0xc8,0x07,0xba,0xc8,0x08,0xc7,0x08,0xc2,0x10,0xa5,0xf0,0x4c,0xc7,
0x07,0xc7,0x08,0x1b,0x11,0xaf,0xf1,0x04,0x1b,0x71,0x1b,0x1b,0xce,0xc7,0x06,0xbe,
0xc7,0x08,0x99,0x9c,0x46,0xc2,0x18,0x9e,0xce,0xc7,0x06,0xbe,0xc7,0x08,0x99,0x9c,
0xbb,0x9c,0x46,0xc2,0x10,0x9e,0xa3,0xce,0xc7,0x06,0xbe,0xc7,0x08,0x99,0x9c,0xbc,
0x9c,0x46,0xc2,0x08,0x9e,0xa3,0xce,0xc7,0x06,0xbe,0xc7,0x08,0x99,0x9c,0xbd,0x9c,
0x46,0xa3,0x1b,0x71,0x1b,0x48,0x92,0x08,0xf2,0xaf,0xc2,0x10,0xc8,0x08,0xc7,0x08,
0xc2,0x50,0xa5,0xf0,0x3b,0xc7,0x07,0xc7,0x08,0x1b,0x11,0xaf,0xf1,0x04,0x1b,0x71,
0x1b,0x1b,0xcb,0xc7,0x07,0xc7,0x08,0xbd,0x9d,0x46,0xc7,0x07,0xc7,0x08,0xc2,0x08,
0x9d,0x46,0xa2,0xc7,0x07,0xc7,0x08,0xc2,0x0e,0x9d,0x46,0xa2,0xc7,0x07,0xc7,0x08,
0xc2,0x10,0x9d,0x46,0xa2,0xbb,0xf6,0x1b,0x71,0x1b,0x48,0x92,0x08,0xf2,0xc0,0xcc,
0xba,0x46,0xc8,0x09,0xcc,0xbb,0x46,0xc8,0x0a,0xcc,0xbc,0x46,0xc8,0x0b,0xcc,0xbd,
0x46,0xc8,0x0c,0xcc,0xbe,0x46,0xc8,0x0d,0xba,0xc8,0x08,0xc7,0x08,0xc2,0x50,0xa5,
0x68,0x9f,0x00,0x00,0x00,0xc7,0x08,0xc2,0x14,0xa5,0xf0,0x18,0xc7,0x0a,0xc7,0x0b,
0xa1,0xc7,0x0a,0x94,0xc7,0x0c,0xa1,0xa3,0xc8,0x0e,0x01,0x99,0x79,0x82,0x5a,0xc8,
0x0f,0xf2,0x49,0xc7,0x08,0xc2,0x28,0xa5,0xf0,0x14,0xc7,0x0a,0xc7,0x0b,0xa2,0xc7,
0x0c,0xa2,0xc8,0x0e,0x01,0xa1,0xeb,0xd9,0x6e,0xc8,0x0f,0xf2,0x2f,0xc7,0x08,0xc2,
0x3c,0xa5,0xf0,0x1a,0xc7,0x0a,0xc7,0x0b,0xa1,0xc7,0x0a,0xc7,0x0c,0xa1,0xa3,0xc7,
0x0b,0xc7,0x0c,0xa1,0xa3,0xc8,0x0e,0xc4,0x04,0xc8,0x0f,0xf2,0x0f,0xc7,0x0a,0xc7,
0x0b,0xa2,0xc7,0x0c,0xa2,0xc8,0x0e,0xc4,0x05,0xc8,0x0f,0xcb,0xc7,0x09,0xbf,0xf6,
0xc7,0x0e,0x9c,0xc7,0x0d,0x9c,0xc7,0x0f,0x9c,0xc7,0x07,0xc7,0x08,0x46,0x9c,0xba,
0xa0,0xc8,0x10,0xc7,0x0c,0xc8,0x0d,0xc7,0x0b,0xc8,0x0c,0xcb,0xc7,0x0a,0xc2,0x1e,
0xf6,0xc8,0x0b,0xc7,0x09,0xc8,0x0a,0xc7,0x10,0xc8,0x09,0x92,0x08,0xf3,0x5d,0xff,
0xcc,0xba,0x1b,0x11,0xaf,0xf1,0x04,0x1b,0x71,0x1b,0x1b,0xcc,0xba,0x46,0xc7,0x09,
0x9c,0xba,0xa0,0x1b,0x71,0x1b,0x48,0xcc,0xbb,0x1b,0x11,0xaf,0xf1,0x04,0x1b,0x71,
0x1b,0x1b,0xcc,0xbb,0x46,0xc7,0x0a,0x9c,0xba,0xa0,0x1b,0x71,0x1b,0x48,0xcc,0xbc,
0x1b,0x11,0xaf,0xf1,0x04,0x1b,0x71,0x1b,0x1b,0xcc,0xbc,0x46,0xc7,0x0b,0x9c,0xba,
0xa0,0x1b,0x71,0x1b,0x48,0xcc,0xbd,0x1b,0x11,0xaf,0xf1,0x04,0x1b,0x71,0x1b,0x1b,
0xcc,0xbd,0x46,0xc7,0x0c,0x9c,0xba,0xa0,0x1b,0x71,0x1b,0x48,0xcc,0xbe,0x1b,0x11,
0xaf,0xf1,0x04,0x1b,0x71,0x1b,0x1b,0xcc,0xbe,0x46,0xc7,0x0d,0x9c,0xba,0xa0,0x1b,
0x71,0x1b,0x48,0xc2,0x40,0x93,0x06,0xf3,0x16,0xfe,0x38,0xb1,0x00,0x00,0x00,0x11,
0xc2,0x14,0x21,0x01,0x00,0xc8,0x11,0xba,0xc8,0x05,0xc7,0x05,0xbf,0xa5,0x68,0x84,
0x00,0x00,0x00,0xc7,0x11,0xbe,0xc7,0x05,0x99,0x1b,0x11,0xaf,0xf1,0x04,0x1b,0x71,
0x1b,0x1b,0xcc,0xc7,0x05,0x46,0xc2,0x18,0xa0,0xc3,0xff,0x00,0xa1,0x1b,0x71,0x1b,
0x48,0xc7,0x11,0xbe,0xc7,0x05,0x99,0xbb,0x9c,0x1b,0x11,0xaf,0xf1,0x04,0x1b,0x71,
0x1b,0x1b,0xcc,0xc7,0x05,0x46,0xc2,0x10,0xa0,0xc3,0xff,0x00,0xa1,0x1b,0x71,0x1b,
0x48,0xc7,0x11,0xbe,0xc7,0x05,0x99,0xbc,0x9c,0x1b,0x11,0xaf,0xf1,0x04,0x1b,0x71,
0x1b,0x1b,0xcc,0xc7,0x05,0x46,0xc2,0x08,0xa0,0xc3,0xff,0x00,0xa1,0x1b,0x71,0x1b,
0x48,0xc7,0x11,0xbe,0xc7,0x05,0x99,0xbd,0x9c,0x1b,0x11,0xaf,0xf1,0x04,0x1b,0x71,
0x1b,0x1b,0xcc,0xc7,0x05,0x46,0xc3,0xff,0x00,0xa1,0x1b,0x71,0x1b,0x48,0x92,0x05,
0xf3,0x79,0xff,0xc7,0x11,0x28,0xb4,0x04,0xc6,0x1c,0x05,0xf1,0x01,0x00,0x19,0x0a,
0x34,0x17,0x13,0x2a,0x36,0x11,0x0a,0x0c,0x0a,0x0c,0x0a,0x21,0x6f,0x20,0x10,0x21,
0x0f,0x8b,0x28,0x1c,0x23,0x11,0x22,0x0c,0x08,0x48,0x16,0x2b,0x3f,0x34,0x22,0x0c,
0x0c,0x5e,0x01,0x2b,0x13,0x5d,0x10,0x1c,0x23,0x52,0x22,0x07,0x08,0x1b,0x0c,0x11,
0x0a,0x11,0x14,0x07,0x08,0x16,0x08,0x11,0x0c,0x16,0x0a,0x11,0x14,0x07,0x08,0x16,
0x08,0x11,0x0c,0x16,0x08,0x11,0x14,0x07,0x08,0x16,0x08,0x5d,0xaf,0x01,0x1c,0x25,
0x48,0x18,0x16,0x0c,0x11,0x0a,0x16,0x0c,0x1b,0x0a,0x16,0x0c,0x1b,0x0c,0x16,0x0c,
0xe5,0x43,0x36,0x13,0x1c,0x0b,0x0c,0x10,0x11,0x08,0x11,0x0a,0x21,0x21,0x3a,0x1a,
0x1c,0x19,0x0c,0x10,0x11,0x08,0x1c,0x17,0x3a,0x1a,0x1c,0x19,0x0c,0x10,0x11,0x08,
0x0c,0x08,0x16,0x08,0x0c,0x08,0x21,0x2f,0x22,0x00,0x0c,0x10,0x11,0x08,0x1c,0x17,
0x1d,0x1a,0x16,0x10,0x11,0x08,0x11,0x08,0x11,0x08,0x20,0x12,0x17,0x57,0x17,0x00,
0x17,0x00,0x07,0x12,0x26,0x11,0x17,0x00,0x31,0x03,0x48,0x1c,0x11,0x0c,0x21,0x27,
0x48,0x1c,0x11,0x0c,0x21,0x27,0x48,0x1c,0x11,0x0c,0x21,0x27,0x48,0x1c,0x11,0x0c,
0x21,0x27,0x48,0x1c,0x11,0x0c,0x45,0x0f,0x5d,0x0c,0x26,0x23,0x11,0x10,0x52,0x1c,
0x11,0x0a,0x2b,0x35,0x11,0x10,0x11,0x08,0x4d,0x1c,0x11,0x0a,0x2b,0x3d,0x11,0x10,
0x11,0x08,0x4d,0x1c,0x11,0x08,0x2b,0x3b,0x11,0x10,0x11,0x08,0x4d,0x18,0x00,0x0c,
0x43,0x0a,0x00,0x8e,0x13,0x01,0x02,0x01,0x05,0x00,0x03,0x00,0x62,0x03,0xe8,0x06,
0x00,0x01,0x00,0xf0,0x01,0x00,0x00,0x00,0xcc,0x05,0x00,0x01,0x00,0xfe,0x12,0x00,
0x00,0x8a,0x13,0x06,0x00,0x8c,0x13,0x07,0x00,0x38,0xb1,0x00,0x00,0x00,0x11,0xd7,
0xef,0xe3,0xef,0x9c,0x21,0x01,0x00,0xcf,0xba,0xd0,0xcc,0xd7,0xef,0xa5,0xf0,0x1d,
0xca,0x1b,0x11,0xaf,0xf1,0x04,0x1b,0x71,0x1b,0x1b,0xd7,0x41,0x1b,0x02,0x00,0x00,
0xcc,0x24,0x01,0x00,0x1b,0x71,0x1b,0x48,0x92,0x01,0xf2,0xdf,0xba,0xd0,0xcc,0xe3,
0xef,0xa5,0xf0,0x21,0xcb,0xd7,0xef,0xcc,0x9c,0x1b,0x11,0xaf,0xf1,0x04,0x1b,0x71,
0x1b,0x1b,0xe3,0x41,0x1b,0x02,0x00,0x00,0xcc,0x24,0x01,0x00,0x1b,0x71,0x1b,0x48,
0x92,0x01,0xf2,0xdb,0xe4,0xe5,0xcb,0xf5,0x23,0x01,0x00,0xb4,0x04,0x80,0x1d,0x05,
0x17,0x03,0x20,0x2a,0x30,0x35,0x23,0x1b,0x22,0x52,0x30,0x4e,0x51,0x1b,0x2a,0x11,
0x22,0x57,0x30,0x44,0x81,0x01,0x07,0x14,0x00,0x0c,0x43,0x0a,0x00,0x90,0x13,0x01,
0x0b,0x01,0x04,0x01,0x00,0x03,0x8e,0x02,0x0c,0xa6,0x12,0x00,0x01,0x00,0xe4,0x05,
0x00,0x00,0x00,0xb8,0x13,0x00,0x01,0x00,0xc8,0x08,0x00,0x02,0x00,0xb8,0x0a,0x00,
0x03,0x00,0xd6,0x06,0x00,0x04,0x00,0xba,0x13,0x00,0x05,0x00,0xec,0x0a,0x00,0x06,
0x40,0x00,0xbc,0x13,0x00,0x07,0x00,0xbe,0x13,0x00,0x08,0x00,0xc0,0x13,0x00,0x09,
0x00,0xc2,0x13,0x00,0x0a,0x00,0x0c,0x43,0x0a,0x00,0x00,0x01,0x01,0x01,0x06,0x00,
0x01,0x00,0x49,0x02,0xca,0x07,0x00,0x01,0x00,0xc4,0x13,0x00,0x00,0x00,0xec,0x0a,
0x06,0x00,0xd7,0x41,0x4f,0x01,0x00,0x00,0x04,0x5b,0x02,0x00,0x00,0x24,0x01,0x00,
0xd3,0xba,0xa7,0xf0,0x36,0xe3,0xd7,0x41,0x4f,0x02,0x00,0x00,0xba,0xcb,0x24,0x02,
0x00,0x41,0x46,0x02,0x00,0x00,0x24,0x00,0x00,0x1b,0x11,0xaf,0xf1,0x04,0x1b,0x71,
0x1b,0x1b,0xd7,0x41,0x4f,0x02,0x00,0x00,0xcb,0xbb,0x9c,0x24,0x01,0x00,0x41,0x3e,
0x02,0x00,0x00,0x24,0x00,0x00,0x1b,0x71,0x1b,0x48,0x29,0xb4,0x04,0x8e,0x1d,0x3a,
0x10,0x21,0x4b,0x30,0x03,0x16,0x06,0x25,0x14,0x34,0x22,0x5c,0x3a,0x07,0x0a,0x34,
0x06,0x00,0x07,0x0a,0x5e,0x5c,0x64,0x2b,0x24,0x07,0x66,0x00,0x00,0x01,0x00,0x2b,
0x00,0x00,0x00,0x09,0x06,0x00,0x00,0x00,0x05,0x08,0xf5,0xff,0xff,0xff,0x0c,0x00,
0x06,0x1d,0x08,0x00,0x00,0x00,0x01,0x00,0x00,0x00,0xff,0xff,0xff,0x7f,0x01,0x00,
0x00,0x00,0x16,0x01,0x00,0x30,0x00,0x39,0x00,0x0b,0x07,0x0d,0x00,0x0b,0xd7,0x41,
0x4f,0x01,0x00,0x00,0x04,0x9b,0x04,0x00,0x00,0x24,0x01,0x00,0xd3,0xba,0xa5,0xf0,
0x03,0x07,0x28,0xd7,0x41,0x4f,0x02,0x00,0x00,0xba,0xcb,0x24,0x02,0x00,0xd4,0x41,
0x65,0x00,0x00,0x00,0x04,0x1c,0x01,0x00,0x00,0x24,0x01,0x00,0xd5,0xef,0xbd,0xa5,
0xf0,0x03,0x07,0x28,0xcd,0xba,0x46,0xd2,0xcd,0xbb,0x46,0xc8,0x04,0xcd,0xbc,0x46,
0xc8,0x05,0x38,0x9e,0x00,0x00,0x00,0x41,0x1e,0x03,0x00,0x00,0x07,0x24,0x01,0x00,
0xc8,0x06,0xd7,0x41,0x4f,0x02,0x00,0x00,0xcb,0xbc,0x9c,0x24,0x01,0x00,0x41,0x65,
0x00,0x00,0x00,0x04,0x9b,0x04,0x00,0x00,0x24,0x01,0x00,0x41,0x56,0x01,0x00,0x00,
0xc5,0x00,0x24,0x01,0x00,0x0e,0xc7,0x06,0x04,0xe3,0x04,0x00,0x00,0x46,0x11,0xf1,
0x03,0x0e,0xc6,0x41,0x3e,0x02,0x00,0x00,0x24,0x00,0x00,0xc8,0x07,0xba,0xc8,0x08,
0xc7,0x07,0xc6,0xae,0xf0,0x1f,0xc4,0x01,0xc4,0x02,0x34,0x41,0x84,0x02,0x00,0x00,
0xc7,0x07,0x24,0x01,0x00,0x95,0xf0,0x03,0x07,0x28,0x38,0xa1,0x00,0x00,0x00,0xc7,
0x07,0xf5,0xc8,0x08,0xc7,0x06,0x04,0xe4,0x04,0x00,0x00,0x46,0x11,0xf1,0x03,0x0e,
0xc6,0x41,0x46,0x02,0x00,0x00,0x24,0x00,0x00,0xc8,0x09,0xc7,0x05,0x04,0xe5,0x04,
0x00,0x00,0xae,0x11,0xf0,0x0a,0x0e,0xc7,0x09,0x04,0x61,0x02,0x00,0x00,0xae,0xc8,
0x0a,0x0b,0xce,0x4b,0x9c,0x02,0x00,0x00,0xc7,0x04,0x4b,0xab,0x01,0x00,0x00,0xc7,
0x05,0x4b,0xdd,0x04,0x00,0x00,0xc7,0x06,0x4b,0xb6,0x02,0x00,0x00,0xc7,0x0a,0x4b,
0xe1,0x04,0x00,0x00,0xc7,0x08,0x4b,0xdf,0x04,0x00,0x00,0x28,0xb4,0x04,0x86,0x1d,
0x05,0x28,0x21,0x2c,0x30,0x13,0x3f,0x1c,0x3a,0x07,0x35,0x01,0x9a,0x32,0x21,0x57,
0x20,0x28,0x07,0x0c,0x34,0x06,0x43,0x2c,0x00,0x18,0x08,0x09,0x36,0x3f,0x49,0x0c,
0x35,0x23,0x1b,0x2e,0x77,0x20,0x26,0x19,0x3e,0x2e,0x00,0x0c,0x43,0x0a,0x00,0x92,
0x13,0x02,0x01,0x02,0x04,0x00,0x00,0x00,0x29,0x03,0xd2,0x05,0x00,0x01,0x00,0xd4,
0x05,0x00,0x01,0x00,0xce,0x0a,0x00,0x00,0x00,0x38,0xb1,0x00,0x00,0x00,0x11,0xd7,
0xef,0xd8,0xef,0x9c,0x21,0x01,0x00,0xd3,0x41,0x46,0x00,0x00,0x00,0xd7,0xba,0x24,
0x02,0x00,0x0e,0xcb,0x41,0x46,0x00,0x00,0x00,0xd8,0xd7,0xef,0x24,0x02,0x00,0x0e,
0xcb,0x28,0xb4,0x04,0xa3,0x1d,0x05,0x0c,0x03,0x20,0x2a,0x2c,0x21,0x47,0x20,0x10,
0x21,0x0f,0x20,0x10,0x00,0x0c,0x43,0x0a,0x00,0x94,0x13,0x01,0x01,0x01,0x03,0x00,
0x00,0x00,0x38,0x02,0x8a,0x0c,0x00,0x01,0x00,0xcc,0x05,0x00,0x00,0x00,0xba,0xcf,
0xcb,0xbd,0x9c,0xd7,0xef,0xa5,0xf0,0x2d,0xd7,0xcb,0x46,0xc2,0x0d,0xad,0xf0,0x21,
0xd7,0xcb,0xbb,0x9c,0x46,0xc2,0x0a,0xad,0xf0,0x17,0xd7,0xcb,0xbc,0x9c,0x46,0xc2,
0x0d,0xad,0xf0,0x0d,0xd7,0xcb,0xbd,0x9c,0x46,0xc2,0x0a,0xad,0xf0,0x03,0xcb,0x28,
0x92,0x00,0xf2,0xcd,0xb9,0x28,0xb4,0x04,0xa9,0x1d,0x05,0x12,0x12,0x2c,0x0c,0x08,
0x2b,0x09,0x25,0x20,0x11,0x0e,0x25,0x20,0x11,0x0e,0x25,0x20,0x11,0x0e,0x00,0x0c,
0x43,0x0a,0x00,0x96,0x13,0x01,0x04,0x01,0x05,0x04,0x00,0x01,0x40,0x05,0xd6,0x0e,
0x00,0x01,0x00,0xc8,0x0a,0x00,0x00,0x40,0x02,0xca,0x0a,0x00,0x01,0x40,0x01,0xcc,
0x0a,0x00,0x02,0x40,0x00,0xc6,0x0a,0x00,0x03,0x40,0x03,0x0c,0x43,0x0a,0x00,0xc6,
0x0a,0x01,0x03,0x01,0x04,0x00,0x04,0x00,0x64,0x04,0xe6,0x05,0x00,0x01,0x00,0xce,
0x0a,0x00,0x00,0x00,0xd0,0x0a,0x00,0x01,0x00,0xcc,0x05,0x00,0x02,0x00,0xcc,0x0a,
0x02,0x00,0xca,0x0a,0x01,0x00,0xc8,0x0a,0x00,0x00,0xc6,0x0a,0x03,0x00,0xd7,0x40,
0x71,0x00,0x00,0x00,0xf0,0x31,0x38,0xb1,0x00,0x00,0x00,0x11,0xe3,0x21,0x01,0x00,
0xcf,0xba,0xd0,0xba,0xd1,0xcd,0xe4,0xef,0xa5,0xf0,0x1a,0xcb,0x41,0x46,0x00,0x00,
0x00,0xe4,0xcd,0x46,0xcc,0x24,0x02,0x00,0x0e,0xcc,0xe4,0xcd,0x46,0xef,0x9c,0xd0,
0x92,0x02,0xf2,0xe2,0xcb,0x28,0xe4,0x41,0x52,0x01,0x00,0x00,0xd7,0x40,0x44,0x00,
0x00,0x00,0x24,0x01,0x00,0x0e,0xe3,0xd7,0x40,0x44,0x00,0x00,0x00,0xef,0x9c,0xe7,
0xe5,0x41,0xab,0x02,0x00,0x00,0x24,0x00,0x00,0x41,0x89,0x00,0x00,0x00,0xe6,0x25,
0x01,0x00,0xb4,0x04,0xb3,0x1d,0x07,0x16,0x2c,0x24,0x54,0x0c,0x1c,0x23,0x20,0x10,
0x2b,0x0f,0x00,0x0d,0x08,0x07,0x20,0x18,0x35,0x17,0x53,0x1c,0x2a,0x18,0x00,0xc5,
0x00,0xd2,0xd7,0x95,0xf0,0x18,0x38,0xce,0x00,0x00,0x00,0x41,0x8a,0x00,0x00,0x00,
0x38,0xb1,0x00,0x00,0x00,0x11,0xba,0x21,0x01,0x00,0x25,0x01,0x00,0xd7,0x41,0xac,
0x02,0x00,0x00,0x24,0x00,0x00,0xcf,0x26,0x00,0x00,0xd0,0xba,0xd1,0xcb,0x41,0xab,
0x02,0x00,0x00,0x24,0x00,0x00,0x41,0x89,0x00,0x00,0x00,0xce,0x25,0x01,0x00,0xb4,
0x04,0xae,0x1d,0x05,0x0a,0x58,0x54,0x62,0x27,0x00,0x10,0x22,0x0b,0x2a,0x18,0x00,
0x0c,0x43,0x0a,0x00,0x98,0x13,0x01,0x0d,0x01,0x06,0x00,0x00,0x01,0xc3,0x02,0x0e,
0xa0,0x0b,0x00,0x01,0x00,0xcc,0x13,0x00,0x00,0x00,0xce,0x13,0x00,0x01,0x00,0xca,
0x12,0x00,0x02,0x00,0xd0,0x13,0x00,0x03,0x00,0xc2,0x11,0x00,0x04,0x00,0xcc,0x12,
0x00,0x05,0x00,0xf0,0x09,0x00,0x06,0x00,0xc8,0x0b,0x00,0x07,0x00,0x92,0x0e,0x00,
0x08,0x00,0x94,0x0e,0x00,0x09,0x00,0xcc,0x05,0x00,0x0a,0x00,0xc4,0x11,0x00,0x0b,
0x00,0xde,0x0f,0x00,0x0c,0x00,0x06,0x00,0x00,0x00,0x00,0x00,0x00,0xf0,0x41,0xd7,
0xef,0xbc,0xa5,0xf0,0x03,0x07,0x28,0xd7,0xba,0x46,0xcf,0xd7,0xbb,0x46,0xd0,0xcb,
0xc1,0x9f,0xbb,0xa1,0xd1,0xcb,0xc0,0x9f,0xbb,0xa1,0xd2,0xcb,0xc2,0x0f,0xa1,0xc8,
0x04,0xcc,0xc1,0x9f,0xbb,0xa1,0xc8,0x05,0xcc,0xc2,0x7f,0xa1,0xc8,0x06,0xbc,0xc8,
0x07,0xc7,0x06,0xc2,0x7e,0xad,0xf0,0x1a,0xd7,0xef,0xbe,0xa5,0xf0,0x03,0x07,0x28,
0xd7,0xbc,0x46,0xc2,0x08,0x9e,0xd7,0xbd,0x46,0xa3,0xc8,0x06,0xbe,0xc8,0x07,0xf2,
0x5e,0xc7,0x06,0xc2,0x7f,0xad,0xf0,0x57,0xd7,0xef,0xc2,0x0a,0xa5,0xf0,0x03,0x07,
0x28,0xba,0xc8,0x08,0xba,0xc8,0x09,0xba,0xc8,0x0a,0xc7,0x0a,0xbe,0xa5,0xf0,0x14,
0xc7,0x08,0xc3,0x00,0x01,0x99,0xd7,0xbc,0xc7,0x0a,0x9c,0x46,0x9c,0xc8,0x08,0x92,
0x0a,0xf2,0xe8,0xbe,0xc8,0x0a,0xc7,0x0a,0xc2,0x08,0xa5,0xf0,0x14,0xc7,0x09,0xc3,
0x00,0x01,0x99,0xd7,0xbc,0xc7,0x0a,0x9c,0x46,0x9c,0xc8,0x09,0x92,0x0a,0xf2,0xe7,
0xc7,0x08,0xc4,0x00,0x99,0xc7,0x09,0x9c,0xc8,0x06,0xc2,0x0a,0xc8,0x07,0x07,0xc8,
0x0b,0xc7,0x05,0xf0,0x20,0xd7,0xef,0xc7,0x07,0xbe,0x9c,0xa5,0xf0,0x03,0x07,0x28,
0xd7,0x41,0xc3,0x01,0x00,0x00,0xc7,0x07,0xc7,0x07,0xbe,0x9c,0x24,0x02,0x00,0xc8,
0x0b,0xbe,0x93,0x07,0xd7,0xef,0xc7,0x07,0xc7,0x06,0x9c,0xa5,0xf0,0x03,0x07,0x28,
0xd7,0x41,0xc3,0x01,0x00,0x00,0xc7,0x07,0xc7,0x07,0xc7,0x06,0x9c,0x24,0x02,0x00,
0xc8,0x0c,0xc7,0x0b,0xf0,0x20,0xba,0xc8,0x0a,0xc7,0x0a,0xc7,0x0c,0xef,0xa5,0xf0,
0x15,0xc7,0x0c,0xc7,0x0a,0x72,0x13,0x46,0xc7,0x0b,0xc7,0x0a,0xbe,0x9b,0x46,0xa2,
0x48,0x92,0x0a,0xf2,0xe5,0x0b,0xcd,0x4b,0xa5,0x04,0x00,0x00,0xce,0x4b,0xe8,0x04,
0x00,0x00,0xc7,0x04,0x4b,0x61,0x04,0x00,0x00,0xc7,0x05,0x4b,0xa6,0x04,0x00,0x00,
0xc7,0x0c,0x4b,0xef,0x03,0x00,0x00,0xc7,0x07,0xc7,0x06,0x9c,0x4b,0xe2,0x02,0x00,
0x00,0x28,0xb4,0x04,0xc3,0x1d,0x05,0x5c,0x0d,0x26,0x4f,0x04,0x0c,0x08,0x17,0x05,
0x0c,0x08,0x17,0x05,0x21,0x04,0x0c,0x08,0x1c,0x0f,0x36,0x0d,0x26,0x0e,0x21,0x21,
0x11,0x20,0x11,0x08,0x21,0x27,0x26,0x22,0x26,0x00,0x5e,0x06,0x16,0x10,0x0c,0x14,
0x16,0x0c,0x0c,0x10,0x53,0x3f,0x1b,0x10,0x0c,0x14,0x16,0x0c,0x0c,0x10,0x3a,0x67,
0x0c,0x16,0x11,0x1a,0x1c,0x2f,0x00,0x0d,0x08,0x22,0x0c,0x12,0x26,0x33,0x20,0x22,
0x16,0x22,0x26,0x43,0x1d,0x1e,0x0c,0x12,0x49,0x03,0x16,0x22,0x58,0x15,0x20,0x2a,
0x39,0x2e,0xe4,0x13,0x00,0x0c,0x43,0x0a,0x00,0x9a,0x13,0x04,0x04,0x04,0x06,0x00,
0x00,0x00,0xcb,0x01,0x08,0xc2,0x11,0x00,0x01,0x00,0xde,0x0f,0x00,0x01,0x00,0xca,
0x12,0x00,0x01,0x00,0xd0,0x13,0x00,0x01,0x00,0xf0,0x09,0x00,0x00,0x00,0xd2,0x13,
0x00,0x01,0x00,0xcc,0x05,0x00,0x02,0x00,0xca,0x11,0x00,0x03,0x00,0xd8,0xef,0xcf,
0xd9,0xf0,0x06,0xc3,0x80,0x00,0xf2,0x02,0xba,0xda,0xf0,0x05,0xc2,0x40,0xf2,0x02,
0xba,0xa3,0xd7,0xa3,0x26,0x01,0x00,0xd0,0xcb,0xc2,0x7e,0xa5,0xf0,0x0e,0xcc,0x41,
0x52,0x01,0x00,0x00,0xcb,0x24,0x01,0x00,0x0e,0xf2,0x50,0xcb,0x01,0x00,0x00,0x01,
0x00,0xa5,0xf0,0x1c,0xcc,0x41,0x52,0x01,0x00,0x00,0xc2,0x7e,0xcb,0xc2,0x08,0x9f,
0xc3,0xff,0x00,0xa1,0xcb,0xc3,0xff,0x00,0xa1,0x24,0x03,0x00,0x0e,0xf2,0x2c,0xcc,
0x41,0x52,0x01,0x00,0x00,0xc2,0x7f,0x24,0x01,0x00,0x0e,0xc1,0xd1,0xcd,0xba,0xa8,
0xf0,0x19,0xcc,0x41,0x52,0x01,0x00,0x00,0xcb,0xcd,0xc2,0x08,0x99,0x9f,0xc3,0xff,
0x00,0xa1,0x24,0x01,0x00,0x0e,0x91,0x02,0xf2,0xe4,0x38,0xb1,0x00,0x00,0x00,0x11,
0xcc,0xef,0xcb,0x9c,0x21,0x01,0x00,0xd2,0xba,0xd1,0xcd,0xcc,0xef,0xa5,0xf0,0x17,
0xce,0xcd,0x1b,0x11,0xaf,0xf1,0x04,0x1b,0x71,0x1b,0x1b,0xcc,0xcd,0x46,0x1b,0x71,
0x1b,0x48,0x92,0x02,0xf2,0xe5,0xba,0xd1,0xcd,0xcb,0xa5,0xf0,0x1a,0xce,0xcc,0xef,
0xcd,0x9c,0x1b,0x11,0xaf,0xf1,0x04,0x1b,0x71,0x1b,0x1b,0xd8,0xcd,0x46,0x1b,0x71,
0x1b,0x48,0x92,0x02,0xf2,0xe3,0xce,0x28,0xb4,0x04,0xe3,0x1d,0x05,0x34,0x40,0x44,
0x2f,0x24,0x26,0x4f,0x1c,0x0f,0x20,0x18,0x2b,0x06,0x2b,0x1d,0x20,0x0e,0x11,0x22,
0x11,0x08,0x1b,0x16,0x36,0x4d,0x20,0x0e,0x30,0x1c,0x16,0x10,0x20,0x18,0x07,0x0e,
0x07,0x08,0x16,0x08,0x40,0x53,0x2a,0x36,0x30,0x2d,0x1b,0x28,0x80,0x27,0x16,0x14,
0x11,0x2c,0x00,0x0c,0x43,0x0a,0x00,0x9c,0x13,0x01,0x01,0x01,0x03,0x00,0x00,0x02,
0x29,0x02,0xba,0x09,0x00,0x01,0x00,0xba,0x11,0x00,0x00,0x00,0x07,0x0c,0x5b,0x5c,
0x72,0x5c,0x6e,0x5d,0x07,0x46,0x00,0x00,0x01,0x00,0x1b,0x00,0x00,0x00,0x09,0x06,
0x00,0x00,0x00,0x05,0x08,0xf5,0xff,0xff,0xff,0x0c,0x00,0x16,0x02,0x00,0x0a,0x00,
0x0a,0x00,0x0d,0x00,0x0d,0x00,0x0d,0x00,0x0b,0x38,0xa2,0x00,0x00,0x00,0xd7,0xf5,
0xcf,0xc4,0x00,0xc4,0x01,0x34,0x41,0x84,0x02,0x00,0x00,0xcb,0x24,0x01,0x00,0xf0,
0x10,0x38,0xda,0x00,0x00,0x00,0x11,0x04,0xea,0x04,0x00,0x00,0x21,0x01,0x00,0x30,
0xcb,0x28,0xb4,0x04,0xf3,0x1d,0x05,0x06,0x1c,0x22,0x44,0x06,0x20,0x1c,0x00,0x0c,
0x43,0x0a,0x00,0x9e,0x13,0x04,0x05,0x04,0x06,0x00,0x01,0x00,0x83,0x01,0x09,0xa6,
0x02,0x00,0x01,0x00,0xac,0x0b,0x00,0x01,0x00,0xd6,0x13,0x00,0x01,0x00,0xd8,0x13,
0x00,0x01,0x00,0xda,0x13,0x00,0x00,0x00,0xd0,0x0e,0x00,0x01,0x00,0xdc,0x13,0x00,
0x02,0x00,0xde,0x13,0x00,0x03,0x00,0xce,0x0a,0x00,0x04,0x00,0x9c,0x13,0x0f,0x00,
0x04,0xf0,0x04,0x00,0x00,0xd7,0x9c,0x04,0x1c,0x01,0x00,0x00,0x9c,0xe3,0xd8,0x11,
0xf1,0x03,0x0e,0xc6,0xf5,0x9c,0x04,0x9b,0x04,0x00,0x00,0x9c,0xcf,0xd9,0x7d,0xf2,
0x17,0xd0,0xca,0x04,0x2b,0x01,0x00,0x00,0x9c,0xe3,0xd9,0xcc,0x46,0xf5,0x9c,0x04,
0x9b,0x04,0x00,0x00,0x9c,0x9c,0xcf,0x80,0xf0,0xe8,0x0e,0x0e,0x04,0x9b,0x04,0x00,
0x00,0x93,0x00,0x38,0xa0,0x02,0x00,0x00,0x11,0x21,0x00,0x00,0xd5,0x41,0xa1,0x02,
0x00,0x00,0xcb,0x24,0x01,0x00,0xd2,0x38,0xb1,0x00,0x00,0x00,0x11,0xce,0xef,0xda,
0xef,0x9c,0x21,0x01,0x00,0xc9,0x04,0x41,0x46,0x00,0x00,0x00,0xce,0xba,0x24,0x02,
0x00,0x0e,0xc7,0x04,0x41,0x46,0x00,0x00,0x00,0xda,0xce,0xef,0x24,0x02,0x00,0x0e,
0xc7,0x04,0x28,0xb4,0x04,0xf8,0x1d,0x05,0x26,0x1c,0x30,0x0c,0x12,0x20,0x0c,0x07,
0x20,0x2a,0x28,0x3f,0x69,0x07,0x12,0x20,0x0e,0x07,0x20,0x1b,0x16,0x44,0x7d,0x26,
0x1c,0x4e,0x14,0x1c,0x13,0x2a,0x36,0x21,0x51,0x25,0x10,0x21,0x0f,0x25,0x10,0x00,
0x0c,0x43,0x0a,0x00,0xe2,0x13,0x02,0x0f,0x02,0x08,0x0c,0x0d,0x0a,0x86,0x03,0x11,
0xc6,0x04,0x00,0x01,0x00,0xe4,0x13,0x00,0x01,0x40,0x08,0xe2,0x08,0x00,0x00,0x00,
0xe6,0x13,0x00,0x01,0x40,0x02,0xd8,0x09,0x00,0x02,0x00,0xe8,0x13,0x00,0x03,0x40,
0x05,0xea,0x13,0x00,0x04,0x40,0x0a,0xec,0x13,0x00,0x05,0x40,0x04,0xee,0x13,0x00,
0x06,0x40,0x07,0xf0,0x13,0x00,0x07,0x40,0x06,0xf2,0x13,0x00,0x08,0x40,0x00,0xf4,
0x13,0x00,0x09,0x40,0x01,0xf6,0x13,0x00,0x0a,0x00,0xf8,0x13,0x00,0x0b,0x40,0x03,
0xfa,0x13,0x00,0x0c,0x40,0x0b,0xfc,0x13,0x00,0x0d,0x00,0xfe,0x13,0x00,0x0e,0x40,
0x09,0xa2,0x04,0x00,0x01,0x9a,0x13,0x0e,0x00,0x98,0x13,0x0d,0x00,0x80,0x13,0x01,
0x00,0x84,0x13,0x03,0x00,0x96,0x13,0x0c,0x00,0x92,0x13,0x0a,0x00,0x82,0x13,0x02,
0x00,0x94,0x13,0x0b,0x00,0x9e,0x13,0x10,0x00,0x90,0x13,0x09,0x00,0x8e,0x13,0x08,
0x00,0x86,0x13,0x04,0x00,0x0c,0x43,0x0a,0x00,0x00,0x00,0x00,0x00,0x00,0x00,0x00,
0x00,0x01,0x00,0x29,0xb4,0x04,0x93,0x1e,0x1e,0x00,0x00,0x0c,0x43,0x0a,0x00,0xf0,
0x13,0x01,0x01,0x01,0x04,0x00,0x00,0x00,0x54,0x02,0xc0,0x13,0x00,0x01,0x00,0x10,
0x00,0x01,0x00,0x08,0xcf,0xcb,0xd7,0x42,0xe0,0x04,0x00,0x00,0xcb,0xba,0x42,0x00,
0x05,0x00,0x00,0xcb,0x38,0xb1,0x00,0x00,0x00,0x11,0xba,0x21,0x01,0x00,0x42,0xd0,
0x02,0x00,0x00,0xcb,0x07,0x42,0x4d,0x04,0x00,0x00,0xcb,0x07,0x42,0x0a,0x04,0x00,
0x00,0xcb,0x07,0x42,0x82,0x04,0x00,0x00,0xcb,0x07,0x42,0x4e,0x04,0x00,0x00,0xcb,
0xba,0x42,0x77,0x04,0x00,0x00,0xcb,0x26,0x00,0x00,0x42,0x78,0x04,0x00,0x00,0xcb,
0x09,0x42,0x01,0x05,0x00,0x00,0x29,0xb4,0x04,0x95,0x1e,0x07,0x16,0x0d,0x04,0x26,
0x00,0x26,0x00,0x07,0x1e,0x4e,0x1d,0x26,0x00,0x26,0x00,0x26,0x00,0x26,0x00,0x26,
0x00,0x30,0x00,0x00,0x0c,0x43,0x0a,0x00,0x00,0x01,0x06,0x01,0x08,0x00,0x02,0x00,
0xa4,0x01,0x07,0xe8,0x04,0x00,0x01,0x00,0x84,0x14,0x00,0x00,0x00,0xde,0x0f,0x00,
0x01,0x00,0xd0,0x13,0x00,0x02,0x00,0x86,0x14,0x00,0x03,0x00,0xb0,0x04,0x08,0x00,
0x03,0x10,0x00,0x01,0x00,0xa2,0x04,0x00,0x02,0x9a,0x13,0x01,0x02,0x08,0xc8,0x05,
0xc7,0x05,0x40,0x00,0x05,0x00,0x00,0xbb,0xae,0xf0,0x02,0x29,0xd7,0x96,0x04,0x4c,
0x00,0x00,0x00,0xae,0xd3,0xf0,0x12,0xd7,0x11,0xf1,0x20,0x0e,0x38,0xb1,0x00,0x00,
0x00,0x11,0xba,0x21,0x01,0x00,0xf2,0x13,0x38,0xa0,0x02,0x00,0x00,0x11,0x21,0x00,
0x00,0x41,0xa1,0x02,0x00,0x00,0xd7,0x24,0x01,0x00,0xd0,0x09,0xd1,0xc7,0x05,0x40,
0x04,0x05,0x00,0x00,0xf0,0x3d,0x6b,0x30,0x00,0x00,0x00,0xe3,0x41,0x05,0x05,0x00,
0x00,0xc7,0x05,0x40,0x04,0x05,0x00,0x00,0xcc,0x0a,0x24,0x03,0x00,0xd6,0xef,0xbf,
0xa8,0xf0,0x12,0xce,0x41,0xad,0x03,0x00,0x00,0xba,0xce,0xef,0xbe,0x9d,0x24,0x02,
0x00,0xd0,0x0a,0xd1,0x0e,0xf2,0x0c,0xc8,0x04,0x6b,0x07,0x00,0x00,0x00,0x0e,0xf2,
0x02,0x30,0xe3,0x41,0x8c,0x04,0x00,0x00,0xc7,0x05,0x40,0xe0,0x04,0x00,0x00,0xe4,
0xcb,0xf0,0x04,0xbc,0xf2,0x02,0xbb,0xcc,0xbb,0xcd,0x22,0x04,0x00,0x24,0x02,0x00,
0x29,0xb4,0x04,0xa1,0x1e,0x25,0x20,0x35,0x11,0x21,0x14,0x4e,0x0c,0x3e,0x28,0x48,
0x2a,0x00,0x1b,0x08,0x57,0x49,0x11,0x17,0x21,0x20,0x1e,0x11,0x34,0x21,0x51,0x00,
0x10,0x0a,0x0b,0x20,0x1c,0x2a,0x30,0x00,0x0c,0x43,0x0a,0x00,0x00,0x02,0x03,0x02,
0x07,0x00,0x02,0x00,0x99,0x01,0x05,0xda,0x07,0x00,0x01,0x00,0xa8,0x02,0x00,0x01,
0x00,0xd8,0x12,0x00,0x00,0x00,0xde,0x0f,0x00,0x01,0x00,0x10,0x00,0x01,0x00,0xa2,
0x04,0x00,0x02,0x9a,0x13,0x01,0x02,0x08,0xd1,0xcd,0x40,0x00,0x05,0x00,0x00,0xbc,
0xa8,0xf0,0x02,0x29,0xcd,0xbc,0x42,0x00,0x05,0x00,0x00,0xd7,0x11,0xf1,0x05,0x0e,
0xc3,0xe8,0x03,0xdb,0xd8,0x11,0xf1,0x03,0x0e,0xc6,0xdc,0x38,0xa0,0x02,0x00,0x00,
0x11,0x21,0x00,0x00,0x41,0xa1,0x02,0x00,0x00,0xd8,0x24,0x01,0x00,0xcf,0x38,0xb1,
0x00,0x00,0x00,0x11,0xbc,0xcb,0xef,0x9c,0x21,0x01,0x00,0xd4,0xba,0x1b,0x11,0xaf,
0xf1,0x04,0x1b,0x71,0x1b,0x1b,0xd7,0xc2,0x08,0x9f,0xc3,0xff,0x00,0xa1,0x1b,0x71,
0x1b,0x48,0xcc,0xbb,0x1b,0x11,0xaf,0xf1,0x04,0x1b,0x71,0x1b,0x1b,0xd7,0xc3,0xff,
0x00,0xa1,0x1b,0x71,0x1b,0x48,0xcc,0x41,0x46,0x00,0x00,0x00,0xcb,0xbc,0x24,0x02,
0x00,0x0e,0xe3,0x41,0x8c,0x04,0x00,0x00,0xcd,0x40,0xe0,0x04,0x00,0x00,0xe4,0xc2,
0x08,0xcc,0xbb,0xf7,0x24,0x02,0x00,0x0e,0xcd,0xbd,0x42,0x00,0x05,0x00,0x00,0x29,
0xb4,0x04,0xb2,0x1e,0x26,0x26,0x2b,0x15,0x1c,0x23,0x26,0x00,0x30,0x00,0x26,0x2c,
0x48,0x2a,0x1c,0x31,0x25,0x1e,0x21,0x41,0x3e,0x2a,0x11,0x08,0x2b,0x31,0x3e,0x28,
0x2b,0x27,0x20,0x18,0x21,0x17,0x20,0x1c,0x25,0x16,0x30,0x31,0x00,0x0c,0x43,0x0a,
0x00,0x00,0x01,0x0c,0x01,0x0a,0x00,0x05,0x00,0xb7,0x05,0x0d,0xe8,0x04,0x00,0x01,
0x00,0x8c,0x14,0x00,0x00,0x00,0x8e,0x14,0x00,0x01,0x00,0xca,0x11,0x00,0x02,0x00,
0xb0,0x04,0x08,0x00,0x03,0x90,0x14,0x00,0x03,0x00,0x92,0x14,0x00,0x05,0x00,0x94,
0x14,0x00,0x06,0x00,0xb0,0x04,0x11,0x00,0x03,0xb0,0x04,0x16,0x00,0x03,0xd6,0x12,
0x00,0x07,0x00,0xc6,0x0b,0x00,0x0a,0x00,0x10,0x00,0x01,0x00,0x98,0x13,0x02,0x02,
0xa2,0x04,0x00,0x02,0x9a,0x13,0x01,0x02,0xf2,0x13,0x08,0x00,0xf4,0x13,0x09,0x00,
0x08,0xc8,0x0b,0xd7,0x38,0xb1,0x00,0x00,0x00,0xa9,0xf0,0x04,0xd7,0xf2,0x0b,0x38,
0xb1,0x00,0x00,0x00,0x11,0xd7,0x21,0x01,0x00,0xcf,0x38,0xb1,0x00,0x00,0x00,0x11,
0xc7,0x0b,0x40,0xd0,0x02,0x00,0x00,0xef,0xcb,0xef,0x9c,0x21,0x01,0x00,0xd4,0x41,
0x46,0x00,0x00,0x00,0xc7,0x0b,0x40,0xd0,0x02,0x00,0x00,0xba,0x24,0x02,0x00,0x0e,
0xcc,0x41,0x46,0x00,0x00,0x00,0xcb,0xc7,0x0b,0x40,0xd0,0x02,0x00,0x00,0xef,0x24,
0x02,0x00,0x0e,0xc7,0x0b,0xcc,0x42,0xd0,0x02,0x00,0x00,0xe3,0xc7,0x0b,0x40,0xd0,
0x02,0x00,0x00,0xf5,0xd5,0x95,0x69,0x4f,0x02,0x00,0x00,0xcd,0x40,0xa6,0x04,0x00,
0x00,0x95,0xf0,0x52,0x6b,0x2d,0x00,0x00,0x00,0xe4,0x41,0x8c,0x04,0x00,0x00,0xc7,
0x0b,0x40,0xe0,0x04,0x00,0x00,0xe5,0xc2,0x08,0x38,0xb1,0x00,0x00,0x00,0x11,0xbd,
0xc3,0xea,0x00,0x26,0x02,0x00,0x21,0x01,0x00,0xbb,0xf7,0x24,0x02,0x00,0x0e,0x0e,
0xf2,0x0b,0xd2,0x6b,0x07,0x00,0x00,0x00,0x0e,0xf2,0x02,0x30,0xc7,0x0b,0xbd,0x42,
0x00,0x05,0x00,0x00,0xe4,0x41,0xb2,0x04,0x00,0x00,0xc7,0x0b,0x40,0xe0,0x04,0x00,
0x00,0x24,0x01,0x00,0x29,0xc7,0x0b,0xc7,0x0b,0x40,0xd0,0x02,0x00,0x00,0x41,0xc3,
0x01,0x00,0x00,0xcd,0x40,0xe2,0x02,0x00,0x00,0x24,0x01,0x00,0x42,0xd0,0x02,0x00,
0x00,0xcd,0x40,0x61,0x04,0x00,0x00,0xc2,0x08,0xad,0x68,0xb8,0x00,0x00,0x00,0xc3,
0xed,0x03,0xc8,0x04,0xc6,0xc8,0x05,0xcd,0x40,0xef,0x03,0x00,0x00,0xef,0xbc,0xa8,
0xf0,0x39,0xcd,0x40,0xef,0x03,0x00,0x00,0xba,0x46,0xc2,0x08,0x9e,0xcd,0x40,0xef,
0x03,0x00,0x00,0xbb,0x46,0xa3,0xc8,0x04,0x38,0xe5,0x02,0x00,0x00,0x11,0x21,0x00,
0x00,0x41,0xe7,0x02,0x00,0x00,0xcd,0x40,0xef,0x03,0x00,0x00,0x41,0xc3,0x01,0x00,
0x00,0xbc,0x24,0x01,0x00,0x24,0x01,0x00,0xc8,0x05,0xe4,0x41,0x8c,0x04,0x00,0x00,
0xc7,0x0b,0x40,0xe0,0x04,0x00,0x00,0xe5,0xc2,0x08,0xcd,0x40,0xef,0x03,0x00,0x00,
0xbb,0xf7,0x24,0x02,0x00,0x0e,0xc7,0x0b,0xbd,0x42,0x00,0x05,0x00,0x00,0xc7,0x0b,
0x40,0x82,0x04,0x00,0x00,0x68,0xf5,0xfe,0xff,0xff,0x0b,0xc7,0x04,0x4b,0xed,0x01,
0x00,0x00,0xc7,0x05,0x4b,0x94,0x00,0x00,0x00,0x0a,0x4b,0xb1,0x04,0x00,0x00,0xc8,
0x06,0x6b,0x15,0x00,0x00,0x00,0xc7,0x0b,0x41,0x82,0x04,0x00,0x00,0xc7,0x06,0x24,
0x01,0x00,0x0e,0x0e,0xf3,0xc6,0xfe,0xc8,0x07,0x6b,0x08,0x00,0x00,0x00,0x0e,0xf3,
0xbb,0xfe,0x30,0xcd,0x40,0x61,0x04,0x00,0x00,0xc2,0x09,0xad,0xf0,0x32,0x6b,0x24,
0x00,0x00,0x00,0xe4,0x41,0x8c,0x04,0x00,0x00,0xc7,0x0b,0x40,0xe0,0x04,0x00,0x00,
0xe5,0xc2,0x0a,0xcd,0x40,0xef,0x03,0x00,0x00,0xbb,0xf7,0x24,0x02,0x00,0x0e,0x0e,
0xf3,0x8a,0xfe,0xc8,0x08,0x6b,0x08,0x00,0x00,0x00,0x0e,0xf3,0x7f,0xfe,0x30,0xcd,
0x40,0x61,0x04,0x00,0x00,0xc2,0x0a,0xad,0x69,0xca,0x00,0x00,0x00,0xcd,0x40,0x61,
0x04,0x00,0x00,0xba,0xad,0xf0,0x56,0xc7,0x0b,0x40,0x78,0x04,0x00,0x00,0x41,0x52,
0x01,0x00,0x00,0xcd,0x40,0xef,0x03,0x00,0x00,0x24,0x01,0x00,0x0e,0xcd,0x40,0xa5,
0x04,0x00,0x00,0x68,0x47,0xfe,0xff,0xff,0xc7,0x0b,0x40,0x77,0x04,0x00,0x00,0xc8,
0x09,0xe6,0xc7,0x0b,0x40,0x78,0x04,0x00,0x00,0xf5,0xc8,0x0a,0xc7,0x0b,0xba,0x42,
0x77,0x04,0x00,0x00,0xc7,0x0b,0x26,0x00,0x00,0x42,0x78,0x04,0x00,0x00,0x5d,0x04,
0x00,0xc7,0x0b,0xc7,0x09,0xc7,0x0a,0xf7,0x0e,0xf3,0x11,0xfe,0xcd,0x40,0x61,0x04,
0x00,0x00,0xbb,0xad,0x11,0xf1,0x0a,0x0e,0xcd,0x40,0x61,0x04,0x00,0x00,0xbc,0xad,
0x68,0xfa,0xfd,0xff,0xff,0xc7,0x0b,0xcd,0x40,0xe8,0x04,0x00,0x00,0xf0,0x04,0x0a,
0xf2,0x02,0x09,0x42,0x01,0x05,0x00,0x00,0xcd,0x40,0xa5,0x04,0x00,0x00,0xf0,0x17,
0x5d,0x04,0x00,0xc7,0x0b,0xcd,0x40,0x61,0x04,0x00,0x00,0xcd,0x40,0xef,0x03,0x00,
0x00,0xf7,0x0e,0xf3,0xc7,0xfd,0xc7,0x0b,0xcd,0x40,0x61,0x04,0x00,0x00,0x42,0x77,
0x04,0x00,0x00,0xc7,0x0b,0xcd,0x40,0xef,0x03,0x00,0x00,0x26,0x01,0x00,0x42,0x78,
0x04,0x00,0x00,0xf3,0xa7,0xfd,0x29,0xb4,0x04,0xbf,0x1e,0x2f,0x70,0x17,0x19,0x39,
0x30,0x3a,0x3f,0x48,0x3a,0x21,0x5b,0x20,0x16,0x3f,0x15,0x20,0x16,0x44,0x15,0x31,
0x36,0x00,0x1d,0x08,0x29,0x20,0x1c,0x2a,0x16,0x0c,0x28,0xb4,0x5d,0x2b,0x00,0x20,
0x1c,0x3c,0x1f,0x48,0x34,0x67,0x09,0x77,0x12,0x17,0x33,0x2a,0x40,0x11,0x08,0x3a,
0x23,0x48,0x2a,0x39,0x1c,0x31,0x6d,0x20,0x1c,0x2a,0x16,0x49,0x31,0x00,0x30,0x08,
0x08,0x25,0x1a,0x00,0x1c,0x08,0x12,0x36,0x2f,0x20,0x1c,0x2a,0x16,0xb9,0x01,0x49,
0x00,0x17,0x33,0x3e,0x2a,0xa0,0x12,0x35,0x37,0x2b,0x00,0x35,0x00,0x11,0x14,0x59,
0x1c,0x3e,0x2c,0x26,0x5f,0x8b,0x04,0x11,0x14,0x63,0x13,0x44,0x00,0x00,0x0c,0x43,
0x0a,0x00,0xf2,0x13,0x01,0x04,0x01,0x04,0x00,0x00,0x00,0x45,0x05,0xc8,0x08,0x00,
0x01,0x00,0xcc,0x0a,0x00,0x00,0x00,0xcc,0x05,0x00,0x01,0x00,0xce,0x0a,0x00,0x02,
0x00,0xd0,0x0a,0x00,0x03,0x00,0xba,0xcf,0xba,0xd0,0xcc,0xd7,0xef,0xa5,0xf0,0x0c,
0xcb,0xd7,0xcc,0x46,0xef,0x9c,0xcf,0x92,0x01,0xf2,0xf0,0x38,0xb1,0x00,0x00,0x00,
0x11,0xcb,0x21,0x01,0x00,0xd1,0xba,0xd2,0xba,0xd0,0xcc,0xd7,0xef,0xa5,0xf0,0x1a,
0xcd,0x41,0x46,0x00,0x00,0x00,0xd7,0xcc,0x46,0xce,0x24,0x02,0x00,0x0e,0xce,0xd7,
0xcc,0x46,0xef,0x9c,0xd2,0x92,0x01,0xf2,0xe2,0xcd,0x28,0xb4,0x04,0xfb,0x1e,0x07,
0x0e,0x1d,0x2c,0x1b,0x26,0x3a,0x31,0x54,0x0c,0x1c,0x23,0x20,0x10,0x2b,0x0f,0x00,
0x0c,0x43,0x0a,0x00,0xf4,0x13,0x03,0x07,0x03,0x06,0x00,0x02,0x00,0xc7,0x01,0x0a,
0x86,0x09,0x00,0x01,0x00,0xc2,0x11,0x00,0x01,0x00,0xde,0x0f,0x00,0x01,0x00,0xce,
0x0a,0x00,0x00,0x00,0x96,0x14,0x00,0x01,0x00,0x88,0x12,0x00,0x02,0x00,0xb0,0x04,
0x05,0x00,0x03,0x82,0x10,0x00,0x03,0x00,0x98,0x14,0x00,0x05,0x00,0xb0,0x04,0x0b,
0x00,0x03,0xa2,0x04,0x00,0x02,0x80,0x13,0x03,0x02,0xd7,0x40,0x01,0x05,0x00,0x00,
0xf0,0x68,0xd7,0x40,0x0d,0x05,0x00,0x00,0xf0,0x60,0x6b,0x54,0x00,0x00,0x00,0xe3,
0x41,0x0e,0x05,0x00,0x00,0xd7,0x40,0x0d,0x05,0x00,0x00,0xd9,0x09,0x24,0x03,0x00,
0xcf,0xe3,0x41,0x0e,0x05,0x00,0x00,0xd7,0x40,0x0d,0x05,0x00,0x00,0xe4,0x09,0x24,
0x03,0x00,0xd0,0x38,0xb1,0x00,0x00,0x00,0x11,0xcb,0xef,0xcc,0xef,0x9c,0x21,0x01,
0x00,0xd5,0x41,0x46,0x00,0x00,0x00,0xcb,0xba,0x24,0x02,0x00,0x0e,0xcd,0x41,0x46,
0x00,0x00,0x00,0xcc,0xcb,0xef,0x24,0x02,0x00,0x0e,0xcd,0xdd,0x0e,0xf2,0x0b,0xd2,
0x6b,0x07,0x00,0x00,0x00,0x0e,0xf2,0x02,0x30,0xd7,0x09,0x42,0x01,0x05,0x00,0x00,
0x07,0xc8,0x04,0xd8,0xbb,0xad,0xf0,0x17,0x38,0xe5,0x02,0x00,0x00,0x11,0x21,0x00,
0x00,0x41,0xe7,0x02,0x00,0x00,0xd9,0x24,0x01,0x00,0xc8,0x04,0xf2,0x04,0xd9,0xc8,
0x04,0xd7,0x40,0x0a,0x04,0x00,0x00,0xf0,0x28,0x0b,0xc7,0x04,0x4b,0x34,0x01,0x00,
0x00,0xc8,0x05,0x6b,0x12,0x00,0x00,0x00,0xd7,0x41,0x0a,0x04,0x00,0x00,0xc7,0x05,
0x24,0x01,0x00,0x0e,0x0e,0x29,0xc8,0x06,0x6b,0x06,0x00,0x00,0x00,0x0e,0x29,0x30,
0x29,0xb4,0x04,0x86,0x1f,0x07,0x24,0x8c,0x42,0x5d,0x02,0x3f,0x15,0x2a,0x30,0x21,
0x51,0x20,0x16,0x21,0x15,0x20,0x16,0x26,0x15,0x00,0x0f,0x08,0x07,0x3b,0x1e,0x16,
0x1a,0x48,0x2a,0x2b,0x57,0x00,0x1a,0x08,0x01,0x20,0x1a,0x00,0x0c,0x43,0x0a,0x00,
0xf6,0x13,0x01,0x06,0x01,0x03,0x07,0x11,0x05,0x3f,0x07,0xc0,0x13,0x00,0x01,0x40,
0x00,0xf0,0x01,0x00,0x00,0x40,0x06,0x86,0x09,0x00,0x01,0x40,0x02,0x9e,0x14,0x00,
0x02,0x40,0x01,0xa0,0x14,0x00,0x03,0x40,0x03,0xa2,0x14,0x00,0x04,0x40,0x04,0xa4,
0x14,0x00,0x05,0x40,0x05,0xa2,0x04,0x00,0x02,0xe6,0x13,0x01,0x00,0x84,0x13,0x04,
0x02,0x96,0x13,0x05,0x02,0xf8,0x13,0x0b,0x00,0x92,0x13,0x06,0x02,0x82,0x13,0x07,
0x02,0x94,0x13,0x08,0x02,0x9e,0x13,0x09,0x02,0x90,0x13,0x0a,0x02,0xec,0x13,0x05,
0x00,0xe8,0x13,0x03,0x00,0x8e,0x13,0x0b,0x02,0xf0,0x13,0x07,0x00,0xee,0x13,0x06,
0x00,0xe4,0x13,0x01,0x01,0xfe,0x13,0x0e,0x00,0x0c,0x43,0x0a,0x00,0xa2,0x14,0x00,
0x00,0x00,0x03,0x00,0x05,0x01,0x1e,0x00,0xa2,0x04,0x00,0x02,0xc0,0x13,0x00,0x01,
0x9e,0x14,0x02,0x00,0xe6,0x13,0x01,0x02,0x86,0x09,0x01,0x00,0x0c,0x43,0x0a,0x00,
0x00,0x00,0x00,0x00,0x03,0x00,0x02,0x00,0x0b,0x00,0xa2,0x04,0x00,0x02,0xc0,0x13,
0x01,0x02,0xe3,0x41,0xb2,0x04,0x00,0x00,0xe4,0x24,0x01,0x00,0x29,0xb4,0x04,0xa7,
0x1f,0x24,0x04,0x03,0x29,0x20,0x1c,0x00,0x38,0x8f,0x01,0x00,0x00,0xe5,0xf5,0x0e,
0xe6,0xba,0xa7,0xf0,0x11,0x5d,0x04,0x00,0x95,0xf0,0x0b,0x38,0x90,0x01,0x00,0x00,
0xc5,0x00,0xe6,0xf6,0xe9,0x29,0xb4,0x04,0xa4,0x1f,0x09,0x0a,0x03,0x04,0x1b,0x1a,
0x17,0x0a,0x35,0x1f,0x1b,0x2e,0x00,0x0c,0x43,0x0a,0x00,0xa4,0x14,0x02,0x05,0x02,
0x06,0x00,0x03,0x00,0x91,0x01,0x07,0xa6,0x14,0x00,0x01,0x00,0xd2,0x0a,0x00,0x01,
0x00,0xa8,0x14,0x00,0x00,0x00,0xaa,0x14,0x00,0x01,0x00,0xcc,0x05,0x00,0x02,0x00,
0xb0,0x04,0x06,0x00,0x03,0xb0,0x04,0x09,0x00,0x03,0xa0,0x14,0x03,0x00,0x84,0x13,
0x02,0x02,0xa2,0x04,0x00,0x02,0xe3,0x40,0xdd,0x02,0x00,0x00,0x40,0x16,0x05,0x00,
0x00,0x40,0x17,0x05,0x00,0x00,0xcf,0xba,0xd0,0xba,0xd1,0xcd,0xcb,0xef,0xa5,0xf0,
0x0c,0xcc,0xcb,0xcd,0x46,0xef,0x9c,0xd0,0x92,0x02,0xf2,0xf0,0xcc,0xd8,0xef,0x9c,
0xe4,0xa7,0xf0,0x52,0x6b,0x24,0x00,0x00,0x00,0xe3,0x40,0xdd,0x02,0x00,0x00,0x41,
0x37,0x00,0x00,0x00,0x38,0xa0,0x00,0x00,0x00,0x11,0x04,0x18,0x05,0x00,0x00,0x21,
0x01,0x00,0x24,0x01,0x00,0x0e,0x0e,0xf2,0x0b,0xd2,0x6b,0x07,0x00,0x00,0x00,0x0e,
0xf2,0x02,0x30,0x07,0xe7,0x6b,0x12,0x00,0x00,0x00,0xe5,0x41,0xb2,0x04,0x00,0x00,
0xd7,0x24,0x01,0x00,0x0e,0x0e,0xf2,0x0c,0xc8,0x04,0x6b,0x07,0x00,0x00,0x00,0x0e,
0xf2,0x02,0x30,0xba,0x28,0xe3,0x40,0xdd,0x02,0x00,0x00,0x41,0xde,0x02,0x00,0x00,
0xd8,0x24,0x01,0x00,0x0e,0xbb,0x28,0xb4,0x04,0xac,0x1f,0x09,0x18,0x73,0x2c,0x1b,
0x1e,0x3f,0x29,0x11,0x1e,0x31,0x31,0x39,0x3e,0xa0,0x41,0x27,0x04,0x20,0x1c,0x00,
0x15,0x0a,0x23,0x39,0x3a,0x00,0x0c,0x43,0x0a,0x00,0x00,0x01,0x1c,0x01,0x0b,0x02,
0x15,0x0a,0xf0,0x0b,0x1d,0xe8,0x04,0x00,0x01,0x00,0xb2,0x14,0x00,0x00,0x00,0xb0,
0x04,0x11,0x00,0x03,0xb4,0x14,0x00,0x01,0x00,0xa6,0x12,0x00,0x03,0x00,0x8e,0x12,
0x00,0x04,0x00,0xc4,0x12,0x00,0x05,0x00,0xb6,0x14,0x00,0x06,0x00,0xb8,0x14,0x00,
0x07,0x00,0xba,0x14,0x00,0x08,0x00,0xa8,0x12,0x00,0x09,0x00,0xbc,0x14,0x00,0x0a,
0x00,0xbe,0x14,0x00,0x0b,0x00,0xc0,0x14,0x00,0x0c,0x00,0xcc,0x05,0x00,0x0d,0x00,
0xc2,0x14,0x00,0x0e,0x00,0xc4,0x14,0x00,0x0f,0x00,0xb0,0x04,0x28,0x00,0x03,0xb0,
0x04,0x2d,0x00,0x03,0xb0,0x04,0x32,0x00,0x03,0xda,0x09,0x00,0x10,0x00,0xc6,0x14,
0x00,0x14,0x00,0xdc,0x09,0x00,0x15,0x00,0xc8,0x14,0x00,0x16,0x40,0x01,0xba,0x0b,
0x00,0x17,0x40,0x00,0xca,0x14,0x00,0x18,0x00,0xcc,0x14,0x00,0x19,0x00,0xd0,0x05,
0x00,0x1a,0x00,0xb0,0x04,0x41,0x00,0x03,0x96,0x13,0x03,0x02,0xf8,0x13,0x04,0x02,
0xc0,0x13,0x00,0x01,0xa2,0x04,0x00,0x02,0x86,0x09,0x01,0x00,0xa2,0x14,0x04,0x00,
0xa0,0x14,0x03,0x00,0xa4,0x14,0x05,0x00,0x92,0x13,0x05,0x02,0xf0,0x01,0x00,0x00,
0x82,0x13,0x06,0x02,0x94,0x13,0x07,0x02,0x9e,0x13,0x08,0x02,0x90,0x13,0x09,0x02,
0xec,0x13,0x0a,0x02,0xe8,0x13,0x0b,0x02,0x8e,0x13,0x0c,0x02,0xf0,0x13,0x0d,0x02,
0x9e,0x14,0x02,0x00,0xee,0x13,0x0e,0x02,0xe4,0x13,0x0f,0x02,0x07,0x02,0x30,0x07,
0x02,0x30,0x07,0x02,0x30,0x07,0x02,0x30,0x0c,0x43,0x0a,0x00,0x00,0x01,0x00,0x01,
0x02,0x00,0x00,0x00,0x09,0x01,0xba,0x11,0x00,0x01,0x00,0xd7,0x41,0x3e,0x02,0x00,
0x00,0x25,0x00,0x00,0xb4,0x04,0x8b,0x20,0x5f,0x03,0x21,0x89,0x01,0x00,0x0c,0x43,
0x0a,0x00,0x00,0x01,0x00,0x01,0x01,0x00,0x01,0x00,0x03,0x01,0xb2,0x08,0x00,0x01,
0x00,0xba,0x0b,0x17,0x00,0xd7,0xe7,0x29,0xb4,0x04,0xc0,0x20,0x38,0x02,0x03,0x4d,
0x00,0x0c,0x43,0x0a,0x00,0x00,0x00,0x00,0x00,0x03,0x00,0x02,0x01,0x0d,0x00,0x96,
0x13,0x00,0x02,0xc8,0x14,0x16,0x00,0x0c,0x43,0x0a,0x00,0x00,0x01,0x00,0x01,0x03,
0x00,0x00,0x00,0x12,0x01,0x8a,0x0c,0x00,0x01,0x00,0x38,0xe5,0x02,0x00,0x00,0x11,
0x21,0x00,0x00,0x41,0xe7,0x02,0x00,0x00,0xd7,0x25,0x01,0x00,0xb4,0x04,0xd9,0x20,
0x35,0x04,0x03,0x31,0x48,0x2a,0x00,0xe3,0xe4,0xf5,0x41,0x89,0x00,0x00,0x00,0xc5,
0x00,0x25,0x01,0x00,0xb4,0x04,0xd8,0x20,0x1f,0x04,0x08,0x0a,0x25,0x22,0x00,0x0c,
0x43,0x0a,0x00,0x00,0x00,0x00,0x00,0x03,0x00,0x02,0x01,0x0d,0x00,0x96,0x13,0x00,
0x02,0xc8,0x14,0x16,0x00,0x0c,0x43,0x0a,0x00,0x00,0x01,0x00,0x01,0x01,0x00,0x00,
0x00,0x07,0x01,0x8a,0x0c,0x00,0x01,0x00,0xd7,0x40,0xcd,0x02,0x00,0x00,0x28,0xb4,
0x04,0xde,0x20,0x35,0x00,0x00,0xe3,0xe4,0xf5,0x41,0x89,0x00,0x00,0x00,0xc5,0x00,
0x25,0x01,0x00,0xb4,0x04,0xdd,0x20,0x26,0x04,0x08,0x03,0x25,0x22,0x00,0x0c,0x43,
0x0a,0x00,0x00,0x01,0x01,0x01,0x06,0x00,0x02,0x00,0x24,0x02,0xce,0x14,0x00,0x01,
0x00,0xb0,0x04,0x03,0x00,0x03,0xf8,0x13,0x01,0x02,0xc0,0x13,0x02,0x02,0x6b,0x0b,
0x00,0x00,0x00,0xe3,0xe4,0xd7,0xf6,0x0e,0x0e,0x29,0xcf,0x6b,0x15,0x00,0x00,0x00,
0xe3,0xe4,0x07,0xc3,0xf4,0x01,0x04,0x4a,0x03,0x00,0x00,0x22,0x04,0x00,0x0e,0x0e,
0x29,0x30,0xb4,0x04,0xe6,0x20,0x1d,0x08,0x1d,0x0f,0x07,0x1a,0x40,0x19,0x07,0x1a,
0x00,0x0c,0x43,0x0a,0x00,0x00,0x00,0x02,0x00,0x06,0x00,0x03,0x00,0x3c,0x02,0xb0,
0x04,0x03,0x00,0x03,0xd0,0x14,0x07,0x01,0x03,0xf8,0x13,0x01,0x02,0xc0,0x13,0x02,
0x02,0xa2,0x04,0x03,0x02,0x6b,0x15,0x00,0x00,0x00,0xe3,0xe4,0x07,0xc3,0xf4,0x01,
0x04,0x4a,0x03,0x00,0x00,0x22,0x04,0x00,0x0e,0x0e,0x29,0xcf,0x6b,0x23,0x00,0x00,
0x00,0x6b,0x12,0x00,0x00,0x00,0xe5,0x41,0xb2,0x04,0x00,0x00,0xe4,0x24,0x01,0x00,
0x0e,0x0e,0xf2,0x0b,0xd0,0x6b,0x07,0x00,0x00,0x00,0x0e,0xf2,0x02,0x30,0x0e,0x29,
0x30,0xb4,0x04,0xec,0x20,0x14,0x08,0x1d,0x02,0x07,0x1a,0x8c,0x15,0x20,0x1c,0x00,
0x5d,0x04,0x00,0xf0,0x0e,0x5d,0x04,0x00,0x41,0x29,0x05,0x00,0x00,0xd7,0x24,0x01,
0x00,0x29,0xd7,0x38,0xb1,0x00,0x00,0x00,0xa9,0xf0,0x04,0xd7,0xf2,0x0b,0x38,0xb1,
0x00,0x00,0x00,0x11,0xd7,0x21,0x01,0x00,0xdb,0x5d,0x05,0x00,0xf4,0x0e,0x5d,0x06,
0x00,0x68,0x91,0x00,0x00,0x00,0x38,0xa6,0x00,0x00,0x00,0x41,0x86,0x01,0x00,0x00,
0x5d,0x06,0x00,0x40,0x2a,0x05,0x00,0x00,0x5d,0x06,0x00,0x40,0x2b,0x05,0x00,0x00,
0x9d,0xd7,0xef,0x24,0x02,0x00,0xd3,0xba,0xa7,0xf0,0x24,0x5d,0x07,0x00,0xe5,0xd7,
0x41,0xad,0x03,0x00,0x00,0xba,0xcb,0x24,0x02,0x00,0xf6,0x95,0xf0,0x02,0x29,0x5d,
0x06,0x00,0x41,0x2b,0x05,0x00,0x00,0xcb,0x9c,0x42,0x2b,0x05,0x00,0x00,0xcb,0xd7,
0xef,0xa5,0xf0,0x15,0x5d,0x08,0x00,0x5d,0x09,0x00,0xd7,0x41,0xad,0x03,0x00,0x00,
0xcb,0x24,0x01,0x00,0xf6,0x5e,0x09,0x00,0x5d,0x06,0x00,0x40,0x2b,0x05,0x00,0x00,
0x5d,0x06,0x00,0x40,0x2a,0x05,0x00,0x00,0xa5,0xf0,0x02,0x29,0x5d,0x06,0x00,0x40,
0xdd,0x02,0x00,0x00,0x41,0x61,0x02,0x00,0x00,0x24,0x00,0x00,0x0e,0x07,0x5e,0x06,
0x00,0xf2,0x0c,0x5d,0x08,0x00,0x5d,0x09,0x00,0xd7,0xf6,0x5e,0x09,0x00,0x5d,0x09,
0x00,0xef,0x5d,0x0a,0x00,0xa7,0xf0,0x5e,0x5d,0x0b,0x00,0x5d,0x09,0x00,0xf5,0xba,
0xa5,0xf0,0x53,0x6b,0x3c,0x00,0x00,0x00,0xe6,0x41,0x8c,0x04,0x00,0x00,0xe5,0x5d,
0x0c,0x00,0xc3,0xaf,0x01,0x04,0x48,0x03,0x00,0x00,0x0b,0xc4,0x00,0x4b,0x2c,0x05,
0x00,0x00,0x04,0x61,0x02,0x00,0x00,0x4b,0x2d,0x05,0x00,0x00,0x38,0xb1,0x00,0x00,
0x00,0x11,0xba,0x21,0x01,0x00,0x22,0x04,0x00,0x24,0x02,0x00,0x0e,0x0e,0xf2,0x0b,
0xd0,0x6b,0x07,0x00,0x00,0x00,0x0e,0xf2,0x02,0x30,0xe6,0x41,0xb2,0x04,0x00,0x00,
0xe5,0x24,0x01,0x00,0x29,0x5d,0x0b,0x00,0x5d,0x09,0x00,0xf5,0xd5,0xba,0xa5,0xf0,
0x02,0x29,0x38,0xe5,0x02,0x00,0x00,0x11,0x21,0x00,0x00,0x41,0xe7,0x02,0x00,0x00,
0x5d,0x09,0x00,0x41,0xad,0x03,0x00,0x00,0xba,0xcd,0x24,0x02,0x00,0x24,0x01,0x00,
0xd2,0x5d,0x0d,0x00,0xce,0xf5,0xc9,0x04,0x95,0xf0,0x02,0x29,0x5d,0x09,0x00,0x41,
0xad,0x03,0x00,0x00,0xcd,0xbe,0x9c,0x24,0x01,0x00,0x5e,0x09,0x00,0xc7,0x04,0x40,
0xe1,0x04,0x00,0x00,0x5e,0x0e,0x00,0xc7,0x04,0x40,0xb6,0x02,0x00,0x00,0x04,0xa2,
0x04,0x00,0x00,0x46,0x11,0xf1,0x03,0x0e,0xc6,0x41,0x46,0x02,0x00,0x00,0x24,0x00,
0x00,0xc9,0x05,0x04,0xa0,0x04,0x00,0x00,0xad,0x68,0x90,0x02,0x00,0x00,0xc7,0x04,
0x40,0xb6,0x02,0x00,0x00,0x04,0x2e,0x05,0x00,0x00,0x46,0xc9,0x06,0x95,0xf0,0x36,
0xe6,0x41,0x8c,0x04,0x00,0x00,0xe5,0x5d,0x0c,0x00,0xc3,0x90,0x01,0x04,0x30,0x03,
0x00,0x00,0x0b,0xc4,0x01,0x4b,0x2c,0x05,0x00,0x00,0x04,0x61,0x02,0x00,0x00,0x4b,
0x2d,0x05,0x00,0x00,0x38,0xb1,0x00,0x00,0x00,0x11,0xba,0x21,0x01,0x00,0x22,0x04,
0x00,0x24,0x02,0x00,0x29,0x5d,0x0f,0x00,0xc7,0x04,0x40,0xab,0x01,0x00,0x00,0x46,
0xc9,0x07,0x95,0xf0,0x36,0xe6,0x41,0x8c,0x04,0x00,0x00,0xe5,0x5d,0x0c,0x00,0xc3,
0x94,0x01,0x04,0x34,0x03,0x00,0x00,0x0b,0xc4,0x02,0x4b,0x2c,0x05,0x00,0x00,0x04,
0x61,0x02,0x00,0x00,0x4b,0x2d,0x05,0x00,0x00,0x38,0xb1,0x00,0x00,0x00,0x11,0xba,
0x21,0x01,0x00,0x22,0x04,0x00,0x24,0x02,0x00,0x29,0xc7,0x07,0xfb,0xf0,0x05,0xc7,
0x07,0xf2,0x08,0xc7,0x07,0x40,0xf2,0x04,0x00,0x00,0xc8,0x08,0x5d,0x10,0x00,0xc7,
0x06,0xf5,0xc8,0x09,0x0b,0x04,0xa0,0x04,0x00,0x00,0x4b,0x2f,0x05,0x00,0x00,0x04,
0x2f,0x05,0x00,0x00,0x4b,0x2d,0x05,0x00,0x00,0xc7,0x09,0x4b,0x30,0x05,0x00,0x00,
0x04,0x31,0x05,0x00,0x00,0x4b,0x32,0x05,0x00,0x00,0xc4,0x03,0x4b,0x2c,0x05,0x00,
0x00,0xc8,0x0a,0xc7,0x04,0x40,0xb6,0x02,0x00,0x00,0x04,0x33,0x05,0x00,0x00,0x46,
0x11,0xf1,0x03,0x0e,0xc6,0x41,0x65,0x00,0x00,0x00,0x04,0x34,0x05,0x00,0x00,0x24,
0x01,0x00,0x41,0x1b,0x01,0x00,0x00,0xc5,0x04,0x24,0x01,0x00,0xc8,0x0b,0x07,0xc8,
0x0c,0xc7,0x07,0xf0,0x2b,0xc7,0x07,0x96,0x04,0x4d,0x00,0x00,0x00,0xad,0xf0,0x20,
0x38,0x9f,0x00,0x00,0x00,0x41,0xe7,0x01,0x00,0x00,0xc7,0x07,0x40,0x35,0x05,0x00,
0x00,0x24,0x01,0x00,0xf0,0x0a,0xc7,0x07,0x40,0x35,0x05,0x00,0x00,0xc8,0x0c,0xc7,
0x0c,0xf0,0x43,0xc7,0x0b,0xef,0xf0,0x3e,0xba,0xc8,0x0d,0xc7,0x0d,0xc7,0x0b,0xef,
0xa5,0xf0,0x33,0xc7,0x0c,0x41,0x4f,0x01,0x00,0x00,0xc7,0x0b,0xc7,0x0d,0x46,0x24,
0x01,0x00,0xba,0xa8,0xf0,0x1c,0xc7,0x0a,0x04,0x36,0x05,0x00,0x00,0x1b,0x11,0xaf,
0xf1,0x04,0x1b,0x71,0x1b,0x1b,0xc7,0x0b,0xc7,0x0d,0x46,0x1b,0x71,0x1b,0x48,0xf2,
0x05,0x92,0x0d,0xf2,0xc7,0xc7,0x04,0x40,0xb6,0x02,0x00,0x00,0x04,0x37,0x05,0x00,
0x00,0x46,0x11,0xf1,0x03,0x0e,0xc6,0x41,0x46,0x02,0x00,0x00,0x24,0x00,0x00,0xc8,
0x0e,0xe6,0x40,0x38,0x05,0x00,0x00,0xfb,0x11,0xf0,0x13,0x0e,0xc7,0x0e,0x41,0x4f,
0x01,0x00,0x00,0x04,0x39,0x05,0x00,0x00,0x24,0x01,0x00,0xba,0xa8,0xc9,0x0f,0xf0,
0x1a,0xc7,0x0a,0x04,0x3a,0x05,0x00,0x00,0x1b,0x11,0xaf,0xf1,0x04,0x1b,0x71,0x1b,
0x1b,0x04,0x39,0x05,0x00,0x00,0x1b,0x71,0x1b,0x48,0xe6,0x41,0x8c,0x04,0x00,0x00,
0xe5,0x5d,0x0c,0x00,0xc2,0x65,0x04,0x21,0x03,0x00,0x00,0xc7,0x0a,0x38,0xb1,0x00,
0x00,0x00,0x11,0xba,0x21,0x01,0x00,0x22,0x04,0x00,0x24,0x02,0x00,0x0e,0x5d,0x11,
0x00,0x11,0xe5,0x21,0x01,0x00,0x5f,0x04,0x00,0xbb,0x42,0x00,0x05,0x00,0x00,0xc7,
0x0f,0xf0,0x36,0x6b,0x29,0x00,0x00,0x00,0x5d,0x04,0x00,0xe6,0x41,0x3b,0x05,0x00,
0x00,0x24,0x00,0x00,0x42,0x0d,0x05,0x00,0x00,0x5d,0x04,0x00,0xe6,0x41,0x38,0x05,
0x00,0x00,0x24,0x00,0x00,0x42,0x04,0x05,0x00,0x00,0x0e,0xf2,0x0c,0xc8,0x10,0x6b,
0x07,0x00,0x00,0x00,0x0e,0xf2,0x02,0x30,0x38,0x8f,0x01,0x00,0x00,0x5d,0x12,0x00,
0xf5,0x0e,0xc7,0x08,0xfb,0xf0,0x1b,0x6b,0x0e,0x00,0x00,0x00,0xc7,0x08,0x5d,0x04,
0x00,0xf5,0x0e,0x0e,0xf2,0x0c,0xc8,0x11,0x6b,0x07,0x00,0x00,0x00,0x0e,0xf2,0x02,
0x30,0x5d,0x04,0x00,0x40,0x4d,0x04,0x00,0x00,0xf0,0x1f,0x6b,0x13,0x00,0x00,0x00,
0x5d,0x04,0x00,0x41,0x4d,0x04,0x00,0x00,0x0b,0x24,0x01,0x00,0x0e,0x0e,0x29,0xc8,
0x12,0x6b,0x06,0x00,0x00,0x00,0x0e,0x29,0x30,0x29,0xc7,0x04,0x40,0xab,0x01,0x00,
0x00,0xc9,0x13,0x41,0x4f,0x01,0x00,0x00,0x04,0x13,0x02,0x00,0x00,0x24,0x01,0x00,
0xc8,0x14,0xc6,0xc8,0x15,0xc7,0x14,0xba,0xa8,0xf0,0x1e,0xc7,0x13,0x41,0x4f,0x02,
0x00,0x00,0xc7,0x14,0x24,0x01,0x00,0xc8,0x15,0xc7,0x13,0x41,0x4f,0x02,0x00,0x00,
0xba,0xc7,0x14,0x24,0x02,0x00,0xc8,0x13,0x07,0xc8,0x16,0xc7,0x04,0x40,0xdf,0x04,
0x00,0x00,0xba,0xa7,0x68,0xb7,0x00,0x00,0x00,0x38,0xd4,0x02,0x00,0x00,0x11,0x0b,
0xc5,0x05,0x4c,0x27,0x01,0x00,0x00,0x4b,0x27,0x01,0x00,0x00,0x21,0x01,0x00,0xc8,
0x16,0x0b,0xc7,0x17,0x4b,0xdd,0x02,0x00,0x00,0xc7,0x04,0x40,0xdf,0x04,0x00,0x00,
0x4b,0x2a,0x05,0x00,0x00,0xba,0x4b,0x2b,0x05,0x00,0x00,0x5e,0x06,0x00,0x38,0xa6,
0x00,0x00,0x00,0x41,0x86,0x01,0x00,0x00,0x5d,0x06,0x00,0x40,0x2a,0x05,0x00,0x00,
0x5d,0x09,0x00,0xef,0x24,0x02,0x00,0xc9,0x18,0xba,0xa7,0xf0,0x38,0x5d,0x07,0x00,
0xe5,0x5d,0x09,0x00,0x41,0xad,0x03,0x00,0x00,0xba,0xc7,0x18,0x24,0x02,0x00,0xf6,
0x95,0xf0,0x02,0x29,0x5d,0x09,0x00,0x41,0xad,0x03,0x00,0x00,0xc7,0x18,0x24,0x01,
0x00,0x5e,0x09,0x00,0x5d,0x06,0x00,0x41,0x2b,0x05,0x00,0x00,0xc7,0x18,0x9c,0x42,
0x2b,0x05,0x00,0x00,0x5d,0x06,0x00,0x40,0x2b,0x05,0x00,0x00,0x5d,0x06,0x00,0x40,
0x2a,0x05,0x00,0x00,0xa8,0xf0,0x16,0x5d,0x06,0x00,0x40,0xdd,0x02,0x00,0x00,0x41,
0x61,0x02,0x00,0x00,0x24,0x00,0x00,0x0e,0x07,0x5e,0x06,0x00,0x0b,0xc7,0x04,0x40,
0x9c,0x02,0x00,0x00,0x4b,0x9c,0x02,0x00,0x00,0xc7,0x04,0x40,0xab,0x01,0x00,0x00,
0x4b,0x28,0x02,0x00,0x00,0xc7,0x13,0x4b,0x6d,0x02,0x00,0x00,0xc7,0x15,0x4b,0x6e,
0x02,0x00,0x00,0xc7,0x04,0x40,0xb6,0x02,0x00,0x00,0x4b,0xb6,0x02,0x00,0x00,0xc7,
0x16,0x4b,0xa2,0x02,0x00,0x00,0xc7,0x04,0x40,0xe1,0x04,0x00,0x00,0x4b,0xe1,0x04,
0x00,0x00,0xc9,0x19,0xc5,0x06,0x42,0xca,0x02,0x00,0x00,0xc7,0x19,0xc5,0x07,0x42,
0xd2,0x02,0x00,0x00,0x5d,0x05,0x00,0x5e,0x13,0x00,0x6b,0x32,0x00,0x00,0x00,0x5d,
0x14,0x00,0xc7,0x19,0xf5,0xc9,0x1a,0xf0,0x1c,0xc7,0x1a,0x40,0x89,0x00,0x00,0x00,
0xfb,0xf0,0x12,0xc7,0x1a,0x41,0x89,0x00,0x00,0x00,0xc5,0x08,0xc5,0x09,0x24,0x02,
0x00,0x0e,0xf2,0x07,0xe4,0xe5,0xc7,0x1a,0xf6,0x0e,0x0e,0xf2,0x1b,0xc8,0x1b,0x6b,
0x16,0x00,0x00,0x00,0xe4,0xe5,0x07,0xc3,0xf4,0x01,0x04,0x4a,0x03,0x00,0x00,0x22,
0x04,0x00,0x0e,0x0e,0xf2,0x02,0x30,0x5d,0x06,0x00,0x68,0x4a,0xfb,0xff,0xff,0x29,
0xb4,0x04,0xbf,0x1f,0x17,0x84,0x02,0x1d,0x13,0x2a,0x24,0x1e,0x27,0x07,0x2e,0x39,
0x30,0x3a,0x5d,0x77,0x2c,0x2a,0x2c,0x4e,0x3d,0x26,0x0a,0x25,0x16,0x35,0x31,0x54,
0x12,0x1c,0x11,0x11,0x24,0x2f,0x26,0x54,0x1b,0x41,0x31,0x43,0x2a,0x17,0x29,0x22,
0x00,0x11,0x24,0x40,0x05,0x2f,0x42,0x16,0x0e,0x31,0x69,0x20,0x1c,0x17,0x17,0x87,
0x08,0x00,0x1e,0x08,0x0f,0x20,0x1c,0x00,0x08,0x08,0x1a,0x1c,0x1b,0x1c,0x0e,0x48,
0x2a,0x2a,0x08,0x3f,0x2b,0x2c,0x2d,0x2a,0x26,0x07,0x12,0x2b,0x37,0xa8,0x5a,0x1c,
0x39,0x96,0x17,0x20,0x1c,0x17,0x17,0x87,0x08,0x00,0x21,0x0c,0x0b,0x20,0x1c,0x17,
0x17,0x87,0x08,0x00,0x13,0x08,0x3a,0x62,0x1d,0x00,0x4b,0x10,0x56,0x43,0x1e,0x00,
0x10,0x08,0x53,0x61,0x34,0x3f,0x7b,0x78,0x28,0x44,0x1a,0x2a,0x28,0x17,0x61,0x00,
0x36,0x0a,0x6e,0x3a,0x29,0x3e,0x2a,0x2a,0x42,0x21,0xa9,0x01,0x80,0x11,0x20,0x1c,
0x16,0x0c,0x2f,0x78,0x58,0x8d,0x01,0x3a,0x00,0x50,0x09,0x2f,0x26,0x2b,0x25,0x2f,
0x26,0x00,0x16,0x08,0x2d,0x1b,0x1a,0x26,0x18,0x2c,0x29,0x0c,0x14,0x00,0x22,0x0c,
0x13,0x2a,0x06,0x00,0x20,0x0e,0x12,0x4f,0x0f,0x17,0x0f,0x25,0x38,0x26,0x37,0x25,
0x28,0x5f,0x04,0x27,0x09,0x7d,0x21,0xc6,0x2a,0x58,0x11,0x26,0x08,0x2f,0x14,0x3a,
0x2f,0x2a,0x26,0x2b,0x25,0x7c,0x30,0x3a,0x2f,0x43,0x2a,0x17,0x29,0x00,0x4a,0x18,
0x07,0x00,0x09,0x0a,0x00,0x00,0x09,0x0a,0x00,0x4a,0x2e,0x49,0x20,0x12,0x45,0x25,
0x18,0x00,0x0a,0x22,0x17,0x07,0x1a,0x50,0x1d,0x07,0x1a,0x00,0x0c,0x43,0x0a,0x00,
0x00,0x01,0x02,0x01,0x04,0x00,0x02,0x00,0x50,0x03,0x82,0x10,0x00,0x01,0x00,0xb0,
0x04,0x05,0x00,0x03,0xb0,0x04,0x0a,0x00,0x03,0x86,0x09,0x01,0x00,0xa0,0x14,0x03,
0x00,0xe3,0xf0,0x26,0xe3,0x40,0x4e,0x04,0x00,0x00,0xf0,0x1e,0x6b,0x12,0x00,0x00,
0x00,0xe3,0x41,0x4e,0x04,0x00,0x00,0xd7,0x24,0x01,0x00,0x0e,0x0e,0xf2,0x0b,0xcf,
0x6b,0x07,0x00,0x00,0x00,0x0e,0xf2,0x02,0x30,0xe4,0xf0,0x25,0x6b,0x17,0x00,0x00,
0x00,0xe4,0x40,0xdd,0x02,0x00,0x00,0x41,0x37,0x00,0x00,0x00,0xd7,0x24,0x01,0x00,
0x0e,0x0e,0xf2,0x0b,0xd0,0x6b,0x07,0x00,0x00,0x00,0x0e,0xf2,0x02,0x30,0x07,0xe8,
0x29,0xb4,0x04,0xff,0x20,0x18,0x0c,0x55,0x11,0x20,0x16,0x00,0x1a,0x0c,0x15,0x39,
0x36,0x5f,0x39,0x00,0x0c,0x43,0x0a,0x00,0x00,0x01,0x06,0x01,0x06,0x00,0x06,0x00,
0x9c,0x02,0x07,0xda,0x07,0x00,0x01,0x00,0xe4,0x05,0x00,0x00,0x00,0xb0,0x04,0x08,
0x00,0x03,0xb0,0x04,0x0d,0x00,0x03,0xb0,0x04,0x12,0x00,0x03,0x94,0x14,0x00,0x01,
0x00,0xb0,0x04,0x17,0x00,0x03,0x9e,0x14,0x02,0x00,0xfe,0x13,0x10,0x02,0xc0,0x13,
0x00,0x01,0x86,0x09,0x01,0x00,0xa2,0x04,0x00,0x02,0xa0,0x14,0x03,0x00,0x38,0x8f,
0x01,0x00,0x00,0xe3,0xf5,0x0e,0xe4,0x41,0x4f,0x01,0x00,0x00,0xe5,0x24,0x01,0x00,
0xd3,0xba,0xa8,0xf0,0x0d,0xe4,0x41,0x67,0x01,0x00,0x00,0xcb,0xbb,0x24,0x02,0x00,
0x0e,0xe6,0xf0,0x67,0xe6,0x40,0x04,0x05,0x00,0x00,0xf0,0x2c,0x6b,0x19,0x00,0x00,
0x00,0x5d,0x04,0x00,0x41,0x3c,0x05,0x00,0x00,0xe6,0x40,0x04,0x05,0x00,0x00,0x24,
0x01,0x00,0x0e,0x0e,0xf2,0x0b,0xd0,0x6b,0x07,0x00,0x00,0x00,0x0e,0xf2,0x02,0x30,
0xe6,0x07,0x42,0x04,0x05,0x00,0x00,0xe6,0x40,0x0d,0x05,0x00,0x00,0xf0,0x2c,0x6b,
0x19,0x00,0x00,0x00,0x5d,0x04,0x00,0x41,0x3d,0x05,0x00,0x00,0xe6,0x40,0x0d,0x05,
0x00,0x00,0x24,0x01,0x00,0x0e,0x0e,0xf2,0x0b,0xd1,0x6b,0x07,0x00,0x00,0x00,0x0e,
0xf2,0x02,0x30,0xe6,0x07,0x42,0x0d,0x05,0x00,0x00,0x5d,0x05,0x00,0xf0,0x36,0x6b,
0x26,0x00,0x00,0x00,0x5d,0x05,0x00,0x40,0xdd,0x02,0x00,0x00,0x41,0x37,0x00,0x00,
0x00,0x38,0xa0,0x00,0x00,0x00,0x11,0x04,0x3e,0x05,0x00,0x00,0x21,0x01,0x00,0x24,
0x01,0x00,0x0e,0x0e,0xf2,0x0b,0xd2,0x6b,0x07,0x00,0x00,0x00,0x0e,0xf2,0x02,0x30,
0x07,0x5e,0x05,0x00,0xe6,0xf0,0x53,0xe6,0x40,0x82,0x04,0x00,0x00,0xf0,0x4b,0xe6,
0x40,0x00,0x05,0x00,0x00,0xbd,0xa5,0xf0,0x41,0xe6,0xbd,0x42,0x00,0x05,0x00,0x00,
0x0b,0xd7,0x11,0xf1,0x05,0x0e,0xc3,0xee,0x03,0x4b,0xed,0x01,0x00,0x00,0xc6,0x4b,
0x94,0x00,0x00,0x00,0x09,0x4b,0xb1,0x04,0x00,0x00,0xc8,0x04,0x6b,0x12,0x00,0x00,
0x00,0xe6,0x41,0x82,0x04,0x00,0x00,0xc7,0x04,0x24,0x01,0x00,0x0e,0x0e,0x29,0xc8,
0x05,0x6b,0x06,0x00,0x00,0x00,0x0e,0x29,0x30,0x29,0xb4,0x04,0x8e,0x21,0x18,0x2c,
0x03,0x19,0x1b,0x1a,0x30,0x16,0x1c,0x19,0x16,0x06,0x20,0x1a,0x00,0x16,0x08,0x29,
0x2a,0x22,0x78,0x25,0x00,0x14,0x08,0x04,0x2a,0x22,0x78,0x25,0x00,0x11,0x0a,0x00,
0x43,0x3e,0xa0,0x41,0x6d,0x42,0x17,0x41,0xcd,0x04,0x20,0x16,0x00,0xc5,0x00,0xc8,
0x04,0xc5,0x01,0xc8,0x05,0x38,0xb1,0x00,0x00,0x00,0x11,0xba,0x21,0x01,0x00,0xcf,
0x07,0xd0,0x07,0xd1,0x07,0xd2,0x5d,0x10,0x00,0x41,0x52,0x01,0x00,0x00,0xd7,0x24,
0x01,0x00,0x0e,0xd7,0xc5,0x02,0x42,0x81,0x04,0x00,0x00,0xd7,0xc5,0x03,0x42,0x4e,
0x04,0x00,0x00,0xd7,0xc5,0x04,0x42,0x82,0x04,0x00,0x00,0x29,0xb4,0x04,0x9e,0x1f,
0x07,0x15,0x2b,0x20,0x00,0x11,0x08,0x1b,0x2a,0x16,0x00,0x05,0x38,0x15,0x00,0x08,
0x80,0x03,0x00,0x00,0x08,0x1e,0x00,0x00,0x0c,0x43,0x0a,0x00,0xf8,0x13,0x04,0x0a,
0x04,0x0a,0x01,0x04,0x03,0x87,0x06,0x0e,0xc0,0x13,0x00,0x01,0x00,0xce,0x14,0x00,
0x01,0x00,0xa6,0x02,0x00,0x01,0x00,0xac,0x0b,0x00,0x01,0x00,0xdc,0x13,0x00,0x00,
0x00,0xd4,0x05,0x00,0x01,0x00,0xfe,0x14,0x00,0x02,0x00,0x80,0x15,0x00,0x03,0x00,
0xd6,0x13,0x00,0x04,0x40,0x00,0xd0,0x0e,0x00,0x05,0x00,0xa0,0x13,0x00,0x06,0x00,
0xb0,0x04,0x19,0x00,0x03,0xb0,0x13,0x00,0x07,0x00,0xb0,0x04,0x1f,0x00,0x03,0xa2,
0x04,0x00,0x02,0x9e,0x13,0x09,0x02,0xec,0x13,0x05,0x00,0xee,0x13,0x06,0x00,0x07,
0x02,0x30,0x0c,0x43,0x0a,0x00,0x00,0x02,0x00,0x02,0x03,0x00,0x01,0x00,0x11,0x02,
0xba,0x09,0x00,0x01,0x00,0x82,0x15,0x00,0x01,0x00,0xd6,0x13,0x04,0x00,0xe3,0xd8,
0x1b,0x11,0xaf,0xf1,0x04,0x1b,0x71,0x1b,0x1b,0xd7,0x1b,0x71,0x1b,0x48,0x29,0xb4,
0x04,0xce,0x21,0x21,0x02,0x03,0x23,0x00,0x07,0x02,0x30,0x38,0xa0,0x02,0x00,0x00,
0x11,0x21,0x00,0x00,0xcf,0xd8,0xf9,0x11,0xf1,0x04,0x0e,0xd8,0xf8,0xf0,0x4c,0xd9,
0x11,0xf1,0x05,0x0e,0xc3,0xf4,0x01,0xdd,0xda,0x11,0xf1,0x07,0x0e,0x04,0x4a,0x03,
0x00,0x00,0xde,0xe3,0x41,0x8c,0x04,0x00,0x00,0xd7,0xe4,0xd9,0xda,0x0b,0x04,0x31,
0x05,0x00,0x00,0x4b,0x32,0x05,0x00,0x00,0xc4,0x00,0x4b,0x2c,0x05,0x00,0x00,0x04,
0x61,0x02,0x00,0x00,0x4b,0x2d,0x05,0x00,0x00,0x38,0xb1,0x00,0x00,0x00,0x11,0xba,
0x21,0x01,0x00,0x22,0x04,0x00,0x24,0x02,0x00,0x29,0xd8,0x96,0x04,0x4c,0x00,0x00,
0x00,0xad,0xf0,0x5c,0xcb,0x41,0xa1,0x02,0x00,0x00,0xd8,0x24,0x01,0x00,0xd0,0xe3,
0x41,0x8c,0x04,0x00,0x00,0xd7,0xe4,0xc3,0xc8,0x00,0x04,0x22,0x03,0x00,0x00,0x0b,
0x04,0x42,0x05,0x00,0x00,0x4b,0x32,0x05,0x00,0x00,0xc6,0xcc,0xef,0x9c,0x4b,0x2c,
0x05,0x00,0x00,0xe5,0xf0,0x08,0x04,0x43,0x05,0x00,0x00,0xf2,0x06,0x04,0x61,0x02,
0x00,0x00,0x4b,0x2d,0x05,0x00,0x00,0xcc,0x22,0x04,0x00,0x24,0x02,0x00,0x0e,0xe5,
0x95,0xf0,0x0c,0xe3,0x41,0xb2,0x04,0x00,0x00,0xd7,0x24,0x01,0x00,0x0e,0x29,0xd8,
0x96,0x04,0x4d,0x00,0x00,0x00,0xad,0x68,0xf2,0x01,0x00,0x00,0xd8,0x07,0xae,0x68,
0xea,0x01,0x00,0x00,0xd8,0x40,0x93,0x00,0x00,0x00,0x11,0xf1,0x05,0x0e,0xc3,0xc8,
0x00,0xd1,0xd8,0x40,0xd6,0x02,0x00,0x00,0x11,0xf1,0x11,0x0e,0xcd,0xc3,0xc8,0x00,
0xad,0xf0,0x08,0x04,0x22,0x03,0x00,0x00,0xf2,0x02,0xc6,0xd2,0x38,0x9e,0x00,0x00,
0x00,0x41,0x1e,0x03,0x00,0x00,0x07,0x24,0x01,0x00,0xc8,0x04,0xd8,0x40,0xb6,0x02,
0x00,0x00,0xf0,0x22,0xd8,0x40,0xb6,0x02,0x00,0x00,0x40,0x56,0x01,0x00,0x00,0xfb,
0xf0,0x14,0xd8,0x40,0xb6,0x02,0x00,0x00,0x41,0x56,0x01,0x00,0x00,0xc5,0x01,0x24,
0x01,0x00,0x0e,0xf2,0x51,0xd8,0x40,0xb6,0x02,0x00,0x00,0xf0,0x49,0xd8,0x40,0xb6,
0x02,0x00,0x00,0x7d,0xf2,0x3b,0xc8,0x05,0xd8,0x40,0xb6,0x02,0x00,0x00,0xc7,0x05,
0x46,0xfb,0xf1,0x2d,0xc7,0x05,0xba,0x46,0x04,0x44,0x05,0x00,0x00,0xae,0xf0,0x21,
0xc7,0x04,0xc7,0x05,0x1b,0x11,0xaf,0xf1,0x04,0x1b,0x71,0x1b,0x1b,0x38,0xa2,0x00,
0x00,0x00,0xd8,0x40,0xb6,0x02,0x00,0x00,0xc7,0x05,0x46,0xf5,0x1b,0x71,0x1b,0x48,
0x80,0xf0,0xc4,0x0e,0x0e,0xd8,0x40,0xb8,0x02,0x00,0x00,0xd4,0x38,0xad,0x00,0x00,
0x00,0xa9,0xf0,0x0f,0x38,0xb1,0x00,0x00,0x00,0x11,0xcc,0x21,0x01,0x00,0xc8,0x06,
0xf2,0x63,0xcc,0x96,0x04,0x4c,0x00,0x00,0x00,0xad,0xf0,0x0f,0xcb,0x41,0xa1,0x02,
0x00,0x00,0xcc,0x24,0x01,0x00,0xc8,0x06,0xf2,0x4b,0xcc,0x38,0xb1,0x00,0x00,0x00,
0xa9,0xf0,0x06,0xcc,0xc8,0x06,0xf2,0x3d,0xcc,0xf0,0x3a,0xcc,0x96,0x04,0x4d,0x00,
0x00,0x00,0xad,0xf0,0x30,0xcc,0x38,0xb1,0x00,0x00,0x00,0xa9,0x95,0xf0,0x26,0x6b,
0x19,0x00,0x00,0x00,0xcb,0x41,0xa1,0x02,0x00,0x00,0x38,0xa2,0x00,0x00,0x00,0xcc,
0xf5,0x24,0x01,0x00,0xc8,0x06,0x0e,0xf2,0x0c,0xc8,0x07,0x6b,0x07,0x00,0x00,0x00,
0x0e,0xf2,0x02,0x30,0xc7,0x06,0x95,0xf0,0x3e,0xd8,0x40,0xca,0x02,0x00,0x00,0xfb,
0xf0,0x35,0x6b,0x28,0x00,0x00,0x00,0xd8,0x41,0xca,0x02,0x00,0x00,0x24,0x00,0x00,
0xc9,0x08,0x96,0x04,0x4c,0x00,0x00,0x00,0xad,0xf0,0x0e,0xcb,0x41,0xa1,0x02,0x00,
0x00,0xc7,0x08,0x24,0x01,0x00,0xc8,0x06,0x0e,0xf2,0x0c,0xc8,0x09,0x6b,0x07,0x00,
0x00,0x00,0x0e,0xf2,0x02,0x30,0xc7,0x06,0x95,0xf0,0x0d,0xcb,0x41,0xa1,0x02,0x00,
0x00,0xc6,0x24,0x01,0x00,0xc8,0x06,0xc7,0x04,0x04,0x2c,0x05,0x00,0x00,0x1b,0x11,
0xaf,0xf1,0x04,0x1b,0x71,0x1b,0x1b,0xc6,0xc7,0x06,0xef,0x9c,0x1b,0x71,0x1b,0x48,
0xc7,0x04,0x04,0x2d,0x05,0x00,0x00,0x46,0x95,0xf0,0x24,0xc7,0x04,0x04,0x2d,0x05,
0x00,0x00,0x1b,0x11,0xaf,0xf1,0x04,0x1b,0x71,0x1b,0x1b,0xe5,0xf0,0x08,0x04,0x43,
0x05,0x00,0x00,0xf2,0x06,0x04,0x61,0x02,0x00,0x00,0x1b,0x71,0x1b,0x48,0xe3,0x41,
0x8c,0x04,0x00,0x00,0xd7,0xe4,0xcd,0xce,0xc7,0x04,0xc7,0x06,0x22,0x04,0x00,0x24,
0x02,0x00,0x0e,0xe5,0xf0,0x04,0xe6,0xf4,0x0e,0x29,0xe3,0x41,0x8c,0x04,0x00,0x00,
0xd7,0xe4,0xc3,0xf4,0x01,0x04,0x4a,0x03,0x00,0x00,0x0b,0x04,0x31,0x05,0x00,0x00,
0x4b,0x32,0x05,0x00,0x00,0xc4,0x02,0x4b,0x2c,0x05,0x00,0x00,0x04,0x61,0x02,0x00,
0x00,0x4b,0x2d,0x05,0x00,0x00,0x38,0xb1,0x00,0x00,0x00,0x11,0xba,0x21,0x01,0x00,
0x22,0x04,0x00,0x24,0x02,0x00,0x0e,0xe3,0x41,0xb2,0x04,0x00,0x00,0xd7,0x24,0x01,
0x00,0x29,0xb4,0x04,0xb3,0x21,0x07,0x84,0x01,0x03,0x20,0x3a,0x03,0x20,0x20,0x12,
0x33,0x30,0x00,0x3a,0x00,0x20,0x1c,0x0c,0x30,0x00,0x1e,0x08,0x3d,0x5f,0x14,0x4e,
0x04,0x1c,0x25,0x20,0x1c,0x0c,0x0c,0x68,0x0a,0xcd,0x03,0x20,0x1c,0x28,0x27,0x43,
0x28,0xa4,0x04,0x80,0x04,0x80,0x12,0x12,0x5f,0x39,0x28,0x00,0x24,0x0a,0x18,0x25,
0x2e,0x2b,0x65,0x5c,0x22,0x00,0x1a,0x0a,0x0b,0x2b,0x0b,0x4e,0x1a,0x30,0x2b,0x20,
0x20,0x30,0x0c,0x2b,0x2b,0x30,0x36,0x34,0x36,0x4a,0x67,0x20,0x20,0x1b,0x0e,0x00,
0x20,0x08,0x08,0x4a,0x1d,0x1c,0x0a,0x2f,0x14,0x20,0x20,0x00,0x1a,0x08,0x4b,0x20,
0x12,0x21,0x23,0x57,0x3c,0x62,0x09,0xb2,0x31,0x20,0x1c,0x0c,0x30,0x53,0x1f,0x19,
0x2f,0x20,0x1c,0x0c,0x0c,0x00,0x24,0x08,0x19,0x58,0x0d,0x20,0x1c,0x00,0x0c,0x43,
0x0a,0x00,0x00,0x00,0x00,0x00,0x03,0x00,0x04,0x00,0x19,0x00,0xea,0x13,0x04,0x00,
0x86,0x13,0x0c,0x02,0xa2,0x04,0x00,0x02,0xfa,0x13,0x0c,0x00,0xe3,0x0a,0x42,0x45,
0x05,0x00,0x00,0xe4,0xe3,0xad,0xf0,0x03,0x07,0xe8,0xe5,0x41,0x46,0x05,0x00,0x00,
0xe6,0x24,0x01,0x00,0x29,0xb4,0x04,0x81,0x22,0x1c,0x0a,0x03,0x25,0x2b,0x2e,0x16,
0x1c,0x0d,0x49,0x20,0x2c,0x00,0xc5,0x01,0xc8,0x07,0xc5,0x05,0xc8,0x08,0xc5,0x06,
0xc8,0x09,0xc5,0x07,0xc8,0x0a,0xc5,0x08,0xc8,0x0b,0xd7,0x96,0x04,0x4d,0x00,0x00,
0x00,0xae,0x11,0xf1,0x04,0x0e,0xd7,0xf9,0xf0,0x10,0x38,0xda,0x00,0x00,0x00,0x11,
0x04,0x47,0x05,0x00,0x00,0x21,0x01,0x00,0x30,0xd8,0xfb,0xf1,0x10,0x38,0xda,0x00,
0x00,0x00,0x11,0x04,0x48,0x05,0x00,0x00,0x21,0x01,0x00,0x30,0xd7,0x40,0x31,0x02,
0x00,0x00,0xf8,0xf0,0x06,0xc3,0x90,0x1f,0xf2,0x07,0xd7,0x40,0x31,0x02,0x00,0x00,
0xcf,0xd7,0x40,0xf3,0x04,0x00,0x00,0xf8,0xf0,0x06,0xc3,0x30,0x75,0xf2,0x07,0xd7,
0x40,0xf3,0x04,0x00,0x00,0xd0,0xcb,0x96,0x04,0x4a,0x00,0x00,0x00,0xae,0x11,0xf1,
0x10,0x0e,0xcb,0xba,0xa5,0x11,0xf1,0x09,0x0e,0xcb,0x01,0xff,0xff,0x00,0x00,0xa7,
0xf0,0x10,0x38,0xda,0x00,0x00,0x00,0x11,0x04,0x49,0x05,0x00,0x00,0x21,0x01,0x00,
0x30,0xd7,0x40,0x6c,0x02,0x00,0x00,0x11,0xf1,0x07,0x0e,0x04,0x4a,0x05,0x00,0x00,
0xd1,0xd7,0x40,0x43,0x02,0x00,0x00,0x11,0xf1,0x03,0x0e,0x0b,0xd2,0x0b,0x09,0x4b,
0x45,0x05,0x00,0x00,0xc8,0x04,0x5d,0x0c,0x00,0xf0,0x1b,0x5d,0x0c,0x00,0x40,0x45,
0x05,0x00,0x00,0x95,0xf0,0x10,0x38,0xa0,0x00,0x00,0x00,0x11,0x04,0x4b,0x05,0x00,
0x00,0x21,0x01,0x00,0x30,0xc7,0x04,0x5e,0x0c,0x00,0x0a,0xc8,0x05,0xc5,0x00,0x4c,
0xf7,0x04,0x00,0x00,0xc8,0x06,0xc7,0x07,0x40,0x3f,0x00,0x00,0x00,0xc5,0x02,0x42,
0xbe,0x04,0x00,0x00,0xc7,0x07,0x40,0x3f,0x00,0x00,0x00,0xc5,0x03,0x42,0x61,0x02,
0x00,0x00,0xc7,0x07,0x40,0x3f,0x00,0x00,0x00,0xc5,0x04,0x42,0x29,0x05,0x00,0x00,
0xd7,0x40,0xfe,0x04,0x00,0x00,0xc9,0x0d,0xf0,0x40,0xc7,0x0d,0x40,0x4c,0x05,0x00,
0x00,0xf0,0x37,0xc7,0x0d,0x40,0xb4,0x01,0x00,0x00,0xf0,0x2e,0xe3,0x41,0x4d,0x05,
0x00,0x00,0xcb,0xcd,0xc3,0x80,0x00,0xc7,0x0a,0x0b,0xc7,0x0d,0x40,0x4c,0x05,0x00,
0x00,0x4b,0x4c,0x05,0x00,0x00,0xc7,0x0d,0x40,0xb4,0x01,0x00,0x00,0x4b,0xb4,0x01,
0x00,0x00,0x24,0x05,0x00,0xc8,0x0c,0xf2,0x13,0xe3,0x41,0x4d,0x05,0x00,0x00,0xcb,
0xcd,0xc3,0x80,0x00,0xc7,0x0a,0x24,0x04,0x00,0xc8,0x0c,0x26,0x00,0x00,0xc8,0x0e,
0xc7,0x04,0xc5,0x09,0x42,0x61,0x02,0x00,0x00,0xc7,0x04,0x28,0xb4,0x04,0x83,0x1e,
0x18,0x35,0x6c,0x0c,0x3e,0x30,0x12,0x45,0x53,0x16,0x12,0x15,0x6c,0x20,0x6c,0x1c,
0x53,0x2b,0x3e,0x26,0x25,0x18,0x2b,0x4d,0x00,0x44,0x0a,0x00,0x4e,0x17,0x00,0x11,
0x20,0x00,0x00,0x0e,0x22,0x00,0x00,0x0e,0x1a,0x00,0x00,0x2a,0xfc,0x06,0x04,0x20,
0x34,0xc7,0x33,0x20,0x34,0x59,0x37,0x00,0xc5,0x00,0xc8,0x06,0xc5,0x01,0xc8,0x07,
0xc5,0x02,0xc8,0x08,0xc5,0x03,0xc8,0x09,0xc5,0x04,0xc8,0x0a,0xc5,0x05,0xc8,0x0b,
0xc5,0x06,0xc8,0x0c,0xc5,0x07,0xc8,0x0d,0xc5,0x08,0xc8,0x0e,0xc5,0x09,0xc8,0x0f,
0xc5,0x0a,0xc8,0x10,0xd7,0x40,0x4d,0x05,0x00,0x00,0xfb,0xf1,0x02,0x29,0x04,0x5e,
0x04,0x00,0x00,0xcf,0x38,0xb1,0x00,0x00,0x00,0x11,0xba,0xba,0xc3,0xff,0x00,0xc3,
0xff,0x00,0x26,0x04,0x00,0x21,0x01,0x00,0xd0,0xc2,0x40,0xc3,0x00,0x04,0x99,0xd1,
0xc3,0x00,0x04,0xc3,0x00,0x04,0x99,0xd2,0x07,0xc8,0x04,0x04,0x86,0x02,0x00,0x00,
0xc8,0x05,0x38,0x95,0x00,0x00,0x00,0xc5,0x0b,0x42,0xf1,0x04,0x00,0x00,0x29,0xb4,
0x04,0xaa,0x1c,0x03,0x0d,0xfd,0x40,0x36,0x15,0x76,0x10,0x2b,0x04,0x00,0x0f,0xa8,
0x03,0x39,0x00,0x0c,0x43,0x0a,0x00,0x8e,0x04,0x01,0x02,0x01,0x06,0x03,0x00,0x04,
0x53,0x03,0xa2,0x04,0x00,0x01,0x40,0x00,0xba,0x07,0x00,0x00,0x40,0x01,0x9c,0x15,
0x00,0x01,0x40,0x02,0x0c,0x43,0x0a,0x00,0x00,0x01,0x00,0x01,0x03,0x00,0x01,0x00,
0x0b,0x01,0xe8,0x04,0x00,0x01,0x00,0xa2,0x04,0x00,0x01,0xe3,0x41,0xf1,0x03,0x00,
0x00,0xd7,0x24,0x01,0x00,0x29,0xb4,0x04,0x8d,0x22,0x1e,0x04,0x03,0x2d,0x20,0x22,
0x00,0x0c,0x43,0x0a,0x00,0x00,0x02,0x00,0x02,0x07,0x00,0x01,0x00,0x1f,0x02,0xe8,
0x04,0x00,0x01,0x00,0xe8,0x01,0x00,0x01,0x00,0xba,0x07,0x00,0x00,0xe3,0x41,0xd2,
0x01,0x00,0x00,0x38,0x0f,0x04,0x00,0x00,0x11,0x04,0x34,0x00,0x00,0x00,0x0b,0xd7,
0x4b,0x34,0x01,0x00,0x00,0x21,0x02,0x00,0x24,0x01,0x00,0x29,0xb4,0x04,0x90,0x22,
0x24,0x04,0x03,0x39,0x20,0x2e,0x00,0x0c,0x43,0x0a,0x00,0x00,0x00,0x00,0x00,0x01,
0x00,0x01,0x00,0x02,0x00,0x9c,0x15,0x01,0x00,0xe3,0x28,0xb4,0x04,0x95,0x22,0x0c,
0x00,0x00,0x0c,0x43,0x0a,0x00,0x00,0x01,0x00,0x01,0x04,0x01,0x02,0x01,0x2f,0x01,
0xcc,0x07,0x00,0x01,0x40,0x00,0xba,0x07,0x00,0x00,0x9c,0x15,0x01,0x00,0x0c,0x43,
0x0a,0x00,0x00,0x01,0x01,0x01,0x05,0x00,0x02,0x00,0x24,0x02,0xb0,0x04,0x00,0x01,
0x00,0x82,0x06,0x03,0x00,0x03,0xcc,0x07,0x00,0x01,0xba,0x07,0x00,0x02,0x6b,0x12,
0x00,0x00,0x00,0xe3,0x41,0xc5,0x01,0x00,0x00,0xe4,0xd7,0x24,0x02,0x00,0x0e,0x0e,
0x29,0xcf,0x6b,0x0e,0x00,0x00,0x00,0x38,0x83,0x01,0x00,0x00,0xcb,0xf5,0x0e,0x0e,
0x29,0x30,0xb4,0x04,0x9a,0x22,0x13,0x08,0x1d,0x0b,0x20,0x10,0x4a,0x0f,0x1b,0x18,
0x00,0xe4,0xf0,0x11,0xe3,0x41,0xd1,0x01,0x00,0x00,0x04,0x34,0x00,0x00,0x00,0xe4,
0x24,0x02,0x00,0x0e,0xc5,0x00,0x4c,0x4e,0x05,0x00,0x00,0xe8,0xd7,0xf0,0x11,0xe3,
0x41,0xd0,0x01,0x00,0x00,0x04,0x34,0x00,0x00,0x00,0xe4,0x24,0x02,0x00,0x0e,0x29,
0xb4,0x04,0x98,0x22,0x0c,0x0c,0x12,0x14,0x20,0x0a,0x35,0x23,0x00,0x0b,0x0e,0x10,
0x20,0x0a,0x00,0x38,0x95,0x00,0x00,0x00,0xcf,0x38,0x95,0x00,0x00,0x00,0xc5,0x00,
0x42,0xf1,0x03,0x00,0x00,0x38,0x95,0x00,0x00,0x00,0xc5,0x01,0x42,0x4f,0x05,0x00,
0x00,0x07,0xd0,0x38,0x9e,0x00,0x00,0x00,0x41,0x6d,0x00,0x00,0x00,0xcb,0x04,0x0a,
0x04,0x00,0x00,0x0b,0xc5,0x02,0x4c,0x45,0x00,0x00,0x00,0x4b,0x45,0x00,0x00,0x00,
0xc5,0x03,0x4c,0x46,0x00,0x00,0x00,0x4b,0x46,0x00,0x00,0x00,0x0a,0x4b,0x41,0x00,
0x00,0x00,0x24,0x03,0x00,0x29,0xb4,0x04,0x8b,0x22,0x03,0x0a,0x22,0x04,0x41,0x00,
0x00,0x0e,0x08,0x00,0x34,0x2c,0x00,0x0c,0x43,0x0a,0x00,0x90,0x04,0x01,0x34,0x01,
0x06,0x1e,0x00,0x54,0xd1,0x0a,0x35,0xa2,0x04,0x00,0x01,0x40,0x17,0xa0,0x15,0x00,
0x00,0x40,0x0a,0xa2,0x15,0x00,0x01,0x40,0x0b,0xa4,0x15,0x00,0x02,0x00,0xa6,0x15,
0x02,0x34,0x30,0xfe,0x01,0x03,0x04,0x70,0x00,0xa6,0x15,0x01,0x00,0x60,0x09,0xa8,
0x15,0x04,0x34,0x30,0xfe,0x01,0x05,0x07,0x70,0x01,0xa8,0x15,0x01,0x06,0x60,0x0d,
0xaa,0x15,0x06,0x34,0x30,0xfe,0x01,0x07,0x0a,0x70,0x02,0xaa,0x15,0x01,0x09,0x60,
0x06,0xac,0x15,0x00,0x03,0x40,0x03,0xae,0x15,0x08,0x34,0x30,0xfe,0x01,0x09,0x0e,
0x70,0x04,0xae,0x15,0x01,0x0c,0x60,0x0c,0xb0,0x15,0x0a,0x34,0x30,0xfe,0x01,0x0b,
0x11,0x70,0x05,0xb0,0x15,0x01,0x10,0x60,0x08,0xb2,0x15,0x0c,0x34,0x70,0x0e,0xfe,
0x01,0x0d,0x14,0x70,0x07,0xb2,0x15,0x01,0x13,0x60,0x15,0xb0,0x04,0x11,0x34,0x03,
0xb4,0x15,0x00,0x0d,0x40,0x10,0xb6,0x15,0x00,0x18,0x40,0x11,0xb8,0x15,0x13,0x34,
0x30,0xfe,0x01,0x14,0x1a,0x70,0x0f,0xb8,0x15,0x01,0x16,0x60,0x16,0xba,0x15,0x15,
0x34,0x30,0xfe,0x01,0x16,0x1d,0x70,0x12,0xba,0x15,0x01,0x1c,0x60,0x14,0xbc,0x15,
0x17,0x34,0x30,0xfe,0x01,0x18,0x20,0x70,0x13,0xbc,0x15,0x01,0x1f,0x20,0xbe,0x15,
0x19,0x34,0x30,0xfe,0x01,0x1a,0x23,0x70,0x18,0xbe,0x15,0x01,0x22,0x20,0xc0,0x15,
0x1b,0x34,0x30,0xfe,0x01,0x1c,0x26,0x70,0x19,0xc0,0x15,0x01,0x25,0x20,0xc2,0x15,
0x1d,0x34,0x30,0xfe,0x01,0x1e,0x29,0x70,0x1a,0xc2,0x15,0x01,0x28,0x20,0xc4,0x15,
0x1f,0x34,0x30,0xfe,0x01,0x20,0x2c,0x70,0x1b,0xc4,0x15,0x01,0x2b,0x20,0xc6,0x15,
0x21,0x34,0x30,0xfe,0x01,0x22,0x2f,0x70,0x1c,0xc6,0x15,0x01,0x2e,0x20,0xc8,0x15,
0x23,0x34,0x30,0xfe,0x01,0x24,0x32,0x70,0x1d,0xc8,0x15,0x01,0x31,0x20,0x0c,0x43,
0x0a,0x00,0xa0,0x15,0x00,0x00,0x00,0x00,0x00,0x00,0x00,0x01,0x00,0x29,0xb4,0x04,
0xa9,0x22,0x05,0x00,0x00,0x0c,0x43,0x0a,0x00,0xa2,0x15,0x00,0x00,0x00,0x02,0x00,
0x00,0x00,0x0d,0x00,0x38,0xce,0x00,0x00,0x00,0x41,0x8a,0x00,0x00,0x00,0x25,0x00,
0x00,0xb4,0x04,0xab,0x22,0x05,0x02,0x35,0x22,0x00,0x0c,0x43,0x0a,0x00,0xa4,0x15,
0x00,0x00,0x00,0x00,0x00,0x00,0x00,0x01,0x00,0x29,0xb4,0x04,0xae,0x22,0x05,0x00,
0x00,0x0c,0x42,0x0b,0x01,0x00,0x01,0x01,0x01,0x02,0x00,0x01,0x00,0x1e,0x02,0xd6,
0x0e,0x00,0x01,0x00,0x10,0x00,0x01,0x00,0xfe,0x01,0x04,0x18,0x08,0xcf,0x2b,0x64,
0x00,0x00,0x11,0xf0,0x06,0xcb,0x1b,0x24,0x00,0x00,0x0e,0xcb,0xd7,0x42,0x16,0x05,
0x00,0x00,0xcb,0x09,0x42,0x65,0x05,0x00,0x00,0x29,0xb4,0x04,0xb1,0x22,0x07,0x04,
0x4e,0x04,0x26,0x00,0x00,0x0c,0x42,0x0b,0x01,0x00,0x00,0x01,0x00,0x02,0x00,0x00,
0x00,0x30,0x01,0x10,0x00,0x01,0x00,0x08,0xcf,0xcb,0x40,0x16,0x05,0x00,0x00,0x40,
0x66,0x05,0x00,0x00,0x04,0x67,0x05,0x00,0x00,0xad,0xf0,0x1a,0xcb,0x40,0x16,0x05,
0x00,0x00,0x40,0x68,0x05,0x00,0x00,0xcb,0x40,0x16,0x05,0x00,0x00,0x40,0x17,0x05,
0x00,0x00,0xef,0x9d,0x28,0x07,0x28,0xb4,0x04,0xb5,0x22,0x0b,0x04,0x44,0x3a,0x61,
0x42,0x00,0x0c,0x42,0x0b,0x01,0x00,0x00,0x01,0x00,0x02,0x00,0x00,0x00,0x45,0x01,
0x10,0x00,0x01,0x00,0x08,0xcf,0xcb,0x40,0x65,0x05,0x00,0x00,0xf0,0x02,0x29,0xcb,
0x0a,0x42,0x65,0x05,0x00,0x00,0xcb,0x40,0x16,0x05,0x00,0x00,0x40,0x66,0x05,0x00,
0x00,0x04,0x67,0x05,0x00,0x00,0xae,0xf0,0x02,0x29,0xcb,0x40,0x16,0x05,0x00,0x00,
0x04,0x45,0x05,0x00,0x00,0x42,0x66,0x05,0x00,0x00,0xcb,0x40,0x16,0x05,0x00,0x00,
0x41,0x69,0x05,0x00,0x00,0x24,0x00,0x00,0x29,0xb4,0x04,0xb8,0x22,0x07,0x0a,0x3b,
0x04,0x5d,0x38,0x30,0x37,0x53,0x00,0x39,0x1a,0x00,0x0c,0x42,0x0b,0x01,0x00,0x01,
0x01,0x01,0x03,0x00,0x00,0x00,0x52,0x02,0xd2,0x0a,0x00,0x01,0x00,0x10,0x00,0x01,
0x00,0x08,0xcf,0xcb,0x40,0x65,0x05,0x00,0x00,0x11,0xf1,0x13,0x0e,0xcb,0x40,0x16,
0x05,0x00,0x00,0x40,0x66,0x05,0x00,0x00,0x04,0x67,0x05,0x00,0x00,0xae,0xf0,0x10,
0x38,0xda,0x00,0x00,0x00,0x11,0x04,0x6a,0x05,0x00,0x00,0x21,0x01,0x00,0x30,0xcb,
0x40,0x16,0x05,0x00,0x00,0x40,0x17,0x05,0x00,0x00,0x41,0x52,0x01,0x00,0x00,0xd7,
0x24,0x01,0x00,0x0e,0xcb,0x40,0x16,0x05,0x00,0x00,0x41,0x69,0x05,0x00,0x00,0x24,
0x00,0x00,0x29,0xb4,0x04,0xbf,0x22,0x07,0x0c,0x76,0x6c,0x2b,0x4f,0x4f,0x17,0x52,
0x32,0x1c,0x31,0x39,0x1a,0x00,0x0c,0x42,0x0b,0x01,0x00,0x01,0x01,0x01,0x02,0x00,
0x00,0x00,0x41,0x02,0xb0,0x04,0x00,0x01,0x00,0x10,0x00,0x01,0x00,0x08,0xcf,0xcb,
0x40,0x16,0x05,0x00,0x00,0x40,0x66,0x05,0x00,0x00,0x04,0x67,0x05,0x00,0x00,0xae,
0xf0,0x02,0x29,0xcb,0x40,0x16,0x05,0x00,0x00,0x04,0x6b,0x05,0x00,0x00,0x42,0x66,
0x05,0x00,0x00,0xcb,0x40,0x16,0x05,0x00,0x00,0xd7,0x42,0x6c,0x05,0x00,0x00,0xcb,
0x40,0x16,0x05,0x00,0x00,0x41,0x69,0x05,0x00,0x00,0x24,0x00,0x00,0x29,0xb4,0x04,
0xc6,0x22,0x07,0x0a,0x44,0x3c,0x30,0x37,0x53,0x00,0x3f,0x00,0x39,0x1a,0x00,0x0c,
0x42,0x0b,0x01,0x00,0x01,0x01,0x01,0x06,0x00,0x01,0x01,0xc3,0x01,0x02,0xd6,0x0e,
0x00,0x01,0x00,0x10,0x00,0x01,0x00,0xfe,0x01,0x07,0x18,0x0c,0x43,0x0a,0x01,0x00,
0x02,0x01,0x02,0x02,0x00,0x00,0x00,0x11,0x03,0x94,0x02,0x00,0x01,0x00,0x96,0x02,
0x00,0x01,0x00,0x10,0x00,0x01,0x00,0x08,0xcf,0xcb,0xd7,0x42,0x6d,0x05,0x00,0x00,
0xcb,0xd8,0x42,0x6e,0x05,0x00,0x00,0x29,0xb4,0x04,0xdf,0x22,0x26,0x04,0x0d,0x31,
0x26,0x00,0x00,0x08,0xcf,0x2b,0x64,0x00,0x00,0x11,0xf0,0x06,0xcb,0x1b,0x24,0x00,
0x00,0x0e,0xd7,0x40,0x66,0x05,0x00,0x00,0x04,0x6b,0x05,0x00,0x00,0xad,0xf0,0x08,
0xd7,0x40,0x6c,0x05,0x00,0x00,0x30,0xd7,0x40,0x6f,0x05,0x00,0x00,0xf0,0x10,0x38,
0xda,0x00,0x00,0x00,0x11,0x04,0x70,0x05,0x00,0x00,0x21,0x01,0x00,0x30,0xd7,0xcb,
0x42,0x6f,0x05,0x00,0x00,0xcb,0xd7,0x42,0x16,0x05,0x00,0x00,0xcb,0x09,0x42,0x71,
0x05,0x00,0x00,0xcb,0x07,0x42,0x72,0x05,0x00,0x00,0xcb,0x07,0x42,0x73,0x05,0x00,
0x00,0xd7,0x40,0x66,0x05,0x00,0x00,0x04,0x45,0x05,0x00,0x00,0xad,0xf0,0x15,0xcb,
0x38,0xce,0x00,0x00,0x00,0x41,0x8a,0x00,0x00,0x00,0x24,0x00,0x00,0x42,0x16,0x04,
0x00,0x00,0x29,0xd7,0x40,0x66,0x05,0x00,0x00,0x04,0x6b,0x05,0x00,0x00,0xad,0xf0,
0x1b,0xcb,0x38,0xce,0x00,0x00,0x00,0x41,0x8b,0x00,0x00,0x00,0xd7,0x40,0x6c,0x05,
0x00,0x00,0x24,0x01,0x00,0x42,0x16,0x04,0x00,0x00,0x29,0xcb,0x38,0xce,0x00,0x00,
0x00,0x11,0xc5,0x00,0x41,0xd5,0x01,0x00,0x00,0xcb,0x24,0x01,0x00,0x21,0x01,0x00,
0x42,0x16,0x04,0x00,0x00,0x29,0xb4,0x04,0xce,0x22,0x07,0x22,0x6c,0x30,0x2b,0x1b,
0x50,0x08,0x4f,0x17,0x26,0x00,0x26,0x00,0x26,0x00,0x26,0x00,0x44,0x2c,0x2b,0x27,
0x39,0x2e,0x4e,0x08,0x2b,0x35,0x39,0x3c,0x4f,0x3b,0x07,0x26,0x46,0x17,0x00,0x0c,
0x42,0x0b,0x01,0x00,0x00,0x01,0x00,0x01,0x00,0x00,0x00,0x09,0x01,0x10,0x00,0x01,
0x00,0x08,0xcf,0xcb,0x40,0x16,0x04,0x00,0x00,0x28,0xb4,0x04,0xe5,0x22,0x0b,0x00,
0x00,0x0c,0x42,0x0b,0x01,0x00,0x00,0x03,0x00,0x05,0x01,0x00,0x01,0xdd,0x01,0x03,
0xd6,0x0e,0x00,0x00,0x40,0x00,0xd2,0x0a,0x00,0x01,0x00,0x10,0x00,0x01,0x00,0x0c,
0x43,0x0a,0x01,0x00,0x02,0x00,0x02,0x04,0x00,0x01,0x00,0x26,0x02,0x94,0x02,0x00,
0x01,0x00,0x96,0x02,0x00,0x01,0x00,0xd6,0x0e,0x00,0x00,0xe3,0x40,0x74,0x05,0x00,
0x00,0x41,0x52,0x01,0x00,0x00,0x0b,0xd7,0x4b,0x8a,0x00,0x00,0x00,0xd8,0x4b,0x8b,
0x00,0x00,0x00,0x24,0x01,0x00,0x0e,0xe3,0x41,0x75,0x05,0x00,0x00,0x24,0x00,0x00,
0x29,0xb4,0x04,0xfb,0x22,0x1c,0x08,0x03,0x21,0x39,0x2a,0x58,0x29,0x20,0x0e,0x00,
0x08,0xd1,0xcd,0x40,0x76,0x05,0x00,0x00,0xf0,0x1c,0x38,0xce,0x00,0x00,0x00,0x41,
0x8b,0x00,0x00,0x00,0x38,0xda,0x00,0x00,0x00,0x11,0x04,0x77,0x05,0x00,0x00,0x21,
0x01,0x00,0x25,0x01,0x00,0xcd,0x40,0x71,0x05,0x00,0x00,0xf0,0x1b,0x38,0xce,0x00,
0x00,0x00,0x41,0x8a,0x00,0x00,0x00,0x0b,0x0a,0x4b,0x71,0x00,0x00,0x00,0x06,0x4b,
0x44,0x00,0x00,0x00,0x25,0x01,0x00,0xcd,0x40,0x16,0x05,0x00,0x00,0xd3,0x40,0x66,
0x05,0x00,0x00,0x04,0x6b,0x05,0x00,0x00,0xad,0xf0,0x14,0x38,0xce,0x00,0x00,0x00,
0x41,0x8b,0x00,0x00,0x00,0xcb,0x40,0x6c,0x05,0x00,0x00,0x25,0x01,0x00,0xcb,0x40,
0x17,0x05,0x00,0x00,0xef,0xba,0xa7,0xf0,0x2a,0xcb,0x40,0x17,0x05,0x00,0x00,0x41,
0x78,0x05,0x00,0x00,0x24,0x00,0x00,0xd0,0x38,0xce,0x00,0x00,0x00,0x41,0x8a,0x00,
0x00,0x00,0x0b,0x09,0x4b,0x71,0x00,0x00,0x00,0xcc,0x4b,0x44,0x00,0x00,0x00,0x25,
0x01,0x00,0xcb,0x40,0x66,0x05,0x00,0x00,0x04,0x45,0x05,0x00,0x00,0xad,0xf0,0x22,
0xcd,0x0a,0x42,0x71,0x05,0x00,0x00,0x38,0xce,0x00,0x00,0x00,0x41,0x8a,0x00,0x00,
0x00,0x0b,0x0a,0x4b,0x71,0x00,0x00,0x00,0x06,0x4b,0x44,0x00,0x00,0x00,0x25,0x01,
0x00,0x38,0xce,0x00,0x00,0x00,0x11,0xc5,0x00,0x21,0x01,0x00,0x28,0xb4,0x04,0xe8,
0x22,0x07,0x16,0x68,0x3c,0xb4,0x15,0x91,0x0a,0x5d,0x04,0x54,0x06,0x4e,0x02,0x49,
0x15,0x72,0x0a,0x2b,0x27,0x58,0x1e,0x54,0x0b,0x00,0x0c,0x42,0x0b,0x01,0x00,0x00,
0x07,0x00,0x04,0x00,0x00,0x00,0xb2,0x01,0x07,0xd6,0x0e,0x00,0x00,0x00,0x82,0x06,
0x00,0x01,0x00,0xf2,0x15,0x00,0x02,0x00,0xaa,0x14,0x00,0x03,0x00,0xcc,0x05,0x00,
0x04,0x00,0xb0,0x04,0x0a,0x00,0x03,0x10,0x00,0x01,0x00,0x08,0xc8,0x06,0xc7,0x06,
0x40,0x16,0x05,0x00,0x00,0x40,0x6f,0x05,0x00,0x00,0xc7,0x06,0xae,0xf0,0x02,0x29,
0xc7,0x06,0x40,0x16,0x05,0x00,0x00,0xd3,0x07,0x42,0x6f,0x05,0x00,0x00,0xc7,0x06,
0x0a,0x42,0x71,0x05,0x00,0x00,0xc7,0x06,0x0a,0x42,0x76,0x05,0x00,0x00,0x38,0xda,
0x00,0x00,0x00,0x11,0x04,0x7a,0x05,0x00,0x00,0x21,0x01,0x00,0xd0,0xc7,0x06,0x40,
0x6e,0x05,0x00,0x00,0xf0,0x15,0xc7,0x06,0x40,0x6e,0x05,0x00,0x00,0xd1,0xc7,0x06,
0x07,0x42,0x6e,0x05,0x00,0x00,0xcd,0xcc,0xf5,0x0e,0xcb,0x40,0x74,0x05,0x00,0x00,
0xf0,0x4b,0xcb,0x40,0x74,0x05,0x00,0x00,0xef,0xba,0xa7,0xf0,0x40,0xcb,0x40,0x74,
0x05,0x00,0x00,0xd2,0xcb,0x26,0x00,0x00,0x42,0x74,0x05,0x00,0x00,0xba,0xc8,0x04,
0xc7,0x04,0xce,0xef,0xa5,0xf0,0x26,0x6b,0x15,0x00,0x00,0x00,0xce,0xc7,0x04,0x46,
0x41,0x8b,0x00,0x00,0x00,0xcc,0x24,0x01,0x00,0x0e,0x0e,0xf2,0x0c,0xc8,0x05,0x6b,
0x07,0x00,0x00,0x00,0x0e,0xf2,0x02,0x30,0x92,0x04,0xf2,0xd5,0x29,0xb4,0x04,0x80,
0x23,0x07,0x1a,0x4e,0x3e,0x45,0x39,0x26,0x00,0x2b,0x00,0x2b,0x1c,0xa5,0x17,0x2b,
0x00,0x07,0x06,0x5e,0x6a,0x3b,0x6f,0x49,0x28,0x36,0x1f,0x2f,0x24,0x00,0x0c,0x42,
0x0b,0x01,0x00,0x01,0x01,0x01,0x03,0x00,0x00,0x00,0x11,0x02,0xa8,0x02,0x00,0x01,
0x00,0x10,0x00,0x01,0x00,0x08,0xcf,0xcb,0x40,0x16,0x05,0x00,0x00,0x41,0x1f,0x03,
0x00,0x00,0xd7,0x25,0x01,0x00,0xb4,0x04,0x97,0x23,0x07,0x02,0x44,0x3a,0x00,0x0c,
0x42,0x0b,0x01,0x00,0x01,0x01,0x01,0x02,0x00,0x01,0x00,0x17,0x02,0x94,0x05,0x00,
0x01,0x00,0x10,0x00,0x01,0x00,0xfe,0x01,0x0a,0x18,0x08,0xcf,0x2b,0x64,0x00,0x00,
0x11,0xf0,0x06,0xcb,0x1b,0x24,0x00,0x00,0x0e,0xcb,0xd7,0x42,0x7b,0x05,0x00,0x00,
0x29,0xb4,0x04,0x9c,0x23,0x07,0x02,0x4e,0x04,0x00,0x0c,0x42,0x0b,0x01,0x00,0x00,
0x01,0x00,0x01,0x00,0x00,0x00,0x18,0x01,0x10,0x00,0x01,0x00,0x08,0xcf,0xcb,0x40,
0x7b,0x05,0x00,0x00,0xf0,0x0d,0xcb,0x40,0x7b,0x05,0x00,0x00,0x40,0x91,0x04,0x00,
0x00,0x28,0x07,0x28,0xb4,0x04,0x9f,0x23,0x0b,0x00,0x00,0x0c,0x42,0x0b,0x01,0x00,
0x01,0x04,0x01,0x05,0x00,0x01,0x00,0x5b,0x05,0xf8,0x15,0x00,0x01,0x00,0x94,0x05,
0x00,0x00,0x00,0xa2,0x12,0x00,0x01,0x00,0x88,0x01,0x00,0x02,0x00,0x10,0x00,0x01,
0x00,0xac,0x15,0x0c,0x00,0x08,0xd2,0xce,0x40,0x7b,0x05,0x00,0x00,0xd3,0x95,0xf0,
0x10,0x38,0xda,0x00,0x00,0x00,0x11,0x04,0x7d,0x05,0x00,0x00,0x21,0x01,0x00,0x30,
0xce,0x07,0x42,0x7b,0x05,0x00,0x00,0xcb,0x40,0x91,0x04,0x00,0x00,0xd4,0x40,0x40,
0x00,0x00,0x00,0x11,0xcc,0x40,0xcd,0x02,0x00,0x00,0xcc,0x40,0xce,0x02,0x00,0x00,
0xd7,0x21,0x03,0x00,0xd1,0xe3,0xcb,0xf5,0x0e,0xcb,0x41,0x8a,0x00,0x00,0x00,0x0b,
0x09,0x4b,0x71,0x00,0x00,0x00,0xcd,0x4b,0x44,0x00,0x00,0x00,0x24,0x01,0x00,0x29,
0xb4,0x04,0xa2,0x23,0x07,0x0e,0x40,0x30,0x4e,0x2b,0x45,0x20,0x7b,0x1f,0x07,0x1e,
0x12,0x1d,0x20,0x0c,0x00,0x0c,0x42,0x0b,0x01,0x00,0x01,0x02,0x01,0x04,0x00,0x01,
0x00,0x3d,0x03,0xfc,0x15,0x00,0x01,0x00,0x94,0x05,0x00,0x00,0x00,0x10,0x00,0x01,
0x00,0xac,0x15,0x0c,0x00,0x08,0xd0,0xcc,0x40,0x7b,0x05,0x00,0x00,0xd3,0x95,0xf0,
0x10,0x38,0xda,0x00,0x00,0x00,0x11,0x04,0x7d,0x05,0x00,0x00,0x21,0x01,0x00,0x30,
0xcc,0x07,0x42,0x7b,0x05,0x00,0x00,0xe3,0xcb,0xf5,0x0e,0xcb,0x41,0x8a,0x00,0x00,
0x00,0x0b,0x09,0x4b,0x71,0x00,0x00,0x00,0xd7,0x4b,0x44,0x00,0x00,0x00,0x24,0x01,
0x00,0x29,0xb4,0x04,0xab,0x23,0x07,0x0c,0x40,0x30,0x4e,0x2b,0x26,0x00,0x07,0x1e,
0x12,0x1d,0x20,0x0c,0x00,0x0c,0x43,0x0a,0x00,0xac,0x15,0x01,0x02,0x01,0x04,0x00,
0x00,0x00,0x2c,0x03,0x94,0x05,0x00,0x01,0x00,0xba,0x11,0x00,0x00,0x00,0xe4,0x05,
0x00,0x01,0x00,0xd7,0x40,0xab,0x03,0x00,0x00,0xd3,0x40,0x74,0x05,0x00,0x00,0x41,
0x4f,0x01,0x00,0x00,0xd7,0x24,0x01,0x00,0xd4,0xba,0xa8,0xf0,0x12,0xcb,0x40,0x74,
0x05,0x00,0x00,0x41,0x67,0x01,0x00,0x00,0xcc,0xbb,0x24,0x02,0x00,0x0e,0x29,0xb4,
0x04,0xb3,0x23,0x05,0x08,0x59,0x48,0x1c,0x2d,0x16,0x06,0x39,0x2e,0x00,0x0c,0x42,
0x0b,0x01,0x00,0x01,0x01,0x01,0x06,0x00,0x01,0x01,0xb5,0x01,0x02,0xd6,0x0e,0x00,
0x01,0x00,0x10,0x00,0x01,0x00,0xfe,0x01,0x0e,0x18,0x0c,0x43,0x0a,0x01,0x00,0x02,
0x01,0x02,0x02,0x00,0x00,0x00,0x11,0x03,0x94,0x02,0x00,0x01,0x00,0x96,0x02,0x00,
0x01,0x00,0x10,0x00,0x01,0x00,0x08,0xcf,0xcb,0xd7,0x42,0x6d,0x05,0x00,0x00,0xcb,
0xd8,0x42,0x6e,0x05,0x00,0x00,0x29,0xb4,0x04,0xc8,0x23,0x26,0x04,0x0d,0x31,0x26,
0x00,0x00,0x08,0xcf,0x2b,0x64,0x00,0x00,0x11,0xf0,0x06,0xcb,0x1b,0x24,0x00,0x00,
0x0e,0xd7,0x40,0x66,0x05,0x00,0x00,0x04,0x6b,0x05,0x00,0x00,0xad,0xf0,0x08,0xd7,
0x40,0x6c,0x05,0x00,0x00,0x30,0xd7,0x40,0x6f,0x05,0x00,0x00,0xf0,0x10,0x38,0xda,
0x00,0x00,0x00,0x11,0x04,0x70,0x05,0x00,0x00,0x21,0x01,0x00,0x30,0xd7,0xcb,0x42,
0x6f,0x05,0x00,0x00,0xcb,0xd7,0x42,0x16,0x05,0x00,0x00,0xcb,0x09,0x42,0x71,0x05,
0x00,0x00,0xd7,0x40,0x66,0x05,0x00,0x00,0x04,0x45,0x05,0x00,0x00,0xad,0xf0,0x15,
0xcb,0x38,0xce,0x00,0x00,0x00,0x41,0x8a,0x00,0x00,0x00,0x24,0x00,0x00,0x42,0x16,
0x04,0x00,0x00,0x29,0xd7,0x40,0x66,0x05,0x00,0x00,0x04,0x6b,0x05,0x00,0x00,0xad,
0xf0,0x1b,0xcb,0x38,0xce,0x00,0x00,0x00,0x41,0x8b,0x00,0x00,0x00,0xd7,0x40,0x6c,
0x05,0x00,0x00,0x24,0x01,0x00,0x42,0x16,0x04,0x00,0x00,0x29,0xcb,0x38,0xce,0x00,
0x00,0x00,0x11,0xc5,0x00,0x41,0xd5,0x01,0x00,0x00,0xcb,0x24,0x01,0x00,0x21,0x01,
0x00,0x42,0x16,0x04,0x00,0x00,0x29,0xb4,0x04,0xb9,0x23,0x07,0x1e,0x6c,0x30,0x2b,
0x1b,0x50,0x08,0x4f,0x17,0x26,0x00,0x26,0x00,0x44,0x2c,0x2b,0x27,0x39,0x2e,0x4e,
0x08,0x2b,0x35,0x39,0x3c,0x4f,0x3b,0x07,0x26,0x46,0x17,0x00,0x0c,0x42,0x0b,0x01,
0x00,0x00,0x01,0x00,0x01,0x00,0x00,0x00,0x09,0x01,0x10,0x00,0x01,0x00,0x08,0xcf,
0xcb,0x40,0x16,0x04,0x00,0x00,0x28,0xb4,0x04,0xce,0x23,0x0b,0x00,0x00,0x0c,0x42,
0x0b,0x01,0x00,0x01,0x03,0x01,0x05,0x02,0x00,0x01,0xfe,0x01,0x04,0xa2,0x12,0x00,
0x01,0x40,0x01,0xd6,0x0e,0x00,0x00,0x40,0x00,0xfe,0x15,0x00,0x01,0x00,0x10,0x00,
0x01,0x00,0x0c,0x43,0x0a,0x01,0x00,0x02,0x00,0x02,0x04,0x00,0x02,0x00,0x32,0x02,
0x94,0x02,0x00,0x01,0x00,0x96,0x02,0x00,0x01,0x00,0xd6,0x0e,0x00,0x00,0xa2,0x12,
0x00,0x01,0xe3,0x40,0x74,0x05,0x00,0x00,0x41,0x52,0x01,0x00,0x00,0x0b,0xd7,0x4b,
0x8a,0x00,0x00,0x00,0xd8,0x4b,0x8b,0x00,0x00,0x00,0xe4,0x4b,0x91,0x04,0x00,0x00,
0xe3,0x4b,0xab,0x03,0x00,0x00,0x24,0x01,0x00,0x0e,0xe3,0x41,0x75,0x05,0x00,0x00,
0x24,0x00,0x00,0x29,0xb4,0x04,0xe7,0x23,0x1c,0x08,0x03,0x21,0x39,0x2a,0x94,0x29,
0x20,0x0e,0x00,0x08,0xd1,0xcd,0x40,0x76,0x05,0x00,0x00,0xf0,0x1c,0x38,0xce,0x00,
0x00,0x00,0x41,0x8b,0x00,0x00,0x00,0x38,0xda,0x00,0x00,0x00,0x11,0x04,0x80,0x05,
0x00,0x00,0x21,0x01,0x00,0x25,0x01,0x00,0x38,0xad,0x00,0x00,0x00,0x41,0xb6,0x04,
0x00,0x00,0xd7,0x24,0x01,0x00,0x95,0x11,0xf1,0x0a,0x0e,0xd7,0x40,0xcf,0x02,0x00,
0x00,0xba,0xad,0xf0,0x1c,0x38,0xce,0x00,0x00,0x00,0x41,0x8b,0x00,0x00,0x00,0x38,
0xda,0x00,0x00,0x00,0x11,0x04,0x81,0x05,0x00,0x00,0x21,0x01,0x00,0x25,0x01,0x00,
0xcd,0x40,0x71,0x05,0x00,0x00,0xf0,0x1b,0x38,0xce,0x00,0x00,0x00,0x41,0x8a,0x00,
0x00,0x00,0x0b,0x0a,0x4b,0x71,0x00,0x00,0x00,0xd7,0x4b,0x44,0x00,0x00,0x00,0x25,
0x01,0x00,0xcd,0x40,0x16,0x05,0x00,0x00,0xd3,0x40,0x66,0x05,0x00,0x00,0x04,0x6b,
0x05,0x00,0x00,0xad,0xf0,0x14,0x38,0xce,0x00,0x00,0x00,0x41,0x8b,0x00,0x00,0x00,
0xcb,0x40,0x6c,0x05,0x00,0x00,0x25,0x01,0x00,0xcb,0x40,0x17,0x05,0x00,0x00,0xef,
0xba,0xa7,0xf0,0x0e,0xcb,0x41,0x82,0x05,0x00,0x00,0xd7,0x24,0x01,0x00,0xd0,0xf2,
0x24,0xcb,0x40,0x66,0x05,0x00,0x00,0x04,0x45,0x05,0x00,0x00,0xad,0xf0,0x16,0xcd,
0x0a,0x42,0x71,0x05,0x00,0x00,0x0b,0x0a,0x4b,0x71,0x00,0x00,0x00,0xd7,0x4b,0x44,
0x00,0x00,0x00,0xd0,0xcc,0xf0,0x0f,0x38,0xce,0x00,0x00,0x00,0x41,0x8a,0x00,0x00,
0x00,0xcc,0x25,0x01,0x00,0x38,0xce,0x00,0x00,0x00,0x11,0xc5,0x00,0x21,0x01,0x00,
0x28,0xb4,0x04,0xd1,0x23,0x07,0x1e,0x68,0x3c,0x8b,0x07,0x4d,0x3a,0x49,0x31,0xb4,
0x15,0x91,0x0a,0x5d,0x04,0x55,0x06,0x17,0x31,0x20,0x44,0x44,0x0d,0x2b,0x35,0x26,
0x00,0x8b,0x48,0x17,0x35,0x00,0x0c,0x42,0x0b,0x01,0x00,0x00,0x07,0x00,0x04,0x00,
0x00,0x00,0xb2,0x01,0x07,0xd6,0x0e,0x00,0x00,0x00,0x82,0x06,0x00,0x01,0x00,0xf2,
0x15,0x00,0x02,0x00,0xaa,0x14,0x00,0x03,0x00,0xcc,0x05,0x00,0x04,0x00,0xb0,0x04,
0x0a,0x00,0x03,0x10,0x00,0x01,0x00,0x08,0xc8,0x06,0xc7,0x06,0x40,0x16,0x05,0x00,
0x00,0x40,0x6f,0x05,0x00,0x00,0xc7,0x06,0xae,0xf0,0x02,0x29,0xc7,0x06,0x40,0x16,
0x05,0x00,0x00,0xd3,0x07,0x42,0x6f,0x05,0x00,0x00,0xc7,0x06,0x0a,0x42,0x71,0x05,
0x00,0x00,0xc7,0x06,0x0a,0x42,0x76,0x05,0x00,0x00,0x38,0xda,0x00,0x00,0x00,0x11,
0x04,0x83,0x05,0x00,0x00,0x21,0x01,0x00,0xd0,0xc7,0x06,0x40,0x6e,0x05,0x00,0x00,
0xf0,0x15,0xc7,0x06,0x40,0x6e,0x05,0x00,0x00,0xd1,0xc7,0x06,0x07,0x42,0x6e,0x05,
0x00,0x00,0xcd,0xcc,0xf5,0x0e,0xcb,0x40,0x74,0x05,0x00,0x00,0xf0,0x4b,0xcb,0x40,
0x74,0x05,0x00,0x00,0xef,0xba,0xa7,0xf0,0x40,0xcb,0x40,0x74,0x05,0x00,0x00,0xd2,
0xcb,0x26,0x00,0x00,0x42,0x74,0x05,0x00,0x00,0xba,0xc8,0x04,0xc7,0x04,0xce,0xef,
0xa5,0xf0,0x26,0x6b,0x15,0x00,0x00,0x00,0xce,0xc7,0x04,0x46,0x41,0x8b,0x00,0x00,
0x00,0xcc,0x24,0x01,0x00,0x0e,0x0e,0xf2,0x0c,0xc8,0x05,0x6b,0x07,0x00,0x00,0x00,
0x0e,0xf2,0x02,0x30,0x92,0x04,0xf2,0xd5,0x29,0xb4,0x04,0xec,0x23,0x07,0x1a,0x4e,
0x3e,0x45,0x39,0x26,0x00,0x2b,0x00,0x2b,0x1c,0xa5,0x17,0x2b,0x00,0x07,0x06,0x5e,
0x6a,0x3b,0x6f,0x49,0x28,0x36,0x1f,0x2f,0x24,0x00,0x0c,0x42,0x0b,0x01,0x00,0x01,
0x01,0x01,0x03,0x00,0x00,0x00,0x11,0x02,0xa8,0x02,0x00,0x01,0x00,0x10,0x00,0x01,
0x00,0x08,0xcf,0xcb,0x40,0x16,0x05,0x00,0x00,0x41,0x1f,0x03,0x00,0x00,0xd7,0x25,
0x01,0x00,0xb4,0x04,0x83,0x24,0x07,0x02,0x44,0x3a,0x00,0x0c,0x42,0x0b,0x01,0x00,
0x01,0x01,0x01,0x02,0x00,0x01,0x00,0x1e,0x02,0xd6,0x0e,0x00,0x01,0x00,0x10,0x00,
0x01,0x00,0xfe,0x01,0x11,0x18,0x08,0xcf,0x2b,0x64,0x00,0x00,0x11,0xf0,0x06,0xcb,
0x1b,0x24,0x00,0x00,0x0e,0xcb,0xd7,0x42,0x16,0x05,0x00,0x00,0xcb,0x09,0x42,0x65,
0x05,0x00,0x00,0x29,0xb4,0x04,0x88,0x24,0x07,0x04,0x4e,0x04,0x26,0x00,0x00,0x0c,
0x42,0x0b,0x01,0x00,0x00,0x03,0x00,0x04,0x00,0x01,0x00,0x3b,0x03,0xba,0x11,0x00,
0x00,0x00,0xcc,0x05,0x00,0x01,0x00,0x10,0x00,0x01,0x00,0xaa,0x15,0x0b,0x10,0x08,
0xd1,0xcd,0x40,0x16,0x05,0x00,0x00,0xcf,0xba,0xd0,0xcc,0xcb,0x40,0x74,0x05,0x00,
0x00,0xef,0xa5,0xf0,0x24,0xcb,0x40,0x74,0x05,0x00,0x00,0xcc,0x46,0x40,0x91,0x04,
0x00,0x00,0xf0,0x11,0x64,0x00,0x00,0x11,0xcb,0x40,0x74,0x05,0x00,0x00,0xcc,0x46,
0x21,0x01,0x00,0x28,0x92,0x01,0xf2,0xd3,0x07,0x28,0xb4,0x04,0x8c,0x24,0x0b,0x04,
0x40,0x24,0x81,0x09,0x00,0x0c,0x42,0x0b,0x01,0x00,0x00,0x01,0x00,0x03,0x00,0x00,
0x00,0x32,0x01,0x10,0x00,0x01,0x00,0x08,0xcf,0xcb,0x40,0x16,0x05,0x00,0x00,0x40,
0x66,0x05,0x00,0x00,0x04,0x67,0x05,0x00,0x00,0xad,0xf0,0x1c,0xcb,0x40,0x16,0x05,
0x00,0x00,0x40,0x68,0x05,0x00,0x00,0xcb,0x40,0x16,0x05,0x00,0x00,0x41,0x84,0x05,
0x00,0x00,0x24,0x00,0x00,0x9d,0x28,0x07,0x28,0xb4,0x04,0x95,0x24,0x0b,0x06,0x44,
0x3a,0x61,0x42,0x39,0x1a,0x00,0x0c,0x42,0x0b,0x01,0x00,0x00,0x01,0x00,0x02,0x00,
0x00,0x00,0x45,0x01,0x10,0x00,0x01,0x00,0x08,0xcf,0xcb,0x40,0x65,0x05,0x00,0x00,
0xf0,0x02,0x29,0xcb,0x0a,0x42,0x65,0x05,0x00,0x00,0xcb,0x40,0x16,0x05,0x00,0x00,
0x40,0x66,0x05,0x00,0x00,0x04,0x67,0x05,0x00,0x00,0xae,0xf0,0x02,0x29,0xcb,0x40,
0x16,0x05,0x00,0x00,0x04,0x45,0x05,0x00,0x00,0x42,0x66,0x05,0x00,0x00,0xcb,0x40,
0x16,0x05,0x00,0x00,0x41,0x69,0x05,0x00,0x00,0x24,0x00,0x00,0x29,0xb4,0x04,0x98,
0x24,0x07,0x0a,0x3b,0x04,0x5d,0x38,0x30,0x37,0x53,0x00,0x39,0x1a,0x00,0x0c,0x42,
0x0b,0x01,0x00,0x01,0x01,0x01,0x05,0x00,0x00,0x00,0xa5,0x01,0x02,0xd2,0x0a,0x00,
0x01,0x00,0x10,0x00,0x01,0x00,0x08,0xcf,0xcb,0x40,0x65,0x05,0x00,0x00,0x11,0xf1,
0x13,0x0e,0xcb,0x40,0x16,0x05,0x00,0x00,0x40,0x66,0x05,0x00,0x00,0x04,0x67,0x05,
0x00,0x00,0xae,0xf0,0x10,0x38,0xda,0x00,0x00,0x00,0x11,0x04,0x6a,0x05,0x00,0x00,
0x21,0x01,0x00,0x30,0xd7,0x38,0xad,0x00,0x00,0x00,0xa9,0xf0,0x0e,0x38,0xb1,0x00,
0x00,0x00,0x11,0xd7,0x21,0x01,0x00,0xdb,0xf2,0x3e,0x38,0xad,0x00,0x00,0x00,0x41,
0xb6,0x04,0x00,0x00,0xd7,0x24,0x01,0x00,0xf0,0x1f,0x38,0xb1,0x00,0x00,0x00,0x11,
0xd7,0x40,0xcd,0x02,0x00,0x00,0xd7,0x40,0xce,0x02,0x00,0x00,0xd7,0x40,0xcf,0x02,
0x00,0x00,0x21,0x03,0x00,0xdb,0xf2,0x10,0x38,0xda,0x00,0x00,0x00,0x11,0x04,0x85,
0x05,0x00,0x00,0x21,0x01,0x00,0x30,0xcb,0x40,0x16,0x05,0x00,0x00,0x40,0x17,0x05,
0x00,0x00,0x41,0x52,0x01,0x00,0x00,0xd7,0x24,0x01,0x00,0x0e,0xcb,0x40,0x16,0x05,
0x00,0x00,0x41,0x69,0x05,0x00,0x00,0x24,0x00,0x00,0x29,0xb4,0x04,0x9f,0x24,0x07,
0x16,0x76,0x6c,0x2b,0x4f,0x54,0x12,0x2b,0x0d,0x76,0x20,0x21,0x1f,0x9a,0x03,0x4f,
0x17,0x52,0x32,0x1c,0x31,0x39,0x1a,0x00,0x0c,0x42,0x0b,0x01,0x00,0x01,0x01,0x01,
0x02,0x00,0x00,0x00,0x41,0x02,0xb0,0x04,0x00,0x01,0x00,0x10,0x00,0x01,0x00,0x08,
0xcf,0xcb,0x40,0x16,0x05,0x00,0x00,0x40,0x66,0x05,0x00,0x00,0x04,0x67,0x05,0x00,
0x00,0xae,0xf0,0x02,0x29,0xcb,0x40,0x16,0x05,0x00,0x00,0x04,0x6b,0x05,0x00,0x00,
0x42,0x66,0x05,0x00,0x00,0xcb,0x40,0x16,0x05,0x00,0x00,0xd7,0x42,0x6c,0x05,0x00,
0x00,0xcb,0x40,0x16,0x05,0x00,0x00,0x41,0x69,0x05,0x00,0x00,0x24,0x00,0x00,0x29,
0xb4,0x04,0xad,0x24,0x07,0x0a,0x44,0x3c,0x30,0x37,0x53,0x00,0x3f,0x00,0x39,0x1a,
0x00,0x0c,0x42,0x0b,0x01,0x00,0x02,0x02,0x02,0x04,0x00,0x05,0x00,0xdf,0x01,0x04,
0xa6,0x0b,0x00,0x01,0x00,0x8c,0x16,0x00,0x01,0x00,0xe8,0x01,0x00,0x00,0x00,0x10,
0x00,0x01,0x00,0xfe,0x01,0x14,0x18,0xb0,0x15,0x12,0x10,0xa6,0x15,0x05,0x10,0xa0,
0x15,0x00,0x00,0xa2,0x15,0x01,0x00,0x08,0xd0,0x2b,0x64,0x00,0x00,0x11,0xf0,0x06,
0xcc,0x1b,0x24,0x00,0x00,0x0e,0xd7,0x11,0xf1,0x03,0x0e,0x0b,0xdb,0xcc,0x04,0x67,
0x05,0x00,0x00,0x42,0x66,0x05,0x00,0x00,0xcc,0x07,0x42,0x6f,0x05,0x00,0x00,0xcc,
0x26,0x00,0x00,0x42,0x17,0x05,0x00,0x00,0xcc,0xd7,0x40,0x6c,0x01,0x00,0x00,0x04,
0x05,0x03,0x00,0x00,0xad,0xf0,0x08,0x04,0x05,0x03,0x00,0x00,0xf2,0x02,0x06,0x42,
0x98,0x01,0x00,0x00,0xcc,0xd8,0x11,0xf0,0x08,0x0e,0xd8,0x40,0x87,0x05,0x00,0x00,
0x11,0xf1,0x03,0x0e,0xbb,0x42,0x68,0x05,0x00,0x00,0xcc,0x07,0x42,0x6c,0x05,0x00,
0x00,0xcc,0x26,0x00,0x00,0x42,0x74,0x05,0x00,0x00,0xcc,0x09,0x42,0x88,0x05,0x00,
0x00,0xcc,0xcc,0x40,0x98,0x01,0x00,0x00,0x04,0x05,0x03,0x00,0x00,0xad,0xf0,0x0b,
0x64,0x01,0x00,0x11,0xcc,0x21,0x01,0x00,0xf2,0x09,0x64,0x02,0x00,0x11,0xcc,0x21,
0x01,0x00,0x42,0x89,0x05,0x00,0x00,0xd7,0xcf,0xcc,0xcb,0x40,0x1f,0x03,0x00,0x00,
0x11,0xf1,0x03,0x0e,0xe6,0x42,0x8a,0x05,0x00,0x00,0xcc,0xcb,0x40,0x8b,0x05,0x00,
0x00,0x11,0xf1,0x05,0x0e,0x5d,0x04,0x00,0x42,0x8c,0x05,0x00,0x00,0xcb,0x40,0x27,
0x01,0x00,0x00,0xf0,0x11,0xcb,0x41,0x27,0x01,0x00,0x00,0xcc,0x40,0x89,0x05,0x00,
0x00,0x24,0x01,0x00,0x0e,0x29,0xb4,0x04,0xb5,0x24,0x07,0x25,0x4e,0x04,0x26,0x00,
0x3a,0x00,0x26,0x00,0x30,0x00,0x25,0x4e,0x6c,0x4d,0x71,0x00,0x26,0x00,0x30,0x00,
0x26,0x00,0x25,0x44,0x2a,0x1c,0x34,0x52,0x4f,0xb1,0x01,0x58,0x00,0x8b,0x04,0x20,
0x1a,0x00,0x0c,0x42,0x0b,0x01,0x00,0x00,0x03,0x00,0x05,0x00,0x00,0x00,0x92,0x04,
0x03,0x94,0x05,0x00,0x00,0x00,0xd2,0x0a,0x00,0x01,0x00,0x10,0x00,0x01,0x00,0x08,
0xd1,0xcd,0x40,0x74,0x05,0x00,0x00,0xef,0xba,0xa7,0x68,0x65,0x01,0x00,0x00,0xcd,
0x40,0x74,0x05,0x00,0x00,0xba,0x46,0xd3,0x40,0x91,0x04,0x00,0x00,0x68,0xa8,0x00,
0x00,0x00,0xcd,0x40,0x17,0x05,0x00,0x00,0xef,0xba,0xa7,0xf0,0x2b,0xcd,0x40,0x74,
0x05,0x00,0x00,0x41,0x78,0x05,0x00,0x00,0x24,0x00,0x00,0x0e,0xcb,0x41,0x8a,0x00,
0x00,0x00,0xcd,0x41,0x82,0x05,0x00,0x00,0xcb,0x40,0x91,0x04,0x00,0x00,0x24,0x01,
0x00,0x24,0x01,0x00,0x0e,0xf2,0xab,0xcd,0x40,0x66,0x05,0x00,0x00,0x04,0x45,0x05,
0x00,0x00,0xad,0xf0,0x2f,0xcd,0x40,0x74,0x05,0x00,0x00,0x41,0x78,0x05,0x00,0x00,
0x24,0x00,0x00,0x0e,0xcb,0x41,0x8a,0x00,0x00,0x00,0x0b,0x0a,0x4b,0x71,0x00,0x00,
0x00,0xcb,0x40,0x91,0x04,0x00,0x00,0x4b,0x44,0x00,0x00,0x00,0x24,0x01,0x00,0x0e,
0xf3,0x70,0xff,0xcd,0x40,0x66,0x05,0x00,0x00,0x04,0x6b,0x05,0x00,0x00,0xad,0x68,
0xd0,0x00,0x00,0x00,0xcd,0x40,0x74,0x05,0x00,0x00,0x41,0x78,0x05,0x00,0x00,0x24,
0x00,0x00,0x0e,0xcb,0x41,0x8b,0x00,0x00,0x00,0xcd,0x40,0x6c,0x05,0x00,0x00,0x24,
0x01,0x00,0x0e,0xf3,0x3d,0xff,0xcd,0x40,0x17,0x05,0x00,0x00,0xef,0xba,0xa7,0xf0,
0x39,0xcd,0x40,0x74,0x05,0x00,0x00,0x41,0x78,0x05,0x00,0x00,0x24,0x00,0x00,0x0e,
0xcd,0x40,0x17,0x05,0x00,0x00,0x41,0x78,0x05,0x00,0x00,0x24,0x00,0x00,0xd0,0xcb,
0x41,0x8a,0x00,0x00,0x00,0x0b,0x09,0x4b,0x71,0x00,0x00,0x00,0xcc,0x4b,0x44,0x00,
0x00,0x00,0x24,0x01,0x00,0x0e,0xf3,0xfa,0xfe,0xcd,0x40,0x66,0x05,0x00,0x00,0x04,
0x45,0x05,0x00,0x00,0xad,0xf0,0x2a,0xcd,0x40,0x74,0x05,0x00,0x00,0x41,0x78,0x05,
0x00,0x00,0x24,0x00,0x00,0x0e,0xcb,0x41,0x8a,0x00,0x00,0x00,0x0b,0x0a,0x4b,0x71,
0x00,0x00,0x00,0x06,0x4b,0x44,0x00,0x00,0x00,0x24,0x01,0x00,0x0e,0xf3,0xc3,0xfe,
0xcd,0x40,0x66,0x05,0x00,0x00,0x04,0x6b,0x05,0x00,0x00,0xad,0xf0,0x23,0xcd,0x40,
0x74,0x05,0x00,0x00,0x41,0x78,0x05,0x00,0x00,0x24,0x00,0x00,0x0e,0xcb,0x41,0x8b,
0x00,0x00,0x00,0xcd,0x40,0x6c,0x05,0x00,0x00,0x24,0x01,0x00,0x0e,0xf3,0x93,0xfe,
0xcd,0x40,0x6f,0x05,0x00,0x00,0x68,0x90,0x00,0x00,0x00,0xcd,0x40,0x66,0x05,0x00,
0x00,0x04,0x45,0x05,0x00,0x00,0xad,0xf0,0x37,0xcd,0x40,0x6f,0x05,0x00,0x00,0x40,
0x6d,0x05,0x00,0x00,0xf0,0x2a,0xcd,0x40,0x6f,0x05,0x00,0x00,0x41,0x6d,0x05,0x00,
0x00,0x24,0x00,0x00,0x0e,0xcd,0x40,0x6f,0x05,0x00,0x00,0x07,0x42,0x6d,0x05,0x00,
0x00,0xcd,0x40,0x6f,0x05,0x00,0x00,0x07,0x42,0x6e,0x05,0x00,0x00,0xf2,0x49,0xcd,
0x40,0x66,0x05,0x00,0x00,0x04,0x6b,0x05,0x00,0x00,0xad,0xf0,0x3b,0xcd,0x40,0x6f,
0x05,0x00,0x00,0x40,0x6e,0x05,0x00,0x00,0xf0,0x2e,0xcd,0x40,0x6f,0x05,0x00,0x00,
0x41,0x6e,0x05,0x00,0x00,0xcd,0x40,0x6c,0x05,0x00,0x00,0x24,0x01,0x00,0x0e,0xcd,
0x40,0x6f,0x05,0x00,0x00,0x07,0x42,0x6d,0x05,0x00,0x00,0xcd,0x40,0x6f,0x05,0x00,
0x00,0x07,0x42,0x6e,0x05,0x00,0x00,0xcd,0x41,0x75,0x05,0x00,0x00,0x24,0x00,0x00,
0x29,0xb4,0x04,0xc7,0x24,0x07,0x5e,0x30,0x4a,0xaa,0x0b,0x17,0x2d,0x39,0x26,0x17,
0x25,0x20,0x1c,0x20,0x28,0x6c,0x11,0x2b,0x31,0x39,0x26,0x17,0x25,0x20,0x0c,0x9e,
0x26,0x3a,0x31,0x39,0x26,0x17,0x25,0x20,0x1a,0x00,0x14,0x08,0x1e,0x17,0x3b,0x39,
0x26,0x4e,0x0a,0x17,0x2f,0x20,0x0c,0x85,0x26,0x2b,0x31,0x39,0x26,0x17,0x25,0x20,
0x0c,0x85,0x26,0x2b,0x31,0x39,0x26,0x17,0x25,0x20,0x1a,0x00,0x1e,0x0c,0x0a,0x6c,
0x23,0x39,0x1a,0x17,0x19,0x3f,0x00,0x67,0x32,0x6c,0x31,0x39,0x36,0x35,0x35,0x3f,
0x00,0x41,0x07,0x20,0x0a,0x00,0x0c,0x42,0x0b,0x01,0x00,0x00,0x03,0x00,0x03,0x00,
0x00,0x00,0x23,0x03,0xcc,0x0a,0x00,0x00,0x00,0xcc,0x05,0x00,0x01,0x00,0x10,0x00,
0x01,0x00,0x08,0xd1,0xba,0xcf,0xba,0xd0,0xcc,0xcd,0x40,0x17,0x05,0x00,0x00,0xef,
0xa5,0xf0,0x11,0xcb,0xcd,0x40,0x17,0x05,0x00,0x00,0xcc,0x46,0xef,0x9c,0xcf,0x92,
0x01,0xf2,0xe6,0xcb,0x28,0xb4,0x04,0xf2,0x24,0x07,0x04,0x27,0x2c,0x35,0x23,0x00,
0x0c,0x42,0x0b,0x01,0x00,0x01,0x04,0x01,0x06,0x00,0x00,0x00,0xaa,0x01,0x05,0xa2,
0x12,0x00,0x01,0x00,0xd2,0x0a,0x00,0x00,0x00,0x8c,0x12,0x00,0x01,0x00,0x9e,0x0e,
0x00,0x02,0x00,0x10,0x00,0x01,0x00,0x08,0xd2,0xce,0x40,0x17,0x05,0x00,0x00,0xba,
0x46,0xcf,0x38,0xa6,0x00,0x00,0x00,0x41,0x86,0x01,0x00,0x00,0xcb,0xef,0xd7,0x40,
0xcf,0x02,0x00,0x00,0x24,0x02,0x00,0xd0,0x38,0xb1,0x00,0x00,0x00,0x11,0xd7,0x40,
0xcd,0x02,0x00,0x00,0xd7,0x40,0xce,0x02,0x00,0x00,0xd7,0x40,0xcf,0x02,0x00,0x00,
0x21,0x03,0x00,0xd5,0x41,0x46,0x00,0x00,0x00,0xcb,0x41,0xad,0x03,0x00,0x00,0xba,
0xcc,0x24,0x02,0x00,0x24,0x01,0x00,0x0e,0xcc,0xcb,0xef,0xad,0xf0,0x12,0xce,0x40,
0x17,0x05,0x00,0x00,0x41,0x78,0x05,0x00,0x00,0x24,0x00,0x00,0x0e,0xf2,0x1f,0xce,
0x40,0x17,0x05,0x00,0x00,0xba,0x1b,0x11,0xaf,0xf1,0x04,0x1b,0x71,0x1b,0x1b,0xcb,
0x41,0xad,0x03,0x00,0x00,0xcc,0x24,0x01,0x00,0x1b,0x71,0x1b,0x48,0x0b,0x09,0x4b,
0x71,0x00,0x00,0x00,0xd7,0x40,0x40,0x00,0x00,0x00,0x11,0xd7,0x40,0xcd,0x02,0x00,
0x00,0xd7,0x40,0xce,0x02,0x00,0x00,0xcc,0x21,0x03,0x00,0x4b,0x44,0x00,0x00,0x00,
0x28,0xb4,0x04,0xf9,0x24,0x07,0x16,0x6d,0x26,0x3f,0x05,0x8a,0x1b,0x20,0x10,0x20,
0x0c,0x35,0x07,0x1c,0x0f,0x39,0x18,0x22,0x17,0x70,0x40,0x4f,0x01,0x00,0x0c,0x42,
0x0b,0x01,0x00,0x00,0x07,0x00,0x04,0x01,0x00,0x02,0xfe,0x01,0x07,0x9a,0x16,0x00,
0x00,0x00,0xcc,0x05,0x00,0x01,0x00,0x9c,0x16,0x00,0x02,0x00,0xd0,0x05,0x00,0x03,
0x00,0xb0,0x04,0x09,0x00,0x03,0xba,0x07,0x00,0x04,0x40,0x00,0x10,0x00,0x01,0x00,
0x0c,0x43,0x0a,0x01,0x00,0x00,0x00,0x00,0x02,0x00,0x01,0x00,0x08,0x00,0xba,0x07,
0x05,0x00,0xe3,0x09,0x42,0x88,0x05,0x00,0x00,0x29,0xb4,0x04,0x9b,0x25,0x17,0x02,
0x03,0x13,0x00,0x0c,0x43,0x0a,0x01,0x00,0x01,0x00,0x01,0x03,0x00,0x01,0x00,0x17,
0x01,0xb0,0x04,0x00,0x01,0x00,0xba,0x07,0x05,0x00,0xe3,0x09,0x42,0x88,0x05,0x00,
0x00,0xe3,0x40,0x89,0x05,0x00,0x00,0x41,0x37,0x00,0x00,0x00,0xd7,0x24,0x01,0x00,
0x29,0xb4,0x04,0x9d,0x25,0x0e,0x06,0x03,0x01,0x26,0x00,0x39,0x2e,0x00,0x08,0xc8,
0x06,0xc7,0x06,0x40,0x66,0x05,0x00,0x00,0x04,0x67,0x05,0x00,0x00,0xae,0x11,0xf1,
0x15,0x0e,0xc7,0x06,0x40,0x8c,0x05,0x00,0x00,0x95,0x11,0xf1,0x09,0x0e,0xc7,0x06,
0x40,0x88,0x05,0x00,0x00,0xf0,0x02,0x29,0x09,0xcf,0xba,0xd0,0xcc,0xc7,0x06,0x40,
0x74,0x05,0x00,0x00,0xef,0xa5,0xf0,0x19,0xc7,0x06,0x40,0x74,0x05,0x00,0x00,0xcc,
0x46,0x40,0x91,0x04,0x00,0x00,0xf0,0x05,0x0a,0xcf,0xf2,0x05,0x92,0x01,0xf2,0xdd,
0xc7,0x06,0x40,0x98,0x01,0x00,0x00,0x04,0x05,0x03,0x00,0x00,0xad,0xf0,0x1a,0xcb,
0x11,0xf1,0x26,0x0e,0xc7,0x06,0x41,0x84,0x05,0x00,0x00,0x24,0x00,0x00,0xc7,0x06,
0x40,0x68,0x05,0x00,0x00,0xa5,0xf2,0x11,0xc7,0x06,0x40,0x17,0x05,0x00,0x00,0xef,
0xc7,0x06,0x40,0x68,0x05,0x00,0x00,0xa5,0xd5,0x95,0xf0,0x02,0x29,0xc7,0x06,0x0a,
0x42,0x88,0x05,0x00,0x00,0x6b,0x19,0x00,0x00,0x00,0xc7,0x06,0x41,0x8c,0x05,0x00,
0x00,0xc7,0x06,0x40,0x89,0x05,0x00,0x00,0x24,0x01,0x00,0xd2,0x0e,0xf2,0x26,0xc8,
0x04,0x6b,0x21,0x00,0x00,0x00,0xc7,0x06,0x09,0x42,0x88,0x05,0x00,0x00,0xc7,0x06,
0x40,0x89,0x05,0x00,0x00,0x41,0x37,0x00,0x00,0x00,0xc7,0x04,0x24,0x01,0x00,0x0e,
0x06,0x6e,0x28,0x30,0xc7,0x06,0xc8,0x05,0xce,0xf0,0x19,0xce,0x40,0x89,0x00,0x00,
0x00,0xfb,0xf0,0x10,0xce,0x41,0x89,0x00,0x00,0x00,0xc5,0x00,0xc5,0x01,0x24,0x02,
0x00,0x0e,0x29,0xc7,0x06,0x09,0x42,0x88,0x05,0x00,0x00,0x29,0xb4,0x04,0x85,0x25,
0x07,0x29,0x35,0x2c,0xbd,0x00,0x8b,0x1f,0x00,0x0f,0x08,0x36,0x66,0x42,0x11,0x20,
0x5c,0x42,0x45,0xe1,0x01,0x46,0x04,0x25,0x28,0x6d,0x27,0x2b,0x00,0x3e,0x2e,0x00,
0x17,0x08,0x18,0x12,0x45,0x20,0x18,0x00,0x09,0x0e,0x17,0x00,0x0c,0x42,0x0b,0x01,
0x00,0x00,0x01,0x00,0x02,0x00,0x00,0x00,0x0b,0x01,0x10,0x00,0x01,0x00,0x08,0xcf,
0xcb,0x40,0x6f,0x05,0x00,0x00,0x07,0xae,0x28,0xb4,0x04,0xa5,0x25,0x0b,0x02,0x2b,
0x2c,0x00,0x0c,0x42,0x0b,0x01,0x00,0x01,0x02,0x01,0x03,0x00,0x02,0x00,0x5c,0x03,
0xc6,0x04,0x00,0x01,0x00,0x80,0x0b,0x00,0x00,0x00,0x10,0x00,0x01,0x00,0xae,0x15,
0x0f,0x10,0xa8,0x15,0x08,0x10,0x08,0xd0,0xcc,0x40,0x6f,0x05,0x00,0x00,0xf0,0x10,
0x38,0xda,0x00,0x00,0x00,0x11,0x04,0x8f,0x05,0x00,0x00,0x21,0x01,0x00,0x30,0xd7,
0x11,0xf0,0x08,0x0e,0xd7,0x40,0xc0,0x02,0x00,0x00,0xd3,0x04,0x90,0x05,0x00,0x00,
0xad,0xf0,0x27,0xcc,0x40,0x98,0x01,0x00,0x00,0x04,0x05,0x03,0x00,0x00,0xae,0xf0,
0x10,0x38,0xda,0x00,0x00,0x00,0x11,0x04,0x91,0x05,0x00,0x00,0x21,0x01,0x00,0x30,
0x64,0x00,0x00,0x11,0xcc,0x21,0x01,0x00,0x28,0x64,0x01,0x00,0x11,0xcc,0x21,0x01,
0x00,0x28,0xb4,0x04,0xa8,0x25,0x07,0x0c,0x36,0x1c,0x8c,0x02,0x49,0x10,0x2b,0x0d,
0x4f,0x01,0x31,0x03,0x00,0x0c,0x42,0x0b,0x01,0x00,0x01,0x04,0x01,0x04,0x00,0x00,
0x01,0xac,0x01,0x05,0xa8,0x02,0x00,0x01,0x00,0xba,0x07,0x00,0x00,0x00,0xd0,0x05,
0x00,0x01,0x00,0xb0,0x04,0x07,0x00,0x03,0x10,0x00,0x01,0x00,0x0c,0x43,0x0a,0x01,
0x00,0x00,0x00,0x00,0x00,0x00,0x00,0x00,0x01,0x00,0x29,0xb4,0x04,0xc7,0x25,0x1e,
0x00,0x00,0x08,0xd2,0xce,0xcf,0xce,0x40,0x66,0x05,0x00,0x00,0x04,0x6b,0x05,0x00,
0x00,0xad,0xf0,0x14,0x38,0xce,0x00,0x00,0x00,0x41,0x8b,0x00,0x00,0x00,0xce,0x40,
0x6c,0x05,0x00,0x00,0x25,0x01,0x00,0xce,0x40,0x66,0x05,0x00,0x00,0x04,0x67,0x05,
0x00,0x00,0xae,0xf0,0x0e,0x38,0xce,0x00,0x00,0x00,0x41,0x8a,0x00,0x00,0x00,0x25,
0x00,0x00,0xce,0x04,0x45,0x05,0x00,0x00,0x42,0x66,0x05,0x00,0x00,0xce,0x26,0x00,
0x00,0x42,0x17,0x05,0x00,0x00,0xce,0x41,0x69,0x05,0x00,0x00,0x24,0x00,0x00,0x0e,
0x6b,0x12,0x00,0x00,0x00,0xce,0x41,0x8a,0x05,0x00,0x00,0xd7,0x24,0x01,0x00,0xd0,
0x0e,0xf2,0x18,0xd1,0x6b,0x14,0x00,0x00,0x00,0x38,0xce,0x00,0x00,0x00,0x41,0x8b,
0x00,0x00,0x00,0xcd,0x24,0x01,0x00,0x6e,0x28,0x30,0xcc,0xf0,0x15,0xcc,0x40,0x89,
0x00,0x00,0x00,0xfb,0xf0,0x0c,0xcc,0x41,0x89,0x00,0x00,0x00,0xc5,0x00,0x25,0x01,
0x00,0x38,0xce,0x00,0x00,0x00,0x41,0x8a,0x00,0x00,0x00,0x25,0x00,0x00,0xb4,0x04,
0xb5,0x25,0x07,0x1e,0x36,0x2c,0x5d,0x08,0x4f,0x07,0x5d,0x05,0x13,0x21,0x3a,0x00,
0x30,0x00,0x20,0x0a,0x32,0x05,0x20,0x2c,0x7c,0x00,0x54,0x1a,0x30,0x1f,0x00,0x0f,
0x08,0x0b,0x00,0x0c,0x42,0x0b,0x01,0x00,0x00,0x0f,0x00,0x02,0x0b,0x01,0x03,0x62,
0x0f,0xe8,0x01,0x00,0x00,0x40,0x0a,0xc8,0x0a,0x00,0x01,0x40,0x08,0xa4,0x16,0x00,
0x02,0x40,0x02,0xa6,0x16,0x00,0x03,0x40,0x04,0xa8,0x16,0x00,0x04,0x40,0x01,0xaa,
0x16,0x00,0x05,0x40,0x03,0xac,0x16,0x00,0x06,0x40,0x05,0xea,0x01,0x00,0x07,0x40,
0x00,0xae,0x16,0x00,0x08,0x40,0x09,0xb0,0x16,0x00,0x09,0x40,0x06,0xb2,0x16,0x00,
0x0a,0x40,0x07,0xb4,0x16,0x00,0x0b,0x00,0xb6,0x16,0x00,0x0c,0x00,0xb8,0x16,0x00,
0x0d,0x00,0x10,0x00,0x01,0x00,0xb2,0x15,0x13,0x18,0x0c,0x43,0x0a,0x01,0xb0,0x16,
0x00,0x00,0x00,0x02,0x00,0x05,0x00,0x45,0x00,0xea,0x01,0x07,0x00,0xa8,0x16,0x04,
0x00,0xa4,0x16,0x02,0x00,0xaa,0x16,0x05,0x00,0xa6,0x16,0x03,0x00,0xe3,0x40,0xa6,
0x03,0x00,0x00,0x95,0x11,0xf0,0x15,0x0e,0xe4,0x95,0x11,0xf0,0x0f,0x0e,0xe5,0x11,
0xf0,0x0a,0x0e,0xe5,0x40,0x9d,0x05,0x00,0x00,0xba,0xa7,0x11,0xf1,0x24,0x0e,0xe3,
0x40,0xd0,0x04,0x00,0x00,0x95,0x11,0xf0,0x19,0x0e,0xe6,0x95,0x11,0xf0,0x13,0x0e,
0x5d,0x04,0x00,0x11,0xf0,0x0c,0x0e,0x5d,0x04,0x00,0x40,0x9d,0x05,0x00,0x00,0xba,
0xa7,0x28,0xb4,0x04,0xd5,0x25,0x09,0x06,0x8f,0xba,0x01,0xc0,0xb2,0x01,0x00,0x0c,
0x43,0x0a,0x01,0xb2,0x16,0x00,0x00,0x00,0x03,0x00,0x09,0x02,0x2f,0x00,0xac,0x16,
0x06,0x00,0xea,0x01,0x07,0x00,0xa8,0x16,0x04,0x00,0xa4,0x16,0x02,0x00,0xaa,0x16,
0x05,0x00,0xa6,0x16,0x03,0x00,0xb0,0x16,0x09,0x00,0xb2,0x16,0x0a,0x00,0xc8,0x0a,
0x01,0x00,0x0c,0x43,0x0a,0x01,0x00,0x01,0x00,0x01,0x03,0x00,0x08,0x00,0x97,0x01,
0x01,0xd0,0x05,0x00,0x01,0x00,0xac,0x16,0x00,0x02,0xea,0x01,0x01,0x02,0xa8,0x16,
0x02,0x02,0xa4,0x16,0x03,0x02,0xaa,0x16,0x04,0x02,0xa6,0x16,0x05,0x02,0xb0,0x16,
0x06,0x02,0xb2,0x16,0x07,0x02,0x09,0xe7,0xd7,0x40,0x71,0x00,0x00,0x00,0xf0,0x3c,
0xe4,0x40,0xa6,0x03,0x00,0x00,0x95,0xf0,0x12,0xe5,0x95,0xf0,0x0e,0xe6,0xf0,0x0b,
0xe6,0x41,0x61,0x02,0x00,0x00,0x24,0x00,0x00,0x0e,0xe4,0x40,0xd0,0x04,0x00,0x00,
0x95,0xf0,0x18,0x5d,0x04,0x00,0x95,0xf0,0x12,0x5d,0x05,0x00,0xf0,0x0d,0x5d,0x05,
0x00,0x41,0x61,0x02,0x00,0x00,0x24,0x00,0x00,0x0e,0x29,0xe4,0x40,0xa6,0x03,0x00,
0x00,0x95,0xf0,0x18,0xe5,0x95,0xf0,0x14,0xe6,0xf0,0x11,0xe6,0x41,0xde,0x02,0x00,
0x00,0xd7,0x40,0x44,0x00,0x00,0x00,0x24,0x01,0x00,0x0e,0xe4,0x40,0xd0,0x04,0x00,
0x00,0x95,0xf0,0x1e,0x5d,0x04,0x00,0x95,0xf0,0x18,0x5d,0x05,0x00,0xf0,0x13,0x5d,
0x05,0x00,0x41,0xde,0x02,0x00,0x00,0xd7,0x40,0x44,0x00,0x00,0x00,0x24,0x01,0x00,
0x0e,0x5d,0x06,0x00,0xf4,0xf0,0x06,0x5d,0x07,0x00,0xf4,0x0e,0x29,0xb4,0x04,0xdb,
0x25,0x1e,0x17,0x03,0x21,0x86,0x70,0x20,0x24,0x7b,0x23,0x2a,0x24,0x6e,0x27,0x20,
0x34,0x99,0x33,0x2a,0x34,0x44,0x97,0x01,0x12,0x03,0x00,0x0c,0x43,0x0a,0x01,0x00,
0x01,0x00,0x01,0x03,0x00,0x04,0x00,0x31,0x01,0xb0,0x04,0x00,0x01,0x00,0xac,0x16,
0x00,0x02,0xea,0x01,0x01,0x02,0xa4,0x16,0x03,0x02,0xa6,0x16,0x05,0x02,0x09,0xe7,
0xe4,0x40,0xa6,0x03,0x00,0x00,0x95,0xf0,0x0f,0xe5,0xf0,0x0c,0xe5,0x41,0x37,0x00,
0x00,0x00,0xd7,0x24,0x01,0x00,0x0e,0xe4,0x40,0xd0,0x04,0x00,0x00,0x95,0xf0,0x0f,
0xe6,0xf0,0x0c,0xe6,0x41,0x37,0x00,0x00,0x00,0xd7,0x24,0x01,0x00,0x0e,0x29,0xb4,
0x04,0xe7,0x25,0x14,0x0a,0x03,0x0d,0x49,0x48,0x20,0x30,0x58,0x2f,0x20,0x30,0x00,
0xe3,0x11,0xf1,0x07,0x0e,0x5d,0x06,0x00,0xf4,0x95,0xf0,0x02,0x29,0x0a,0xe7,0x5d,
0x08,0x00,0x41,0xab,0x02,0x00,0x00,0x24,0x00,0x00,0x41,0x89,0x00,0x00,0x00,0xc5,
0x00,0x24,0x01,0x00,0x41,0x19,0x00,0x00,0x00,0xc5,0x01,0x24,0x01,0x00,0x29,0xb4,
0x04,0xd8,0x25,0x09,0x0e,0x2b,0x24,0x1c,0x1f,0x0d,0x00,0x2a,0x0e,0x2a,0x18,0x00,
0x0a,0x18,0x13,0x00,0x0c,0x43,0x0a,0x01,0xb4,0x16,0x01,0x00,0x01,0x04,0x01,0x08,
0x03,0x2d,0x01,0xbc,0x16,0x00,0x01,0x40,0x00,0xb2,0x16,0x0a,0x00,0xea,0x01,0x07,
0x00,0xae,0x16,0x08,0x00,0xc8,0x0a,0x01,0x00,0xe8,0x01,0x00,0x00,0xa4,0x16,0x02,
0x00,0xa6,0x16,0x03,0x00,0xb2,0x15,0x00,0x1a,0x0c,0x43,0x0a,0x01,0x00,0x01,0x00,
0x01,0x00,0x00,0x00,0x00,0x01,0x01,0xba,0x0b,0x00,0x01,0x00,0x29,0xb4,0x04,0xef,
0x25,0x14,0x00,0x00,0x0c,0x43,0x0a,0x01,0x00,0x01,0x00,0x01,0x01,0x00,0x01,0x00,
0x03,0x01,0xba,0x0b,0x00,0x01,0x00,0xb2,0x16,0x00,0x02,0xe3,0xf4,0x29,0xb4,0x04,
0xf1,0x25,0x13,0x02,0x03,0x07,0x00,0x0c,0x43,0x0a,0x01,0x00,0x01,0x02,0x01,0x03,
0x00,0x07,0x00,0x6f,0x03,0xa8,0x02,0x00,0x01,0x00,0xb0,0x04,0x05,0x00,0x03,0xb2,
0x08,0x00,0x00,0x00,0xea,0x01,0x01,0x02,0xbc,0x16,0x00,0x01,0xae,0x16,0x02,0x02,
0xc8,0x0a,0x03,0x02,0xe8,0x01,0x04,0x02,0xa4,0x16,0x05,0x02,0xa6,0x16,0x06,0x02,
0xe3,0xe4,0x1b,0x11,0xaf,0xf1,0x04,0x1b,0x71,0x1b,0x1b,0x0a,0x1b,0x71,0x1b,0x48,
0xe3,0x40,0xa6,0x03,0x00,0x00,0xf0,0x39,0xe3,0x40,0xd0,0x04,0x00,0x00,0xf0,0x31,
0xe5,0x95,0xf0,0x2d,0x0a,0xe9,0x6b,0x11,0x00,0x00,0x00,0xe6,0x41,0xaa,0x02,0x00,
0x00,0x24,0x00,0x00,0x0e,0x0e,0xf2,0x0b,0xcf,0x6b,0x07,0x00,0x00,0x00,0x0e,0xf2,
0x02,0x30,0x5d,0x04,0x00,0x41,0x1f,0x03,0x00,0x00,0xd7,0x24,0x01,0x00,0x0e,0x29,
0xe4,0x04,0xa6,0x03,0x00,0x00,0xad,0xf0,0x06,0x5d,0x05,0x00,0xf2,0x04,0x5d,0x06,
0x00,0xd4,0xf0,0x0b,0xcc,0x41,0x61,0x02,0x00,0x00,0x24,0x00,0x00,0x0e,0x29,0xb4,
0x04,0xf4,0x25,0x15,0x12,0x03,0x0b,0xb8,0x04,0x27,0x04,0x20,0x0e,0x5a,0x11,0x2a,
0x1c,0x27,0x08,0x62,0x15,0x20,0x04,0x00,0x64,0x07,0x00,0x11,0x0b,0xc5,0x00,0x4c,
0x27,0x01,0x00,0x00,0x4b,0x27,0x01,0x00,0x00,0xc5,0x01,0x4c,0x8b,0x05,0x00,0x00,
0x4b,0x8b,0x05,0x00,0x00,0xc5,0x02,0x4c,0x1f,0x03,0x00,0x00,0x4b,0x1f,0x03,0x00,
0x00,0x21,0x01,0x00,0x28,0xb4,0x04,0xed,0x25,0x09,0x02,0x03,0x1a,0x00,0x08,0xc8,
0x0e,0xc5,0x00,0xc8,0x09,0xc5,0x01,0xc8,0x0a,0xc5,0x02,0xc8,0x0b,0xc7,0x0e,0xd3,
0x41,0xac,0x02,0x00,0x00,0x24,0x00,0x00,0xd0,0x09,0xc8,0x04,0x09,0xc8,0x05,0x09,
0xc8,0x06,0x0b,0x09,0x4b,0xa6,0x03,0x00,0x00,0x09,0x4b,0xd0,0x04,0x00,0x00,0xc8,
0x07,0x09,0xc8,0x08,0xc7,0x0b,0x04,0xa6,0x03,0x00,0x00,0xf5,0xc8,0x0c,0xc7,0x0b,
0x04,0xd0,0x04,0x00,0x00,0xf5,0xc8,0x0d,0xc7,0x0c,0x40,0x89,0x05,0x00,0x00,0xd1,
0xc7,0x0d,0x40,0x89,0x05,0x00,0x00,0xd2,0xc7,0x0c,0xc7,0x0d,0x26,0x02,0x00,0x28,
0xb4,0x04,0xcd,0x25,0x07,0x0c,0x77,0x2c,0x00,0x21,0x6a,0x0b,0x35,0x00,0x2b,0x1b,
0x2b,0x00,0x00,0x0c,0x42,0x0b,0x01,0x00,0x02,0x0f,0x02,0x04,0x0b,0x00,0x04,0xe1,
0x01,0x11,0xbe,0x16,0x00,0x01,0x00,0xc6,0x04,0x00,0x01,0x00,0xc0,0x16,0x00,0x00,
0x40,0x05,0xc2,0x16,0x00,0x01,0x40,0x01,0xc4,0x16,0x00,0x02,0x40,0x03,0xbe,0x07,
0x00,0x03,0x40,0x07,0xc8,0x0a,0x00,0x04,0x40,0x00,0xc6,0x16,0x00,0x05,0x40,0x02,
0xb0,0x04,0x03,0x00,0x03,0xc8,0x16,0x00,0x06,0x40,0x04,0xca,0x16,0x00,0x08,0x40,
0x08,0xc6,0x0a,0x00,0x09,0x40,0x06,0xcc,0x16,0x00,0x0a,0x40,0x09,0xea,0x0b,0x00,
0x0b,0x40,0x0a,0xce,0x16,0x00,0x0c,0x00,0xd0,0x05,0x00,0x0d,0x00,0x10,0x00,0x01,
0x00,0x0c,0x43,0x0a,0x01,0xca,0x16,0x01,0x04,0x01,0x04,0x00,0x04,0x00,0x78,0x05,
0xb0,0x04,0x00,0x01,0x00,0xd0,0x14,0x03,0x00,0x03,0xd0,0x14,0x08,0x00,0x03,0xd0,
0x14,0x0d,0x00,0x03,0xd0,0x14,0x10,0x00,0x03,0xc8,0x0a,0x04,0x00,0xc2,0x16,0x01,
0x00,0xc6,0x16,0x05,0x00,0xc4,0x16,0x02,0x00,0x6b,0x11,0x00,0x00,0x00,0xe3,0x41,
0xaa,0x02,0x00,0x00,0x24,0x00,0x00,0x0e,0x0e,0xf2,0x0b,0xcf,0x6b,0x07,0x00,0x00,
0x00,0x0e,0xf2,0x02,0x30,0xe4,0x95,0xf0,0x1e,0x6b,0x12,0x00,0x00,0x00,0xe5,0x41,
0xde,0x01,0x00,0x00,0xd7,0x24,0x01,0x00,0x0e,0x0e,0xf2,0x0b,0xd0,0x6b,0x07,0x00,
0x00,0x00,0x0e,0xf2,0x02,0x30,0xe6,0x95,0xf0,0x1e,0x6b,0x12,0x00,0x00,0x00,0xe3,
0x41,0x1f,0x03,0x00,0x00,0xd7,0x24,0x01,0x00,0x0e,0x0e,0xf2,0x0b,0xd1,0x6b,0x07,
0x00,0x00,0x00,0x0e,0xf2,0x02,0x30,0x6b,0x10,0x00,0x00,0x00,0xe5,0x41,0xaa,0x02,
0x00,0x00,0x24,0x00,0x00,0x0e,0x0e,0x29,0xd2,0x6b,0x06,0x00,0x00,0x00,0x0e,0x29,
0x30,0xb4,0x04,0x98,0x26,0x09,0x16,0x1d,0x08,0x20,0x0e,0x00,0x1a,0x0a,0x09,0x20,
0x1a,0x00,0x1b,0x0c,0x19,0x20,0x1c,0x00,0x17,0x0a,0x1f,0x20,0x0e,0x00,0x0c,0x43,
0x0a,0x01,0xc6,0x0a,0x00,0x00,0x00,0x03,0x00,0x05,0x01,0x24,0x00,0xc8,0x16,0x07,
0x00,0xc8,0x0a,0x04,0x00,0xc0,0x16,0x00,0x00,0xc6,0x16,0x05,0x00,0xc6,0x0a,0x09,
0x00,0x0c,0x43,0x0a,0x01,0x00,0x01,0x00,0x01,0x03,0x00,0x05,0x00,0x4a,0x01,0xd0,
0x16,0x00,0x01,0x00,0xc8,0x16,0x00,0x02,0xc8,0x0a,0x01,0x02,0xc0,0x16,0x02,0x02,
0xc6,0x16,0x03,0x02,0xc6,0x0a,0x04,0x02,0xe3,0xf0,0x03,0xe3,0x30,0xd7,0x40,0x71,
0x00,0x00,0x00,0xf0,0x24,0xe4,0x41,0xaa,0x02,0x00,0x00,0x24,0x00,0x00,0x0e,0xe5,
0xf0,0x0e,0x38,0xce,0x00,0x00,0x00,0x41,0x8a,0x00,0x00,0x00,0x25,0x00,0x00,0xe6,
0x41,0x61,0x02,0x00,0x00,0x25,0x00,0x00,0xe6,0x41,0xa9,0x05,0x00,0x00,0xd7,0x40,
0x44,0x00,0x00,0x00,0x24,0x01,0x00,0x41,0x89,0x00,0x00,0x00,0x5d,0x04,0x00,0x25,
0x01,0x00,0xb4,0x04,0xb0,0x26,0x25,0x0e,0x12,0x01,0x36,0x29,0x20,0x0e,0x59,0x14,
0x31,0x05,0x31,0x08,0x48,0x28,0x00,0xe3,0xf0,0x0f,0x38,0xce,0x00,0x00,0x00,0x41,
0x8b,0x00,0x00,0x00,0xe3,0x25,0x01,0x00,0xe4,0x41,0xab,0x02,0x00,0x00,0x24,0x00,
0x00,0x41,0x89,0x00,0x00,0x00,0xc5,0x00,0x25,0x01,0x00,0xb4,0x04,0xae,0x26,0x09,
0x06,0x44,0x52,0x35,0x31,0x2a,0x18,0x00,0x0c,0x43,0x0a,0x01,0x00,0x00,0x01,0x00,
0x04,0x00,0x04,0x00,0x2c,0x01,0xe6,0x05,0x00,0x00,0x00,0xbe,0x07,0x03,0x00,0xc8,
0x16,0x07,0x00,0xca,0x16,0x08,0x00,0xcc,0x16,0x0a,0x00,0xe3,0x40,0x94,0x00,0x00,
0x00,0xd3,0xf8,0xf0,0x15,0x38,0xdd,0x00,0x00,0x00,0x11,0x04,0xdb,0x01,0x00,0x00,
0x04,0xdc,0x01,0x00,0x00,0x21,0x02,0x00,0xcf,0xcb,0xe8,0xe5,0xcb,0xf5,0x0e,0xe6,
0xf0,0x05,0xe6,0xcb,0xf5,0x0e,0x29,0xb4,0x04,0xc5,0x26,0x15,0x0e,0x27,0x04,0x11,
0x20,0x67,0x33,0x0d,0x00,0x07,0x10,0x21,0x10,0x07,0x16,0x00,0x0c,0x43,0x0a,0x01,
0x00,0x02,0x00,0x02,0x03,0x02,0x07,0x02,0x1d,0x02,0x94,0x02,0x00,0x01,0x40,0x00,
0x96,0x02,0x00,0x01,0x40,0x01,0xc6,0x16,0x05,0x00,0xbe,0x07,0x03,0x00,0xea,0x0b,
0x0b,0x00,0xca,0x16,0x08,0x00,0xc8,0x16,0x07,0x00,0xcc,0x16,0x0a,0x00,0xc6,0x0a,
0x09,0x00,0x0c,0x43,0x0a,0x01,0x00,0x00,0x01,0x00,0x04,0x00,0x04,0x00,0x32,0x01,
0xd0,0x14,0x03,0x00,0x03,0xc6,0x16,0x00,0x02,0xbe,0x07,0x01,0x02,0xea,0x0b,0x02,
0x02,0x94,0x02,0x00,0x01,0x6b,0x11,0x00,0x00,0x00,0xe3,0x41,0xaa,0x02,0x00,0x00,
0x24,0x00,0x00,0x0e,0x0e,0xf2,0x0b,0xcf,0x6b,0x07,0x00,0x00,0x00,0x0e,0xf2,0x02,
0x30,0xe4,0xf0,0x11,0xe4,0x41,0xd1,0x01,0x00,0x00,0x04,0xde,0x01,0x00,0x00,0xe5,
0x24,0x02,0x00,0x0e,0xe6,0xf4,0x29,0xb4,0x04,0xd0,0x26,0x17,0x0a,0x1d,0x0f,0x20,
0x0e,0x69,0x06,0x20,0x0e,0x35,0x25,0x00,0x0c,0x43,0x0a,0x01,0x00,0x01,0x00,0x01,
0x04,0x00,0x05,0x00,0x22,0x01,0xb0,0x04,0x00,0x01,0x00,0xca,0x16,0x03,0x02,0xbe,
0x07,0x01,0x02,0xea,0x0b,0x02,0x02,0x96,0x02,0x01,0x01,0xc8,0x16,0x04,0x02,0xe3,
0xd7,0xf5,0x0e,0xe4,0xf0,0x11,0xe4,0x41,0xd1,0x01,0x00,0x00,0x04,0xde,0x01,0x00,
0x00,0xe5,0x24,0x02,0x00,0x0e,0xe6,0x5d,0x04,0x00,0x11,0xf1,0x03,0x0e,0xd7,0xf5,
0x29,0xb4,0x04,0xd7,0x26,0x14,0x0c,0x03,0x0d,0x07,0x10,0x21,0x08,0x20,0x0e,0x35,
0x25,0x07,0x0e,0x00,0xd8,0x5e,0x05,0x00,0x5d,0x06,0x00,0xf4,0x41,0x89,0x00,0x00,
0x00,0xc5,0x00,0x24,0x01,0x00,0x41,0x19,0x00,0x00,0x00,0xc5,0x01,0x24,0x01,0x00,
0x29,0xb4,0x04,0xce,0x26,0x22,0x0a,0x03,0x2d,0x17,0x00,0x2f,0x18,0x00,0x0a,0x0e,
0x05,0x00,0x08,0xc8,0x0e,0xc5,0x00,0xc8,0x08,0xc5,0x01,0xc8,0x09,0xd8,0x11,0xf1,
0x03,0x0e,0x0b,0xe0,0x40,0xa0,0x05,0x00,0x00,0x95,0x95,0xcf,0xd8,0x40,0xa1,0x05,
0x00,0x00,0x95,0x95,0xd0,0xd8,0x40,0xa2,0x05,0x00,0x00,0x95,0x95,0xd1,0xd8,0x40,
0xdf,0x01,0x00,0x00,0x11,0xf1,0x03,0x0e,0x07,0xd2,0x6b,0x1e,0x00,0x00,0x00,0xc7,
0x0e,0x41,0xac,0x02,0x00,0x00,0x24,0x00,0x00,0xc8,0x04,0xd7,0x41,0xaa,0x05,0x00,
0x00,0x24,0x00,0x00,0xc8,0x05,0x0e,0xf2,0x1a,0xc8,0x06,0x6b,0x15,0x00,0x00,0x00,
0x38,0xce,0x00,0x00,0x00,0x41,0x8b,0x00,0x00,0x00,0xc7,0x06,0x24,0x01,0x00,0x6e,
0x28,0x30,0x07,0xc8,0x07,0x07,0xc8,0x0a,0x07,0xc8,0x0b,0xce,0xf0,0x58,0xce,0x40,
0xea,0x01,0x00,0x00,0xf0,0x36,0xce,0x40,0x94,0x00,0x00,0x00,0xc9,0x0c,0xf8,0xf0,
0x16,0x38,0xdd,0x00,0x00,0x00,0x11,0x04,0xdb,0x01,0x00,0x00,0x04,0xdc,0x01,0x00,
0x00,0x21,0x02,0x00,0xc8,0x0c,0xc7,0x08,0xc7,0x0c,0xf5,0x0e,0x38,0xce,0x00,0x00,
0x00,0x41,0x8b,0x00,0x00,0x00,0xc7,0x0c,0x25,0x01,0x00,0xc5,0x02,0x4c,0xf5,0x02,
0x00,0x00,0xc8,0x0b,0xce,0x41,0xd0,0x01,0x00,0x00,0x04,0xde,0x01,0x00,0x00,0xc7,
0x0b,0x24,0x02,0x00,0x0e,0x38,0xce,0x00,0x00,0x00,0x11,0xc5,0x03,0x21,0x01,0x00,
0xc9,0x0d,0x28,0xb4,0x04,0x8a,0x26,0x07,0x24,0x3a,0x04,0x00,0x32,0x0e,0x04,0x25,
0x1c,0x1c,0x1b,0x20,0x1c,0x81,0x10,0x00,0x24,0x58,0x11,0x11,0x22,0x6c,0x37,0x0c,
0x10,0x49,0x1c,0x1d,0x2f,0x00,0x09,0x0e,0x00,0x20,0x0e,0x3b,0x10,0x00,0x0c,0x42,
0x0b,0x01,0x00,0x01,0x02,0x01,0x03,0x01,0x00,0x01,0x8e,0x01,0x03,0xd6,0x16,0x00,
0x01,0x40,0x00,0xd8,0x16,0x00,0x00,0x00,0x10,0x00,0x01,0x00,0x0c,0x43,0x0a,0x01,
0x00,0x01,0x02,0x01,0x04,0x00,0x01,0x00,0x32,0x03,0xb0,0x04,0x00,0x01,0x00,0xda,
0x16,0x00,0x00,0x00,0xd0,0x14,0x04,0x00,0x03,0xd6,0x16,0x00,0x01,0x6b,0x28,0x00,
0x00,0x00,0xe3,0x40,0x67,0x05,0x00,0x00,0x40,0x89,0x05,0x00,0x00,0xd3,0xf0,0x15,
0xcb,0x40,0x37,0x00,0x00,0x00,0xfb,0xf0,0x0c,0xcb,0x41,0x37,0x00,0x00,0x00,0xd7,
0x24,0x01,0x00,0x0e,0x0e,0x29,0xd0,0x6b,0x06,0x00,0x00,0x00,0x0e,0x29,0x30,0xb4,
0x04,0xe7,0x26,0x1b,0x06,0x82,0x28,0x11,0x18,0x20,0x16,0x00,0x08,0xd0,0xd7,0x95,
0x11,0xf1,0x20,0x0e,0xd7,0x96,0x04,0x4d,0x00,0x00,0x00,0xae,0x11,0xf1,0x14,0x0e,
0xd7,0x40,0x67,0x05,0x00,0x00,0x95,0x11,0xf1,0x09,0x0e,0xd7,0x40,0x42,0x00,0x00,
0x00,0x95,0xf0,0x10,0x38,0xda,0x00,0x00,0x00,0x11,0x04,0xae,0x05,0x00,0x00,0x21,
0x01,0x00,0x30,0xcc,0x40,0xaf,0x05,0x00,0x00,0x11,0xf1,0x1c,0x0e,0xd7,0x40,0x67,
0x05,0x00,0x00,0x40,0xaf,0x05,0x00,0x00,0x11,0xf1,0x0d,0x0e,0xd7,0x40,0x42,0x00,
0x00,0x00,0x40,0xaf,0x05,0x00,0x00,0xf0,0x10,0x38,0xda,0x00,0x00,0x00,0x11,0x04,
0xb0,0x05,0x00,0x00,0x21,0x01,0x00,0x30,0xcc,0x41,0xb1,0x05,0x00,0x00,0xd7,0x40,
0x42,0x00,0x00,0x00,0x24,0x01,0x00,0xd3,0x41,0x19,0x00,0x00,0x00,0xc5,0x00,0x24,
0x01,0x00,0x0e,0xd7,0x40,0x67,0x05,0x00,0x00,0x28,0xb4,0x04,0xdf,0x26,0x07,0x0e,
0x30,0x52,0x9e,0x35,0x00,0x35,0x06,0x00,0x6d,0x24,0x30,0x3b,0x20,0x24,0x00,0x0c,
0x43,0x0a,0x00,0x00,0x00,0x02,0x00,0x02,0x01,0x00,0x02,0x26,0x02,0xc8,0x0a,0x00,
0x00,0x40,0x00,0x10,0x00,0x01,0x00,0x0c,0x43,0x0a,0x00,0x00,0x00,0x00,0x00,0x02,
0x00,0x01,0x00,0x09,0x00,0xc8,0x0a,0x00,0x00,0xe3,0x41,0xab,0x02,0x00,0x00,0x25,
0x00,0x00,0xb4,0x04,0xf6,0x26,0x13,0x02,0x21,0x14,0x00,0x0c,0x43,0x0a,0x00,0x00,
0x01,0x00,0x01,0x04,0x00,0x01,0x00,0x24,0x01,0x88,0x01,0x00,0x01,0x00,0xc8,0x0a,
0x00,0x00,0xe3,0x41,0xaa,0x02,0x00,0x00,0x24,0x00,0x00,0x0e,0x38,0xce,0x00,0x00,
0x00,0x41,0x8a,0x00,0x00,0x00,0x0b,0x0a,0x4b,0x71,0x00,0x00,0x00,0xd7,0x4b,0x44,
0x00,0x00,0x00,0x25,0x01,0x00,0xb4,0x04,0xf9,0x26,0x15,0x06,0x03,0x0b,0x20,0x0e,
0x49,0x10,0x00,0x08,0xd0,0xcc,0x41,0xac,0x02,0x00,0x00,0x24,0x00,0x00,0xcf,0x0b,
0xc5,0x00,0x4c,0x72,0x00,0x00,0x00,0x4b,0x72,0x00,0x00,0x00,0xc5,0x01,0x4c,0x06,
0x00,0x00,0x00,0x4b,0x06,0x00,0x00,0x00,0x28,0xb4,0x04,0xf3,0x26,0x3b,0x02,0x2b,
0x3b,0x00,0x0c,0x43,0x0a,0x00,0xb4,0x15,0x01,0x01,0x01,0x02,0x00,0x00,0x00,0x0a,
0x02,0xd6,0x0e,0x00,0x01,0x00,0x10,0x00,0x01,0x00,0x08,0xcf,0xcb,0xd7,0x42,0x16,
0x05,0x00,0x00,0x29,0xb4,0x04,0x82,0x27,0x05,0x02,0x0d,0x04,0x00,0x0c,0x43,0x0a,
0x00,0x00,0x01,0x01,0x01,0x03,0x00,0x00,0x00,0x12,0x02,0xb0,0x04,0x00,0x01,0x00,
0x10,0x00,0x01,0x00,0x08,0xcf,0xcb,0x40,0x16,0x05,0x00,0x00,0x41,0xcb,0x03,0x00,
0x00,0xd7,0x24,0x01,0x00,0x29,0xb4,0x04,0x85,0x27,0x37,0x04,0x0d,0x5f,0x39,0x28,
0x00,0x0c,0x43,0x0a,0x00,0xb6,0x15,0x01,0x02,0x01,0x04,0x01,0x00,0x01,0x24,0x03,
0xd6,0x0e,0x00,0x01,0x00,0xba,0x07,0x00,0x00,0x40,0x00,0x10,0x00,0x01,0x00,0x0c,
0x43,0x0a,0x00,0x00,0x02,0x00,0x02,0x02,0x00,0x01,0x00,0x0f,0x02,0x94,0x02,0x00,
0x01,0x00,0x96,0x02,0x00,0x01,0x00,0xba,0x07,0x00,0x00,0xe3,0xd7,0x42,0x6d,0x05,
0x00,0x00,0xe3,0xd8,0x42,0x6e,0x05,0x00,0x00,0x29,0xb4,0x04,0x8c,0x27,0x29,0x04,
0x03,0x3f,0x26,0x00,0x00,0x08,0xd0,0xcc,0xd7,0x42,0x16,0x05,0x00,0x00,0xcc,0x09,
0x42,0x76,0x05,0x00,0x00,0xcc,0xcf,0xcc,0x38,0xce,0x00,0x00,0x00,0x11,0xc5,0x00,
0x21,0x01,0x00,0x42,0xb2,0x05,0x00,0x00,0x29,0xb4,0x04,0x88,0x27,0x05,0x08,0x0d,
0x04,0x26,0x00,0x31,0x00,0x07,0x34,0x00,0x0c,0x43,0x0a,0x00,0x00,0x00,0x01,0x00,
0x01,0x00,0x00,0x00,0x09,0x01,0x10,0x00,0x01,0x00,0x08,0xcf,0xcb,0x40,0xb2,0x05,
0x00,0x00,0x28,0xb4,0x04,0x92,0x27,0x0c,0x00,0x00,0x0c,0x43,0x0a,0x00,0x00,0x00,
0x00,0x00,0x02,0x00,0x00,0x00,0x0d,0x00,0x38,0xce,0x00,0x00,0x00,0x41,0x8a,0x00,
0x00,0x00,0x25,0x00,0x00,0xb4,0x04,0x97,0x27,0x0c,0x02,0x35,0x18,0x00,0x0c,0x43,
0x0a,0x00,0x00,0x00,0x00,0x00,0x01,0x00,0x00,0x00,0x02,0x00,0x07,0x28,0xb4,0x04,
0x9c,0x27,0x0c,0x00,0x00,0x0c,0x43,0x0a,0x00,0x00,0x01,0x01,0x01,0x03,0x00,0x00,
0x00,0x11,0x02,0xd2,0x0a,0x00,0x01,0x00,0x10,0x00,0x01,0x00,0x08,0xcf,0xcb,0x40,
0x16,0x05,0x00,0x00,0x41,0xb3,0x05,0x00,0x00,0xd7,0x25,0x01,0x00,0xb4,0x04,0xa0,
0x27,0x33,0x02,0x44,0x17,0x00,0x0c,0x43,0x0a,0x00,0x00,0x00,0x01,0x00,0x02,0x00,
0x00,0x00,0x10,0x01,0x10,0x00,0x01,0x00,0x08,0xcf,0xcb,0x40,0x16,0x05,0x00,0x00,
0x41,0xb4,0x05,0x00,0x00,0x25,0x00,0x00,0xb4,0x04,0xa3,0x27,0x33,0x02,0x44,0x2f,
0x00,0x0c,0x43,0x0a,0x00,0x00,0x01,0x01,0x01,0x03,0x00,0x00,0x00,0x11,0x02,0xa8,
0x02,0x00,0x01,0x00,0x10,0x00,0x01,0x00,0x08,0xcf,0xcb,0x40,0x16,0x05,0x00,0x00,
0x41,0xb5,0x05,0x00,0x00,0xd7,0x25,0x01,0x00,0xb4,0x04,0xa6,0x27,0x33,0x02,0x44,
0x15,0x00,0x0c,0x43,0x0a,0x00,0x00,0x00,0x01,0x00,0x02,0x00,0x00,0x00,0x26,0x01,
0x10,0x00,0x01,0x00,0x08,0xcf,0xcb,0x40,0x16,0x05,0x00,0x00,0x40,0xb6,0x05,0x00,
0x00,0xcb,0xae,0xf0,0x02,0x29,0xcb,0x40,0x16,0x05,0x00,0x00,0x07,0x42,0xb6,0x05,
0x00,0x00,0xcb,0x0a,0x42,0x76,0x05,0x00,0x00,0x29,0xb4,0x04,0xa9,0x27,0x39,0x06,
0x44,0x29,0x1c,0x39,0x3f,0x00,0x00,0x0c,0x42,0x0b,0x01,0x00,0x02,0x02,0x02,0x06,
0x00,0x02,0x04,0xf6,0x01,0x04,0xee,0x16,0x00,0x01,0x00,0x8c,0x16,0x00,0x01,0x00,
0xd0,0x05,0x00,0x00,0x00,0x10,0x00,0x01,0x00,0xfe,0x01,0x1a,0x18,0xb4,0x15,0x17,
0x00,0x0c,0x43,0x0a,0x01,0x00,0x00,0x00,0x00,0x02,0x00,0x00,0x00,0x0d,0x00,0x38,
0xce,0x00,0x00,0x00,0x41,0x8a,0x00,0x00,0x00,0x25,0x00,0x00,0xb4,0x04,0xba,0x27,
0x2f,0x02,0x35,0x29,0x00,0x0c,0x43,0x0a,0x01,0x00,0x00,0x00,0x00,0x02,0x00,0x00,
0x00,0x0d,0x00,0x38,0xce,0x00,0x00,0x00,0x41,0x8a,0x00,0x00,0x00,0x25,0x00,0x00,
0xb4,0x04,0xbd,0x27,0x2f,0x02,0x35,0x29,0x00,0x0c,0x43,0x0a,0x01,0x00,0x00,0x00,
0x00,0x02,0x00,0x00,0x00,0x0d,0x00,0x38,0xce,0x00,0x00,0x00,0x41,0x8a,0x00,0x00,
0x00,0x25,0x00,0x00,0xb4,0x04,0xc0,0x27,0x2f,0x02,0x35,0x29,0x00,0x0c,0x43,0x0a,
0x01,0x00,0x02,0x01,0x02,0x02,0x00,0x00,0x00,0x11,0x03,0x94,0x02,0x00,0x01,0x00,
0x96,0x02,0x00,0x01,0x00,0x10,0x00,0x01,0x00,0x08,0xcf,0xcb,0xd7,0x42,0x6d,0x05,
0x00,0x00,0xcb,0xd8,0x42,0x6e,0x05,0x00,0x00,0x29,0xb4,0x04,0xc9,0x27,0x2b,0x04,
0x0d,0x3f,0x26,0x00,0x00,0x08,0xd0,0x2b,0x64,0x00,0x00,0x11,0xf0,0x06,0xcc,0x1b,
0x24,0x00,0x00,0x0e,0xd7,0x11,0xf1,0x03,0x0e,0x0b,0xdb,0xcc,0x04,0x42,0x00,0x00,
0x00,0x42,0x66,0x05,0x00,0x00,0xcc,0x07,0x42,0x6c,0x05,0x00,0x00,0xcc,0x07,0x42,
0xb6,0x05,0x00,0x00,0xcc,0x07,0x42,0xb8,0x05,0x00,0x00,0xcc,0x07,0x42,0xb9,0x05,
0x00,0x00,0xcc,0x38,0xce,0x00,0x00,0x00,0x41,0x8a,0x00,0x00,0x00,0x24,0x00,0x00,
0x42,0xba,0x05,0x00,0x00,0xcc,0x38,0xce,0x00,0x00,0x00,0x41,0x8a,0x00,0x00,0x00,
0x24,0x00,0x00,0x42,0xbb,0x05,0x00,0x00,0xcc,0xe4,0x11,0xcc,0x21,0x01,0x00,0x42,
0x89,0x05,0x00,0x00,0xcc,0xd7,0x40,0x27,0x01,0x00,0x00,0x42,0xea,0x03,0x00,0x00,
0xcc,0xd7,0x40,0xa9,0x05,0x00,0x00,0x11,0xf1,0x04,0x0e,0xc5,0x00,0x42,0xbc,0x05,
0x00,0x00,0xcc,0xd7,0x40,0x61,0x02,0x00,0x00,0x11,0xf1,0x04,0x0e,0xc5,0x01,0x42,
0xbd,0x05,0x00,0x00,0xcc,0xd7,0x40,0xde,0x01,0x00,0x00,0x11,0xf1,0x04,0x0e,0xc5,
0x02,0x42,0xe1,0x01,0x00,0x00,0xcc,0x40,0xea,0x03,0x00,0x00,0xf0,0x23,0xcc,0x41,
0xea,0x03,0x00,0x00,0xcc,0x40,0x89,0x05,0x00,0x00,0x24,0x01,0x00,0xd3,0xf0,0x11,
0xcb,0x40,0x89,0x00,0x00,0x00,0xfb,0xf0,0x08,0xcc,0xcb,0x42,0xba,0x05,0x00,0x00,
0xcc,0x38,0xce,0x00,0x00,0x00,0x11,0xc5,0x03,0x41,0xd5,0x01,0x00,0x00,0xcc,0x24,
0x01,0x00,0x21,0x01,0x00,0x42,0xb2,0x05,0x00,0x00,0x29,0xb4,0x04,0xaf,0x27,0x07,
0x2e,0x4e,0x04,0x26,0x00,0x3a,0x00,0x26,0x00,0x26,0x00,0x26,0x00,0x26,0x00,0x39,
0x3a,0x2b,0x39,0x39,0x36,0x2b,0x35,0x07,0x2e,0x3a,0x2d,0x3f,0x00,0x5f,0x00,0x5f,
0x00,0x00,0x20,0x08,0x36,0x5d,0x18,0x12,0x45,0x28,0x07,0x07,0x34,0x46,0x25,0x00,
0x0c,0x42,0x0b,0x01,0x00,0x00,0x01,0x00,0x02,0x00,0x00,0x00,0x0b,0x01,0x10,0x00,
0x01,0x00,0x08,0xcf,0xcb,0x40,0xb6,0x05,0x00,0x00,0x07,0xae,0x28,0xb4,0x04,0xce,
0x27,0x0b,0x02,0x2b,0x2c,0x00,0x0c,0x42,0x0b,0x01,0x00,0x00,0x02,0x00,0x03,0x00,
0x01,0x00,0x29,0x02,0xc6,0x16,0x00,0x00,0x00,0x10,0x00,0x01,0x00,0xb6,0x15,0x18,
0x00,0x08,0xd0,0xcc,0x40,0xb6,0x05,0x00,0x00,0xf0,0x10,0x38,0xda,0x00,0x00,0x00,
0x11,0x04,0xbe,0x05,0x00,0x00,0x21,0x01,0x00,0x30,0xe3,0x11,0xcc,0x21,0x01,0x00,
0xcf,0xcc,0xcb,0x42,0xb6,0x05,0x00,0x00,0xcb,0x28,0xb4,0x04,0xd1,0x27,0x07,0x06,
0x36,0x1c,0x4f,0x0a,0x26,0x21,0x00,0x0c,0x42,0x0b,0x01,0x00,0x01,0x04,0x01,0x05,
0x02,0x00,0x02,0x84,0x01,0x05,0xd2,0x0a,0x00,0x01,0x40,0x01,0xba,0x07,0x00,0x00,
0x40,0x00,0xfe,0x16,0x00,0x01,0x00,0xd0,0x05,0x00,0x02,0x00,0x10,0x00,0x01,0x00,
0x0c,0x43,0x0a,0x01,0x00,0x00,0x02,0x00,0x05,0x00,0x02,0x00,0x85,0x01,0x02,0xe6,
0x05,0x00,0x00,0x00,0xb0,0x04,0x06,0x00,0x03,0xba,0x07,0x00,0x00,0xd2,0x0a,0x00,
0x01,0xe3,0x40,0x66,0x05,0x00,0x00,0x04,0x6b,0x05,0x00,0x00,0xad,0xf0,0x08,0xe3,
0x40,0x6c,0x05,0x00,0x00,0x30,0xe3,0x40,0x66,0x05,0x00,0x00,0x04,0x45,0x05,0x00,
0x00,0xad,0xf0,0x10,0x38,0xda,0x00,0x00,0x00,0x11,0x04,0xc0,0x05,0x00,0x00,0x21,
0x01,0x00,0x30,0x6b,0x3b,0x00,0x00,0x00,0xe3,0x41,0xbc,0x05,0x00,0x00,0xe4,0xe3,
0x40,0x89,0x05,0x00,0x00,0x24,0x02,0x00,0xd3,0x95,0x11,0xf1,0x0f,0x0e,0xcb,0x40,
0x89,0x00,0x00,0x00,0x96,0x04,0x1b,0x00,0x00,0x00,0xae,0xf0,0x10,0x38,0xce,0x00,
0x00,0x00,0x41,0x8a,0x00,0x00,0x00,0xcb,0x24,0x01,0x00,0xcf,0xcb,0x6e,0x28,0xd0,
0x6b,0x14,0x00,0x00,0x00,0x38,0xce,0x00,0x00,0x00,0x41,0x8b,0x00,0x00,0x00,0xcc,
0x24,0x01,0x00,0x6e,0x28,0x30,0xb4,0x04,0xde,0x27,0x20,0x12,0x21,0x01,0x2a,0x22,
0x44,0x21,0x2a,0x28,0x86,0x23,0x71,0x10,0x2f,0x18,0x34,0x28,0x7d,0x4b,0x00,0x0c,
0x43,0x0a,0x01,0x00,0x00,0x00,0x00,0x00,0x00,0x00,0x00,0x01,0x00,0x29,0xb4,0x04,
0xe9,0x27,0x29,0x00,0x00,0x08,0xd2,0xce,0x40,0x66,0x05,0x00,0x00,0x04,0x6b,0x05,
0x00,0x00,0xad,0xf0,0x14,0x38,0xce,0x00,0x00,0x00,0x41,0x8b,0x00,0x00,0x00,0xce,
0x40,0x6c,0x05,0x00,0x00,0x25,0x01,0x00,0xce,0x40,0x66,0x05,0x00,0x00,0x04,0x45,
0x05,0x00,0x00,0xad,0xf0,0x1c,0x38,0xce,0x00,0x00,0x00,0x41,0x8b,0x00,0x00,0x00,
0x38,0xda,0x00,0x00,0x00,0x11,0x04,0xc0,0x05,0x00,0x00,0x21,0x01,0x00,0x25,0x01,
0x00,0xce,0xcf,0xce,0x40,0xbb,0x05,0x00,0x00,0x11,0xf1,0x0f,0x0e,0x38,0xce,0x00,
0x00,0x00,0x41,0x8a,0x00,0x00,0x00,0x24,0x00,0x00,0xd4,0x41,0x89,0x00,0x00,0x00,
0xc5,0x00,0x24,0x01,0x00,0xd1,0xce,0xcd,0x41,0x19,0x00,0x00,0x00,0xc5,0x01,0x24,
0x01,0x00,0x42,0xbb,0x05,0x00,0x00,0xcd,0x28,0xb4,0x04,0xd9,0x27,0x07,0x12,0x2b,
0x2c,0x5c,0x42,0x4e,0x41,0x5c,0x48,0xc7,0x21,0x30,0x1f,0x00,0x06,0x16,0x2d,0x25,
0x40,0x00,0x0c,0x42,0x0b,0x01,0x00,0x00,0x04,0x00,0x05,0x01,0x00,0x02,0x63,0x04,
0xba,0x07,0x00,0x00,0x40,0x00,0xfe,0x16,0x00,0x01,0x00,0xd0,0x05,0x00,0x02,0x00,
0x10,0x00,0x01,0x00,0x0c,0x43,0x0a,0x01,0x00,0x00,0x02,0x00,0x04,0x00,0x01,0x01,
0x7d,0x02,0xe6,0x05,0x00,0x00,0x00,0xb0,0x04,0x05,0x00,0x03,0xba,0x07,0x00,0x00,
0x0c,0x43,0x0a,0x01,0x00,0x00,0x00,0x00,0x02,0x00,0x01,0x00,0x0a,0x00,0xba,0x07,
0x00,0x02,0xe3,0x41,0x6d,0x05,0x00,0x00,0x24,0x00,0x00,0x29,0xb4,0x04,0x80,0x28,
0x19,0x04,0x03,0x17,0x20,0x0a,0x00,0xe3,0x40,0x66,0x05,0x00,0x00,0x04,0x42,0x00,
0x00,0x00,0xae,0xf0,0x10,0x38,0xda,0x00,0x00,0x00,0x11,0x04,0xc1,0x05,0x00,0x00,
0x21,0x01,0x00,0x30,0xe3,0x04,0x45,0x05,0x00,0x00,0x42,0x66,0x05,0x00,0x00,0x6b,
0x11,0x00,0x00,0x00,0xe3,0x41,0xbd,0x05,0x00,0x00,0x24,0x00,0x00,0xcf,0x0e,0xf2,
0x15,0xd0,0x6b,0x11,0x00,0x00,0x00,0xe3,0x41,0x6e,0x05,0x00,0x00,0xcc,0x24,0x01,
0x00,0x0e,0xcc,0x30,0x30,0xcb,0x95,0x11,0xf1,0x0f,0x0e,0xcb,0x40,0x89,0x00,0x00,
0x00,0x96,0x04,0x1b,0x00,0x00,0x00,0xae,0xf0,0x10,0x38,0xce,0x00,0x00,0x00,0x41,
0x8a,0x00,0x00,0x00,0xcb,0x24,0x01,0x00,0xcf,0xcb,0x41,0x89,0x00,0x00,0x00,0xc5,
0x00,0x25,0x01,0x00,0xb4,0x04,0xf3,0x27,0x20,0x18,0x21,0x01,0x2b,0x0f,0x4f,0x17,
0x55,0x04,0x20,0x12,0x45,0x11,0x20,0x26,0x1c,0x19,0x4f,0x28,0x2f,0x18,0x34,0x28,
0x3a,0x5b,0x00,0x0c,0x43,0x0a,0x01,0x00,0x00,0x00,0x00,0x00,0x00,0x00,0x00,0x01,
0x00,0x29,0xb4,0x04,0x84,0x28,0x29,0x00,0x00,0x08,0xd2,0xce,0x40,0x66,0x05,0x00,
0x00,0x04,0x42,0x00,0x00,0x00,0xae,0xf0,0x1c,0x38,0xce,0x00,0x00,0x00,0x41,0x8b,
0x00,0x00,0x00,0x38,0xda,0x00,0x00,0x00,0x11,0x04,0xc1,0x05,0x00,0x00,0x21,0x01,
0x00,0x25,0x01,0x00,0xce,0xcf,0xce,0x40,0xbb,0x05,0x00,0x00,0x11,0xf1,0x0f,0x0e,
0x38,0xce,0x00,0x00,0x00,0x41,0x8a,0x00,0x00,0x00,0x24,0x00,0x00,0xd4,0x41,0x89,
0x00,0x00,0x00,0xc5,0x00,0x24,0x01,0x00,0xd1,0xce,0xcd,0x41,0x19,0x00,0x00,0x00,
0xc5,0x01,0x24,0x01,0x00,0x42,0xbb,0x05,0x00,0x00,0xcd,0x28,0xb4,0x04,0xed,0x27,
0x07,0x0e,0x2b,0x2c,0x5d,0x10,0xc8,0x16,0x30,0x1f,0x00,0x06,0x22,0x2d,0x25,0x40,
0x00,0x0c,0x42,0x0b,0x01,0x00,0x01,0x04,0x01,0x04,0x02,0x00,0x01,0x78,0x05,0xa8,
0x02,0x00,0x01,0x40,0x01,0xba,0x07,0x00,0x00,0x40,0x00,0xd0,0x05,0x00,0x01,0x00,
0xb0,0x04,0x05,0x00,0x03,0x10,0x00,0x01,0x00,0x0c,0x43,0x0a,0x01,0x00,0x00,0x00,
0x00,0x03,0x00,0x02,0x00,0x0b,0x00,0xba,0x07,0x00,0x00,0xa8,0x02,0x00,0x01,0xe3,
0x41,0x6e,0x05,0x00,0x00,0xe4,0x24,0x01,0x00,0x29,0xb4,0x04,0x91,0x28,0x1e,0x04,
0x03,0x21,0x20,0x26,0x00,0x08,0xd2,0xce,0x04,0x6b,0x05,0x00,0x00,0x42,0x66,0x05,
0x00,0x00,0xce,0xd7,0x42,0x6c,0x05,0x00,0x00,0xce,0xcf,0x6b,0x3f,0x00,0x00,0x00,
0xcb,0x41,0xe1,0x01,0x00,0x00,0xd7,0x24,0x01,0x00,0xd4,0x95,0x11,0xf1,0x0f,0x0e,
0xcc,0x40,0x89,0x00,0x00,0x00,0x96,0x04,0x1b,0x00,0x00,0x00,0xae,0xf0,0x10,0x38,
0xce,0x00,0x00,0x00,0x41,0x8a,0x00,0x00,0x00,0xcc,0x24,0x01,0x00,0xd0,0xcc,0x41,
0x89,0x00,0x00,0x00,0xc5,0x00,0x24,0x01,0x00,0x6e,0x28,0xd1,0x6b,0x1f,0x00,0x00,
0x00,0xcb,0x41,0x6e,0x05,0x00,0x00,0xcd,0x24,0x01,0x00,0x0e,0x38,0xce,0x00,0x00,
0x00,0x41,0x8b,0x00,0x00,0x00,0xcd,0x24,0x01,0x00,0x6e,0x28,0x30,0xb4,0x04,0x88,
0x28,0x07,0x16,0x0d,0x04,0x3a,0x00,0x69,0x36,0x53,0x1a,0x30,0x47,0x34,0x32,0x3b,
0x0f,0x00,0x0d,0x08,0x25,0x20,0x26,0x4e,0x06,0x00,0x0c,0x42,0x0b,0x01,0x00,0x01,
0x01,0x01,0x03,0x00,0x00,0x00,0x2e,0x02,0xb0,0x04,0x00,0x01,0x00,0x10,0x00,0x01,
0x00,0x08,0xcf,0xcb,0x40,0x66,0x05,0x00,0x00,0x04,0x42,0x00,0x00,0x00,0xae,0xf0,
0x02,0x29,0xcb,0x04,0x6b,0x05,0x00,0x00,0x42,0x66,0x05,0x00,0x00,0xcb,0xd7,0x42,
0x6c,0x05,0x00,0x00,0xcb,0x41,0x6e,0x05,0x00,0x00,0xd7,0x24,0x01,0x00,0x29,0xb4,
0x04,0x99,0x28,0x07,0x0a,0x2b,0x2c,0x30,0x27,0x3a,0x00,0x26,0x00,0x20,0x26,0x00,
0x0c,0x42,0x0b,0x01,0x00,0x00,0x01,0x00,0x02,0x00,0x01,0x00,0x17,0x01,0x10,0x00,
0x01,0x00,0xfe,0x01,0x1d,0x18,0x08,0xcf,0x2b,0x64,0x00,0x00,0x11,0xf0,0x06,0xcb,
0x1b,0x24,0x00,0x00,0x0e,0xcb,0x07,0x42,0xc2,0x05,0x00,0x00,0x29,0xb4,0x04,0xa1,
0x28,0x07,0x02,0x4e,0x04,0x00,0x0c,0x42,0x0b,0x01,0x00,0x00,0x01,0x00,0x01,0x00,
0x00,0x00,0x18,0x01,0x10,0x00,0x01,0x00,0x08,0xcf,0xcb,0x40,0xc2,0x05,0x00,0x00,
0xf0,0x0d,0xcb,0x40,0xc2,0x05,0x00,0x00,0x40,0x9d,0x05,0x00,0x00,0x28,0xba,0x28,
0xb4,0x04,0xa4,0x28,0x0b,0x00,0x00,0x0c,0x42,0x0b,0x01,0x00,0x01,0x01,0x01,0x03,
0x00,0x00,0x00,0x1b,0x02,0xd2,0x0a,0x00,0x01,0x00,0x10,0x00,0x01,0x00,0x08,0xcf,
0xcb,0x40,0xc2,0x05,0x00,0x00,0xf0,0x11,0xcb,0x40,0xc2,0x05,0x00,0x00,0x41,0xde,
0x02,0x00,0x00,0xd7,0x24,0x01,0x00,0x0e,0x29,0xb4,0x04,0xa7,0x28,0x07,0x04,0x35,
0x40,0x39,0x42,0x00,0x0c,0x42,0x0b,0x01,0x00,0x01,0x01,0x01,0x03,0x00,0x00,0x00,
0x1b,0x02,0xa8,0x02,0x00,0x01,0x00,0x10,0x00,0x01,0x00,0x08,0xcf,0xcb,0x40,0xc2,
0x05,0x00,0x00,0xf0,0x11,0xcb,0x40,0xc2,0x05,0x00,0x00,0x41,0x37,0x00,0x00,0x00,
0xd7,0x24,0x01,0x00,0x0e,0x29,0xb4,0x04,0xaa,0x28,0x07,0x04,0x35,0x40,0x39,0x3e,
0x00,0x0c,0x42,0x0b,0x01,0x00,0x00,0x01,0x00,0x02,0x00,0x00,0x00,0x1a,0x01,0x10,
0x00,0x01,0x00,0x08,0xcf,0xcb,0x40,0xc2,0x05,0x00,0x00,0xf0,0x10,0xcb,0x40,0xc2,
0x05,0x00,0x00,0x41,0x61,0x02,0x00,0x00,0x24,0x00,0x00,0x0e,0x29,0xb4,0x04,0xad,
0x28,0x07,0x04,0x35,0x40,0x39,0x32,0x00,0x0c,0x42,0x0b,0x01,0x00,0x01,0x04,0x01,
0x05,0x03,0x04,0x06,0x85,0x01,0x05,0x86,0x17,0x00,0x01,0x40,0x02,0xba,0x07,0x00,
0x00,0x00,0x88,0x17,0x00,0x01,0x40,0x00,0x8a,0x17,0x00,0x02,0x40,0x01,0x10,0x00,
0x01,0x00,0xfe,0x01,0x20,0x18,0xba,0x15,0x1e,0x10,0xb2,0x15,0x15,0x10,0xb8,0x15,
0x1b,0x10,0x0c,0x43,0x0a,0x01,0x00,0x01,0x00,0x01,0x02,0x00,0x02,0x00,0x0a,0x01,
0xb2,0x08,0x00,0x01,0x00,0x88,0x17,0x01,0x00,0x8a,0x17,0x02,0x00,0xd7,0xe7,0xe4,
0xd7,0x42,0xc2,0x05,0x00,0x00,0x29,0xb4,0x04,0xb8,0x28,0x12,0x04,0x03,0x09,0x0d,
0x00,0x00,0x0c,0x43,0x0a,0x01,0x00,0x00,0x00,0x00,0x00,0x00,0x00,0x00,0x01,0x00,
0x29,0xb4,0x04,0xbc,0x28,0x11,0x00,0x00,0x0c,0x43,0x0a,0x01,0x00,0x00,0x00,0x00,
0x00,0x00,0x00,0x00,0x01,0x00,0x29,0xb4,0x04,0xbe,0x28,0x13,0x00,0x00,0x0c,0x43,
0x0a,0x01,0x00,0x01,0x00,0x01,0x04,0x00,0x02,0x00,0x2b,0x01,0xd2,0x0a,0x00,0x01,
0x00,0x86,0x17,0x00,0x01,0x8a,0x17,0x02,0x00,0xe3,0x40,0xab,0x05,0x00,0x00,0xf0,
0x0c,0xe3,0x41,0xab,0x05,0x00,0x00,0xd7,0xe4,0x25,0x02,0x00,0xe4,0x41,0xde,0x02,
0x00,0x00,0xd7,0x24,0x01,0x00,0x0e,0x38,0xce,0x00,0x00,0x00,0x41,0x8a,0x00,0x00,
0x00,0x25,0x00,0x00,0xb4,0x04,0xc2,0x28,0x12,0x08,0x4a,0x34,0x1d,0x3d,0x20,0x2a,
0x4e,0x0b,0x00,0x0c,0x43,0x0a,0x01,0x00,0x00,0x01,0x00,0x03,0x00,0x02,0x01,0x42,
0x01,0x92,0x0c,0x00,0x00,0x00,0x8a,0x17,0x02,0x00,0x86,0x17,0x00,0x01,0x0c,0x43,
0x0a,0x01,0x00,0x00,0x00,0x00,0x02,0x00,0x01,0x00,0x0a,0x00,0x8a,0x17,0x00,0x02,
0xe3,0x41,0xc6,0x05,0x00,0x00,0x24,0x00,0x00,0x29,0xb4,0x04,0xcc,0x28,0x30,0x04,
0x03,0x3d,0x20,0x1a,0x00,0xe4,0x40,0xc7,0x05,0x00,0x00,0xf0,0x24,0xe4,0x41,0xc7,
0x05,0x00,0x00,0xe3,0x24,0x01,0x00,0xcf,0x38,0xce,0x00,0x00,0x00,0x41,0x8a,0x00,
0x00,0x00,0xcb,0x24,0x01,0x00,0x41,0x89,0x00,0x00,0x00,0xc5,0x00,0x25,0x01,0x00,
0xe3,0x41,0xc6,0x05,0x00,0x00,0x24,0x00,0x00,0x0e,0x38,0xce,0x00,0x00,0x00,0x41,
0x8a,0x00,0x00,0x00,0x25,0x00,0x00,0xb4,0x04,0xc9,0x28,0x12,0x0e,0x4a,0x32,0x4e,
0x09,0x2f,0x14,0x00,0x05,0x08,0x45,0x20,0x1a,0x49,0x04,0x00,0x0c,0x43,0x0a,0x01,
0x00,0x01,0x00,0x01,0x03,0x00,0x01,0x00,0x18,0x01,0xa8,0x02,0x00,0x01,0x00,0x8a,
0x17,0x02,0x00,0xe3,0x41,0x37,0x00,0x00,0x00,0xd7,0x24,0x01,0x00,0x0e,0x38,0xce,
0x00,0x00,0x00,0x41,0x8a,0x00,0x00,0x00,0x25,0x00,0x00,0xb4,0x04,0xd3,0x28,0x12,
0x06,0x03,0x09,0x20,0x26,0x4e,0x07,0x00,0x08,0xd2,0x2b,0x64,0x00,0x00,0x11,0xf0,
0x06,0xce,0x1b,0x24,0x00,0x00,0x0e,0xd7,0x11,0xf1,0x03,0x0e,0x0b,0xdb,0xce,0xcf,
0x64,0x01,0x00,0x11,0x21,0x00,0x00,0xd1,0xcb,0x64,0x02,0x00,0x11,0x0b,0xc5,0x00,
0x4c,0x27,0x01,0x00,0x00,0x4b,0x27,0x01,0x00,0x00,0xc5,0x01,0x4c,0x8b,0x05,0x00,
0x00,0x4b,0x8b,0x05,0x00,0x00,0xc5,0x02,0x4c,0x1f,0x03,0x00,0x00,0x4b,0x1f,0x03,
0x00,0x00,0x21,0x01,0x00,0x42,0xc8,0x05,0x00,0x00,0xcb,0x64,0x03,0x00,0x11,0x0b,
0xc5,0x03,0x4c,0xa9,0x05,0x00,0x00,0x4b,0xa9,0x05,0x00,0x00,0xc5,0x04,0x4c,0x61,
0x02,0x00,0x00,0x4b,0x61,0x02,0x00,0x00,0xc5,0x05,0x4c,0xde,0x01,0x00,0x00,0x4b,
0xde,0x01,0x00,0x00,0x21,0x01,0x00,0x42,0xc9,0x05,0x00,0x00,0x29,0xb4,0x04,0xb2,
0x28,0x07,0x0e,0x4e,0x04,0x32,0x2e,0x2b,0x2d,0x07,0x2a,0x00,0x31,0x14,0x29,0x07,
0x2a,0x00,0x0c,0x42,0x0b,0x01,0x00,0x00,0x01,0x00,0x01,0x00,0x00,0x00,0x09,0x01,
0x10,0x00,0x01,0x00,0x08,0xcf,0xcb,0x40,0xc8,0x05,0x00,0x00,0x28,0xb4,0x04,0xd9,
0x28,0x0b,0x00,0x00,0x0c,0x42,0x0b,0x01,0x00,0x00,0x01,0x00,0x01,0x00,0x00,0x00,
0x09,0x01,0x10,0x00,0x01,0x00,0x08,0xcf,0xcb,0x40,0xc9,0x05,0x00,0x00,0x28,0xb4,
0x04,0xdc,0x28,0x0b,0x00,0x00,0x0c,0x42,0x0b,0x01,0x00,0x01,0x03,0x01,0x05,0x02,
0x04,0x04,0x9e,0x01,0x04,0x94,0x17,0x00,0x01,0x00,0xba,0x07,0x00,0x00,0x40,0x01,
0xca,0x0a,0x00,0x01,0x40,0x00,0x10,0x00,0x01,0x00,0xa2,0x04,0x00,0x01,0xfe,0x01,
0x23,0x18,0xb2,0x15,0x15,0x10,0xb8,0x15,0x1b,0x10,0x0c,0x43,0x0a,0x01,0x00,0x00,
0x00,0x00,0x00,0x00,0x00,0x00,0x01,0x00,0x29,0xb4,0x04,0xe9,0x28,0x12,0x00,0x00,
0x0c,0x43,0x0a,0x01,0x00,0x00,0x00,0x00,0x00,0x00,0x00,0x00,0x01,0x00,0x29,0xb4,
0x04,0xeb,0x28,0x11,0x00,0x00,0x0c,0x43,0x0a,0x01,0x00,0x01,0x00,0x01,0x03,0x00,
0x01,0x00,0x18,0x01,0xd2,0x0a,0x00,0x01,0x00,0xca,0x0a,0x01,0x00,0xe3,0x41,0x52,
0x01,0x00,0x00,0xd7,0x24,0x01,0x00,0x0e,0x38,0xce,0x00,0x00,0x00,0x41,0x8a,0x00,
0x00,0x00,0x25,0x00,0x00,0xb4,0x04,0xf0,0x28,0x12,0x06,0x03,0x09,0x20,0x18,0x4e,
0x06,0x00,0x0c,0x43,0x0a,0x01,0x00,0x00,0x07,0x00,0x05,0x00,0x03,0x00,0x9a,0x02,
0x07,0xc4,0x0b,0x00,0x00,0x00,0xcc,0x05,0x00,0x01,0x00,0xc6,0x0b,0x00,0x02,0x00,
0xc8,0x0b,0x00,0x03,0x00,0xb2,0x08,0x00,0x04,0x00,0x96,0x17,0x00,0x05,0x00,0xb0,
0x04,0x09,0x00,0x03,0xca,0x0a,0x01,0x00,0xa2,0x04,0x00,0x02,0xba,0x07,0x00,0x00,
0xba,0xcf,0xba,0xd0,0xcc,0xe3,0xef,0xa5,0xf0,0x1d,0xcb,0xe3,0xcc,0x46,0xef,0x11,
0xf1,0x0f,0x0e,0xe3,0xcc,0x46,0x40,0xcf,0x02,0x00,0x00,0x11,0xf1,0x03,0x0e,0xba,
0x9c,0xcf,0x92,0x01,0xf2,0xdf,0x38,0xb1,0x00,0x00,0x00,0x11,0xcb,0x21,0x01,0x00,
0xd1,0xba,0xd2,0xba,0xd0,0xcc,0xe3,0xef,0xa5,0xf0,0x36,0xe3,0xcc,0x46,0x38,0xb1,
0x00,0x00,0x00,0xa9,0xf0,0x06,0xe3,0xcc,0x46,0xf2,0x0d,0x38,0xb1,0x00,0x00,0x00,
0x11,0xe3,0xcc,0x46,0x21,0x01,0x00,0xc8,0x04,0xcd,0x41,0x46,0x00,0x00,0x00,0xc7,
0x04,0xce,0x24,0x02,0x00,0x0e,0xce,0xc7,0x04,0xef,0x9c,0xd2,0x92,0x01,0xf2,0xc6,
0xe4,0x40,0xcc,0x05,0x00,0x00,0xfb,0xf1,0x30,0xe5,0x40,0xc8,0x05,0x00,0x00,0x40,
0x89,0x05,0x00,0x00,0x41,0x37,0x00,0x00,0x00,0x38,0xda,0x00,0x00,0x00,0x11,0x04,
0xcd,0x05,0x00,0x00,0x21,0x01,0x00,0x24,0x01,0x00,0x0e,0x38,0xce,0x00,0x00,0x00,
0x41,0x8a,0x00,0x00,0x00,0x25,0x00,0x00,0x6b,0x43,0x00,0x00,0x00,0xe4,0x41,0xcc,
0x05,0x00,0x00,0xcd,0xe5,0x40,0xce,0x05,0x00,0x00,0x24,0x02,0x00,0xc8,0x05,0xe5,
0x40,0xc8,0x05,0x00,0x00,0x40,0x89,0x05,0x00,0x00,0x41,0xde,0x02,0x00,0x00,0xc7,
0x05,0x24,0x01,0x00,0x0e,0xe5,0x40,0xc8,0x05,0x00,0x00,0x40,0x89,0x05,0x00,0x00,
0x41,0x61,0x02,0x00,0x00,0x24,0x00,0x00,0x0e,0x0e,0xf2,0x22,0xc8,0x06,0x6b,0x1d,
0x00,0x00,0x00,0xe5,0x40,0xc8,0x05,0x00,0x00,0x40,0x89,0x05,0x00,0x00,0x41,0x37,
0x00,0x00,0x00,0xc7,0x06,0x24,0x01,0x00,0x0e,0x0e,0xf2,0x02,0x30,0x38,0xce,0x00,
0x00,0x00,0x41,0x8a,0x00,0x00,0x00,0x25,0x00,0x00,0xb4,0x04,0xf4,0x28,0x12,0x2a,
0x1d,0x1e,0x1c,0x23,0x90,0x22,0x54,0x02,0x2b,0x16,0x43,0x3a,0x49,0x73,0x20,0x1a,
0x26,0x19,0x54,0x42,0x12,0x41,0x52,0x4a,0x8f,0x2b,0x4b,0x2c,0x3f,0x49,0x52,0x46,
0x21,0x45,0x52,0x36,0x4a,0x35,0x52,0x42,0x68,0x27,0x00,0x08,0xd1,0x2b,0x64,0x01,
0x00,0x11,0xf0,0x06,0xcd,0x1b,0x24,0x00,0x00,0x0e,0xd7,0x11,0xf1,0x07,0x0e,0x04,
0xcf,0x05,0x00,0x00,0xdf,0x04,0xcf,0x05,0x00,0x00,0xae,0xf0,0x24,0xd7,0x04,0xd0,
0x05,0x00,0x00,0xae,0xf0,0x1b,0xd7,0x04,0xd1,0x05,0x00,0x00,0xae,0xf0,0x12,0x38,
0xa0,0x00,0x00,0x00,0x11,0x04,0xd2,0x05,0x00,0x00,0xd7,0x9c,0x21,0x01,0x00,0x30,
0xcd,0xd7,0x42,0xce,0x05,0x00,0x00,0xcd,0xd3,0x64,0x02,0x00,0x11,0x0b,0xc5,0x00,
0x4c,0x27,0x01,0x00,0x00,0x4b,0x27,0x01,0x00,0x00,0xc5,0x01,0x4c,0x8b,0x05,0x00,
0x00,0x4b,0x8b,0x05,0x00,0x00,0x21,0x01,0x00,0x42,0xc8,0x05,0x00,0x00,0x26,0x00,
0x00,0xd0,0xcb,0x64,0x03,0x00,0x11,0x0b,0xc5,0x02,0x4c,0xa9,0x05,0x00,0x00,0x4b,
0xa9,0x05,0x00,0x00,0xc5,0x03,0x4c,0x61,0x02,0x00,0x00,0x4b,0x61,0x02,0x00,0x00,
0x21,0x01,0x00,0x42,0xc9,0x05,0x00,0x00,0x29,0xb4,0x04,0xe1,0x28,0x07,0x18,0x4e,
0x04,0x3a,0x1e,0x2f,0x2a,0x2f,0x30,0x2b,0x5f,0x39,0x64,0x22,0x7b,0x2c,0x00,0x07,
0x2a,0x00,0x29,0x0e,0x29,0x07,0x2a,0x00,0x0c,0x42,0x0b,0x01,0x00,0x00,0x01,0x00,
0x01,0x00,0x00,0x00,0x09,0x01,0x10,0x00,0x01,0x00,0x08,0xcf,0xcb,0x40,0xc8,0x05,
0x00,0x00,0x28,0xb4,0x04,0x8f,0x29,0x0b,0x00,0x00,0x0c,0x42,0x0b,0x01,0x00,0x00,
0x01,0x00,0x01,0x00,0x00,0x00,0x09,0x01,0x10,0x00,0x01,0x00,0x08,0xcf,0xcb,0x40,
0xc9,0x05,0x00,0x00,0x28,0xb4,0x04,0x92,0x29,0x0b,0x00,0x00,0x0c,0x42,0x0b,0x01,
0x00,0x01,0x03,0x01,0x05,0x02,0x04,0x04,0x9f,0x01,0x04,0x94,0x17,0x00,0x01,0x00,
0xba,0x07,0x00,0x00,0x40,0x01,0xca,0x0a,0x00,0x01,0x40,0x00,0x10,0x00,0x01,0x00,
0xa2,0x04,0x00,0x01,0xfe,0x01,0x26,0x18,0xb2,0x15,0x15,0x10,0xb8,0x15,0x1b,0x10,
0x0c,0x43,0x0a,0x01,0x00,0x00,0x00,0x00,0x00,0x00,0x00,0x00,0x01,0x00,0x29,0xb4,
0x04,0xa0,0x29,0x12,0x00,0x00,0x0c,0x43,0x0a,0x01,0x00,0x00,0x00,0x00,0x00,0x00,
0x00,0x00,0x01,0x00,0x29,0xb4,0x04,0xa2,0x29,0x11,0x00,0x00,0x0c,0x43,0x0a,0x01,
0x00,0x01,0x00,0x01,0x03,0x00,0x01,0x00,0x18,0x01,0xd2,0x0a,0x00,0x01,0x00,0xca,
0x0a,0x01,0x00,0xe3,0x41,0x52,0x01,0x00,0x00,0xd7,0x24,0x01,0x00,0x0e,0x38,0xce,
0x00,0x00,0x00,0x41,0x8a,0x00,0x00,0x00,0x25,0x00,0x00,0xb4,0x04,0xa6,0x29,0x12,
0x06,0x03,0x09,0x20,0x18,0x4e,0x06,0x00,0x0c,0x43,0x0a,0x01,0x00,0x00,0x07,0x00,
0x05,0x00,0x03,0x00,0x9a,0x02,0x07,0xc4,0x0b,0x00,0x00,0x00,0xcc,0x05,0x00,0x01,
0x00,0xc6,0x0b,0x00,0x02,0x00,0xc8,0x0b,0x00,0x03,0x00,0xb2,0x08,0x00,0x04,0x00,
0xa6,0x17,0x00,0x05,0x00,0xb0,0x04,0x09,0x00,0x03,0xca,0x0a,0x01,0x00,0xa2,0x04,
0x00,0x02,0xba,0x07,0x00,0x00,0xba,0xcf,0xba,0xd0,0xcc,0xe3,0xef,0xa5,0xf0,0x1d,
0xcb,0xe3,0xcc,0x46,0xef,0x11,0xf1,0x0f,0x0e,0xe3,0xcc,0x46,0x40,0xcf,0x02,0x00,
0x00,0x11,0xf1,0x03,0x0e,0xba,0x9c,0xcf,0x92,0x01,0xf2,0xdf,0x38,0xb1,0x00,0x00,
0x00,0x11,0xcb,0x21,0x01,0x00,0xd1,0xba,0xd2,0xba,0xd0,0xcc,0xe3,0xef,0xa5,0xf0,
0x36,0xe3,0xcc,0x46,0x38,0xb1,0x00,0x00,0x00,0xa9,0xf0,0x06,0xe3,0xcc,0x46,0xf2,
0x0d,0x38,0xb1,0x00,0x00,0x00,0x11,0xe3,0xcc,0x46,0x21,0x01,0x00,0xc8,0x04,0xcd,
0x41,0x46,0x00,0x00,0x00,0xc7,0x04,0xce,0x24,0x02,0x00,0x0e,0xce,0xc7,0x04,0xef,
0x9c,0xd2,0x92,0x01,0xf2,0xc6,0xe4,0x40,0xd4,0x05,0x00,0x00,0xfb,0xf1,0x30,0xe5,
0x40,0xc8,0x05,0x00,0x00,0x40,0x89,0x05,0x00,0x00,0x41,0x37,0x00,0x00,0x00,0x38,
0xda,0x00,0x00,0x00,0x11,0x04,0xcd,0x05,0x00,0x00,0x21,0x01,0x00,0x24,0x01,0x00,
0x0e,0x38,0xce,0x00,0x00,0x00,0x41,0x8a,0x00,0x00,0x00,0x25,0x00,0x00,0x6b,0x43,
0x00,0x00,0x00,0xe4,0x41,0xd4,0x05,0x00,0x00,0xcd,0xe5,0x40,0xce,0x05,0x00,0x00,
0x24,0x02,0x00,0xc8,0x05,0xe5,0x40,0xc8,0x05,0x00,0x00,0x40,0x89,0x05,0x00,0x00,
0x41,0xde,0x02,0x00,0x00,0xc7,0x05,0x24,0x01,0x00,0x0e,0xe5,0x40,0xc8,0x05,0x00,
0x00,0x40,0x89,0x05,0x00,0x00,0x41,0x61,0x02,0x00,0x00,0x24,0x00,0x00,0x0e,0x0e,
0xf2,0x22,0xc8,0x06,0x6b,0x1d,0x00,0x00,0x00,0xe5,0x40,0xc8,0x05,0x00,0x00,0x40,
0x89,0x05,0x00,0x00,0x41,0x37,0x00,0x00,0x00,0xc7,0x06,0x24,0x01,0x00,0x0e,0x0e,
0xf2,0x02,0x30,0x38,0xce,0x00,0x00,0x00,0x41,0x8a,0x00,0x00,0x00,0x25,0x00,0x00,
0xb4,0x04,0xaa,0x29,0x12,0x2a,0x1d,0x1e,0x1c,0x23,0x90,0x22,0x54,0x02,0x2b,0x16,
0x43,0x3a,0x49,0x73,0x20,0x1a,0x26,0x19,0x54,0x46,0x12,0x45,0x52,0x4a,0x8f,0x2b,
0x4b,0x34,0x3f,0x51,0x52,0x46,0x21,0x45,0x52,0x36,0x4a,0x35,0x52,0x42,0x68,0x27,
0x00,0x08,0xd1,0x2b,0x64,0x01,0x00,0x11,0xf0,0x06,0xcd,0x1b,0x24,0x00,0x00,0x0e,
0xd7,0x11,0xf1,0x07,0x0e,0x04,0xcf,0x05,0x00,0x00,0xdf,0x04,0xcf,0x05,0x00,0x00,
0xae,0xf0,0x24,0xd7,0x04,0xd0,0x05,0x00,0x00,0xae,0xf0,0x1b,0xd7,0x04,0xd1,0x05,
0x00,0x00,0xae,0xf0,0x12,0x38,0xa0,0x00,0x00,0x00,0x11,0x04,0xd5,0x05,0x00,0x00,
0xd7,0x9c,0x21,0x01,0x00,0x30,0xcd,0xd7,0x42,0xce,0x05,0x00,0x00,0xcd,0xcf,0x26,
0x00,0x00,0xd0,0xcb,0x64,0x02,0x00,0x11,0x0b,0xc5,0x00,0x4c,0x27,0x01,0x00,0x00,
0x4b,0x27,0x01,0x00,0x00,0xc5,0x01,0x4c,0x8b,0x05,0x00,0x00,0x4b,0x8b,0x05,0x00,
0x00,0x21,0x01,0x00,0x42,0xc8,0x05,0x00,0x00,0xcb,0x64,0x03,0x00,0x11,0x0b,0xc5,
0x02,0x4c,0xa9,0x05,0x00,0x00,0x4b,0xa9,0x05,0x00,0x00,0xc5,0x03,0x4c,0x61,0x02,
0x00,0x00,0x4b,0x61,0x02,0x00,0x00,0x21,0x01,0x00,0x42,0xc9,0x05,0x00,0x00,0x29,
0xb4,0x04,0x97,0x29,0x07,0x18,0x4e,0x04,0x3a,0x1e,0x2f,0x2a,0x2f,0x30,0x2b,0x5f,
0x39,0x68,0x22,0x7f,0x46,0x00,0x07,0x2a,0x00,0x25,0x0c,0x29,0x07,0x2a,0x00,0x0c,
0x42,0x0b,0x01,0x00,0x00,0x01,0x00,0x01,0x00,0x00,0x00,0x09,0x01,0x10,0x00,0x01,
0x00,0x08,0xcf,0xcb,0x40,0xc8,0x05,0x00,0x00,0x28,0xb4,0x04,0xc5,0x29,0x0b,0x00,
0x00,0x0c,0x42,0x0b,0x01,0x00,0x00,0x01,0x00,0x01,0x00,0x00,0x00,0x09,0x01,0x10,
0x00,0x01,0x00,0x08,0xcf,0xcb,0x40,0xc9,0x05,0x00,0x00,0x28,0xb4,0x04,0xc8,0x29,
0x0b,0x00,0x00,0x0c,0x42,0x0b,0x01,0x00,0x01,0x01,0x01,0x03,0x00,0x01,0x00,0x2a,
0x02,0xc6,0x04,0x00,0x01,0x00,0x10,0x00,0x01,0x00,0xfe,0x01,0x29,0x18,0x08,0xcf,
0x2b,0x64,0x00,0x00,0x11,0xf0,0x06,0xcb,0x1b,0x24,0x00,0x00,0x0e,0xcb,0xd7,0x11,
0xaf,0xf0,0x05,0x0e,0x06,0xf2,0x06,0x40,0x87,0x05,0x00,0x00,0x11,0xaf,0xf0,0x03,
0x0e,0xbb,0x42,0xd6,0x05,0x00,0x00,0x29,0xb4,0x04,0xcd,0x29,0x07,0x02,0x4e,0x04,
0x00,0x0c,0x42,0x0b,0x01,0x00,0x00,0x01,0x00,0x01,0x00,0x00,0x00,0x09,0x01,0x10,
0x00,0x01,0x00,0x08,0xcf,0xcb,0x40,0xd6,0x05,0x00,0x00,0x28,0xb4,0x04,0xd0,0x29,
0x0b,0x00,0x00,0x0c,0x42,0x0b,0x01,0x00,0x01,0x00,0x01,0x02,0x00,0x00,0x00,0x15,
0x01,0xd2,0x0a,0x00,0x01,0x00,0xd7,0x11,0xaf,0xf0,0x05,0x0e,0x06,0xf2,0x06,0x40,
0xcf,0x02,0x00,0x00,0x11,0xaf,0xf0,0x03,0x0e,0xba,0x28,0xb4,0x04,0xd3,0x29,0x07,
0x00,0x00,0x0c,0x42,0x0b,0x01,0x00,0x01,0x01,0x01,0x03,0x00,0x01,0x00,0x2a,0x02,
0xc6,0x04,0x00,0x01,0x00,0x10,0x00,0x01,0x00,0xfe,0x01,0x2c,0x18,0x08,0xcf,0x2b,
0x64,0x00,0x00,0x11,0xf0,0x06,0xcb,0x1b,0x24,0x00,0x00,0x0e,0xcb,0xd7,0x11,0xaf,
0xf0,0x05,0x0e,0x06,0xf2,0x06,0x40,0x87,0x05,0x00,0x00,0x11,0xaf,0xf0,0x03,0x0e,
0xbb,0x42,0xd6,0x05,0x00,0x00,0x29,0xb4,0x04,0xd8,0x29,0x07,0x02,0x4e,0x04,0x00,
0x0c,0x42,0x0b,0x01,0x00,0x00,0x01,0x00,0x01,0x00,0x00,0x00,0x09,0x01,0x10,0x00,
0x01,0x00,0x08,0xcf,0xcb,0x40,0xd6,0x05,0x00,0x00,0x28,0xb4,0x04,0xdb,0x29,0x0b,
0x00,0x00,0x0c,0x42,0x0b,0x01,0x00,0x00,0x00,0x00,0x01,0x00,0x00,0x00,0x02,0x00,
0xbb,0x28,0xb4,0x04,0xde,0x29,0x07,0x00,0x00,0x0c,0x42,0x0b,0x01,0x00,0x00,0x02,
0x00,0x05,0x01,0x03,0x04,0x68,0x02,0xba,0x07,0x00,0x00,0x40,0x00,0x10,0x00,0x01,
0x00,0xfe,0x01,0x2f,0x18,0xb2,0x15,0x15,0x10,0xb8,0x15,0x1b,0x10,0x0c,0x43,0x0a,
0x01,0x00,0x00,0x00,0x00,0x00,0x00,0x00,0x00,0x01,0x00,0x29,0xb4,0x04,0xe7,0x29,
0x12,0x00,0x00,0x0c,0x43,0x0a,0x01,0x00,0x00,0x00,0x00,0x00,0x00,0x00,0x00,0x01,
0x00,0x29,0xb4,0x04,0xe9,0x29,0x11,0x00,0x00,0x0c,0x43,0x0a,0x01,0x00,0x01,0x01,
0x01,0x03,0x00,0x01,0x00,0x56,0x02,0xd2,0x0a,0x00,0x01,0x00,0xae,0x17,0x00,0x00,
0x00,0xba,0x07,0x00,0x00,0xd7,0x96,0x04,0x4c,0x00,0x00,0x00,0xad,0xf0,0x2b,0x38,
0xa0,0x02,0x00,0x00,0x11,0x21,0x00,0x00,0x41,0xa1,0x02,0x00,0x00,0xd7,0x24,0x01,
0x00,0xcf,0xe3,0x40,0xc8,0x05,0x00,0x00,0x40,0x89,0x05,0x00,0x00,0x41,0xde,0x02,
0x00,0x00,0xcb,0x24,0x01,0x00,0x0e,0xf2,0x16,0xe3,0x40,0xc8,0x05,0x00,0x00,0x40,
0x89,0x05,0x00,0x00,0x41,0xde,0x02,0x00,0x00,0xd7,0x24,0x01,0x00,0x0e,0x38,0xce,
0x00,0x00,0x00,0x41,0x8a,0x00,0x00,0x00,0x25,0x00,0x00,0xb4,0x04,0xed,0x29,0x12,
0x10,0x08,0x20,0x30,0x01,0x48,0x2a,0x1c,0x4d,0x52,0x46,0x27,0x45,0x52,0x46,0x4f,
0x2b,0x00,0x0c,0x43,0x0a,0x01,0x00,0x00,0x00,0x00,0x02,0x00,0x01,0x00,0x21,0x00,
0xba,0x07,0x00,0x00,0xe3,0x40,0xc8,0x05,0x00,0x00,0x40,0x89,0x05,0x00,0x00,0x41,
0x61,0x02,0x00,0x00,0x24,0x00,0x00,0x0e,0x38,0xce,0x00,0x00,0x00,0x41,0x8a,0x00,
0x00,0x00,0x25,0x00,0x00,0xb4,0x04,0xf6,0x29,0x12,0x06,0x03,0x09,0x52,0x36,0x49,
0x17,0x00,0x08,0xd0,0x2b,0x64,0x00,0x00,0x11,0xf0,0x06,0xcc,0x1b,0x24,0x00,0x00,
0x0e,0xcc,0x04,0xe6,0x02,0x00,0x00,0x42,0x5d,0x03,0x00,0x00,0xcc,0xd3,0x64,0x01,
0x00,0x11,0x0b,0xc5,0x00,0x4c,0x27,0x01,0x00,0x00,0x4b,0x27,0x01,0x00,0x00,0xc5,
0x01,0x4c,0x8b,0x05,0x00,0x00,0x4b,0x8b,0x05,0x00,0x00,0x21,0x01,0x00,0x42,0xc8,
0x05,0x00,0x00,0xcb,0x64,0x02,0x00,0x11,0x0b,0xc5,0x02,0x4c,0xa9,0x05,0x00,0x00,
0x4b,0xa9,0x05,0x00,0x00,0xc5,0x03,0x4c,0x61,0x02,0x00,0x00,0x4b,0x61,0x02,0x00,
0x00,0x21,0x01,0x00,0x42,0xc9,0x05,0x00,0x00,0x29,0xb4,0x04,0xe3,0x29,0x07,0x0c,
0x4e,0x04,0x40,0x00,0x07,0x2a,0x00,0x25,0x0c,0x29,0x07,0x2a,0x00,0x0c,0x42,0x0b,
0x01,0x00,0x00,0x01,0x00,0x01,0x00,0x00,0x00,0x09,0x01,0x10,0x00,0x01,0x00,0x08,
0xcf,0xcb,0x40,0xc8,0x05,0x00,0x00,0x28,0xb4,0x04,0xfc,0x29,0x0b,0x00,0x00,0x0c,
0x42,0x0b,0x01,0x00,0x00,0x01,0x00,0x01,0x00,0x00,0x00,0x09,0x01,0x10,0x00,0x01,
0x00,0x08,0xcf,0xcb,0x40,0xc9,0x05,0x00,0x00,0x28,0xb4,0x04,0xff,0x29,0x0b,0x00,
0x00,0x0c,0x42,0x0b,0x01,0x00,0x02,0x03,0x02,0x05,0x02,0x03,0x04,0xc2,0x01,0x05,
0xca,0x04,0x00,0x01,0x00,0xc6,0x04,0x00,0x01,0x00,0xb0,0x17,0x00,0x00,0x40,0x00,
0xba,0x07,0x00,0x01,0x40,0x01,0x10,0x00,0x01,0x00,0xfe,0x01,0x32,0x18,0xb2,0x15,
0x15,0x10,0xb8,0x15,0x1b,0x10,0x0c,0x43,0x0a,0x01,0x00,0x00,0x00,0x00,0x00,0x00,
0x00,0x00,0x01,0x00,0x29,0xb4,0x04,0x8d,0x2a,0x12,0x00,0x00,0x0c,0x43,0x0a,0x01,
0x00,0x00,0x00,0x00,0x00,0x00,0x00,0x00,0x01,0x00,0x29,0xb4,0x04,0x8f,0x2a,0x11,
0x00,0x00,0x0c,0x43,0x0a,0x01,0x00,0x01,0x03,0x01,0x06,0x00,0x02,0x00,0x6f,0x04,
0xd2,0x0a,0x00,0x01,0x00,0xb2,0x17,0x00,0x00,0x00,0xb0,0x04,0x03,0x00,0x03,0xd0,
0x14,0x07,0x02,0x03,0xb0,0x17,0x00,0x00,0xba,0x07,0x01,0x00,0x6b,0x19,0x00,0x00,
0x00,0xe3,0x41,0xe7,0x02,0x00,0x00,0xd7,0x0b,0x0a,0x4b,0xab,0x03,0x00,0x00,0x24,
0x02,0x00,0xcf,0x0e,0xf2,0x31,0xd0,0x6b,0x2d,0x00,0x00,0x00,0x6b,0x1c,0x00,0x00,
0x00,0xe4,0x40,0xc8,0x05,0x00,0x00,0x40,0x89,0x05,0x00,0x00,0x41,0x37,0x00,0x00,
0x00,0xcc,0x24,0x01,0x00,0x0e,0x0e,0xf2,0x0b,0xd1,0x6b,0x07,0x00,0x00,0x00,0x0e,
0xf2,0x02,0x30,0xcc,0x30,0x30,0xcb,0xf0,0x16,0xe4,0x40,0xc8,0x05,0x00,0x00,0x40,
0x89,0x05,0x00,0x00,0x41,0xde,0x02,0x00,0x00,0xcb,0x24,0x01,0x00,0x0e,0x38,0xce,
0x00,0x00,0x00,0x41,0x8a,0x00,0x00,0x00,0x25,0x00,0x00,0xb4,0x04,0x93,0x2a,0x12,
0x10,0x1e,0x05,0x20,0x32,0x87,0x2d,0x52,0x42,0x5f,0x39,0x23,0x0b,0x52,0x46,0x4f,
0x2b,0x00,0x0c,0x43,0x0a,0x01,0x00,0x00,0x03,0x00,0x05,0x00,0x02,0x00,0x7b,0x03,
0xb2,0x17,0x00,0x00,0x00,0xb0,0x04,0x03,0x00,0x03,0xd0,0x14,0x07,0x02,0x03,0xb0,
0x17,0x00,0x00,0xba,0x07,0x01,0x00,0x6b,0x11,0x00,0x00,0x00,0xe3,0x41,0xe7,0x02,
0x00,0x00,0x24,0x00,0x00,0xcf,0x0e,0xf2,0x31,0xd0,0x6b,0x2d,0x00,0x00,0x00,0x6b,
0x1c,0x00,0x00,0x00,0xe4,0x40,0xc8,0x05,0x00,0x00,0x40,0x89,0x05,0x00,0x00,0x41,
0x37,0x00,0x00,0x00,0xcc,0x24,0x01,0x00,0x0e,0x0e,0xf2,0x0b,0xd1,0x6b,0x07,0x00,
0x00,0x00,0x0e,0xf2,0x02,0x30,0xcc,0x30,0x30,0xcb,0xf0,0x16,0xe4,0x40,0xc8,0x05,
0x00,0x00,0x40,0x89,0x05,0x00,0x00,0x41,0xde,0x02,0x00,0x00,0xcb,0x24,0x01,0x00,
0x0e,0xe4,0x40,0xc8,0x05,0x00,0x00,0x40,0x89,0x05,0x00,0x00,0x41,0x61,0x02,0x00,
0x00,0x24,0x00,0x00,0x0e,0x38,0xce,0x00,0x00,0x00,0x41,0x8a,0x00,0x00,0x00,0x25,
0x00,0x00,0xb4,0x04,0xa3,0x2a,0x12,0x14,0x1e,0x05,0x20,0x24,0x5f,0x1f,0x52,0x42,
0x5f,0x39,0x23,0x0b,0x52,0x46,0x1d,0x49,0x52,0x36,0x49,0x17,0x00,0x08,0xd1,0x2b,
0x64,0x00,0x00,0x11,0xf0,0x06,0xcd,0x1b,0x24,0x00,0x00,0x0e,0xd7,0x11,0xf1,0x07,
0x0e,0x04,0xe6,0x02,0x00,0x00,0xdb,0xd8,0x11,0xf1,0x03,0x0e,0x0b,0xdc,0xcd,0xd7,
0x41,0x46,0x02,0x00,0x00,0x24,0x00,0x00,0x42,0x5d,0x03,0x00,0x00,0xcd,0xd8,0x40,
0x96,0x03,0x00,0x00,0x11,0xf1,0x03,0x0e,0x09,0x42,0x96,0x03,0x00,0x00,0xcd,0xd8,
0x40,0x97,0x03,0x00,0x00,0x11,0xf1,0x03,0x0e,0x09,0x42,0x97,0x03,0x00,0x00,0x38,
0xe5,0x02,0x00,0x00,0x11,0xd7,0x0b,0xcd,0x40,0x96,0x03,0x00,0x00,0x4b,0x96,0x03,
0x00,0x00,0xcd,0x40,0x97,0x03,0x00,0x00,0x4b,0x97,0x03,0x00,0x00,0x21,0x02,0x00,
0xcf,0xcd,0xd4,0x64,0x01,0x00,0x11,0x0b,0xc5,0x00,0x4c,0x27,0x01,0x00,0x00,0x4b,
0x27,0x01,0x00,0x00,0xc5,0x01,0x4c,0x8b,0x05,0x00,0x00,0x4b,0x8b,0x05,0x00,0x00,
0x21,0x01,0x00,0x42,0xc8,0x05,0x00,0x00,0xcc,0x64,0x02,0x00,0x11,0x0b,0xc5,0x02,
0x4c,0xa9,0x05,0x00,0x00,0x4b,0xa9,0x05,0x00,0x00,0xc5,0x03,0x4c,0x61,0x02,0x00,
0x00,0x4b,0x61,0x02,0x00,0x00,0x21,0x01,0x00,0x42,0xc9,0x05,0x00,0x00,0x29,0xb4,
0x04,0x84,0x2a,0x07,0x18,0x4e,0x04,0x3a,0x00,0x26,0x00,0x25,0x2c,0x2b,0x2b,0x58,
0x00,0x58,0x24,0xb3,0x23,0x07,0x2a,0x00,0x25,0x0c,0x29,0x07,0x2a,0x00,0x0c,0x42,
0x0b,0x01,0x00,0x00,0x01,0x00,0x01,0x00,0x00,0x00,0x09,0x01,0x10,0x00,0x01,0x00,
0x08,0xcf,0xcb,0x40,0xc8,0x05,0x00,0x00,0x28,0xb4,0x04,0xb6,0x2a,0x0b,0x00,0x00,
0x0c,0x42,0x0b,0x01,0x00,0x00,0x01,0x00,0x01,0x00,0x00,0x00,0x09,0x01,0x10,0x00,
0x01,0x00,0x08,0xcf,0xcb,0x40,0xc9,0x05,0x00,0x00,0x28,0xb4,0x04,0xb9,0x2a,0x0b,
0x00,0x00,0xc5,0x00,0xcf,0xc5,0x01,0xd0,0xc5,0x02,0xd1,0xc5,0x11,0xc8,0x0c,0xc5,
0x29,0xc8,0x17,0xc5,0x2b,0xc8,0x18,0x60,0x33,0x00,0x60,0x30,0x00,0x60,0x2d,0x00,
0x60,0x2a,0x00,0x60,0x27,0x00,0x60,0x24,0x00,0x60,0x21,0x00,0x60,0x1e,0x00,0x60,
0x1b,0x00,0x60,0x15,0x00,0x60,0x12,0x00,0x60,0x0f,0x00,0x60,0x0b,0x00,0x60,0x08,
0x00,0x60,0x05,0x00,0x60,0x03,0x00,0x06,0x60,0x04,0x00,0xc4,0x03,0x55,0x53,0x05,
0x00,0x00,0x00,0xc5,0x04,0x53,0x9d,0x05,0x00,0x00,0x01,0xc5,0x05,0x53,0x61,0x02,
0x00,0x00,0x00,0xc5,0x06,0x53,0xde,0x02,0x00,0x00,0x00,0xc5,0x07,0x53,0x37,0x00,
0x00,0x00,0x00,0x06,0xc8,0x04,0x0e,0xd6,0x67,0x04,0x00,0xc8,0x05,0x60,0x06,0x00,
0x06,0x60,0x07,0x00,0xc4,0x08,0x55,0x54,0x05,0x00,0x00,0x00,0xc5,0x09,0x53,0x45,
0x05,0x00,0x00,0x01,0xc5,0x0a,0x53,0xab,0x02,0x00,0x00,0x00,0xc5,0x0b,0x53,0xaa,
0x02,0x00,0x00,0x00,0xc5,0x0c,0x53,0x1f,0x03,0x00,0x00,0x00,0x06,0xc8,0x07,0x0e,
0xc9,0x06,0x67,0x07,0x00,0xc8,0x08,0x60,0x09,0x00,0x06,0x60,0x0a,0x00,0xc4,0x0d,
0x55,0x55,0x05,0x00,0x00,0x00,0xc5,0x0e,0x53,0x91,0x04,0x00,0x00,0x01,0xc5,0x0f,
0x53,0xda,0x05,0x00,0x00,0x00,0xc5,0x10,0x53,0xdb,0x05,0x00,0x00,0x00,0x06,0xc8,
0x0a,0x0e,0xc9,0x09,0x67,0x0a,0x00,0xc8,0x0b,0x60,0x0d,0x00,0x06,0x60,0x0e,0x00,
0xc4,0x12,0x55,0x57,0x05,0x00,0x00,0x00,0xc5,0x13,0x53,0x45,0x05,0x00,0x00,0x01,
0xc5,0x14,0x53,0xab,0x02,0x00,0x00,0x00,0xc5,0x15,0x53,0xaa,0x02,0x00,0x00,0x00,
0xc5,0x16,0x53,0x1f,0x03,0x00,0x00,0x00,0x06,0xc8,0x0e,0x0e,0xc9,0x0d,0x67,0x0e,
0x00,0xc8,0x0f,0x60,0x10,0x00,0x06,0x60,0x11,0x00,0xc4,0x17,0x55,0x58,0x05,0x00,
0x00,0x00,0xc5,0x18,0x53,0xdc,0x05,0x00,0x00,0x01,0xc5,0x19,0x53,0x9d,0x05,0x00,
0x00,0x01,0xc5,0x1a,0x53,0x61,0x02,0x00,0x00,0x00,0xc5,0x1b,0x53,0xde,0x02,0x00,
0x00,0x00,0xc5,0x1c,0x53,0x37,0x00,0x00,0x00,0x00,0x06,0xc8,0x11,0x0e,0xc9,0x10,
0x67,0x11,0x00,0xc8,0x12,0x60,0x13,0x00,0x06,0x60,0x14,0x00,0xc4,0x1d,0x55,0x59,
0x05,0x00,0x00,0x00,0xc5,0x1e,0x53,0x69,0x05,0x00,0x00,0x00,0xc5,0x1f,0x53,0x84,
0x05,0x00,0x00,0x00,0xc5,0x20,0x53,0x82,0x05,0x00,0x00,0x00,0xc5,0x21,0x53,0x75,
0x05,0x00,0x00,0x00,0xc5,0x22,0x53,0xaf,0x05,0x00,0x00,0x01,0xc5,0x23,0x53,0xac,
0x02,0x00,0x00,0x00,0xc5,0x24,0x53,0x1f,0x03,0x00,0x00,0x00,0xc5,0x25,0x53,0xdd,
0x05,0x00,0x00,0x00,0xc5,0x26,0x53,0xb1,0x05,0x00,0x00,0x00,0xc5,0x27,0x53,0xde,
0x05,0x00,0x00,0x00,0x06,0xc8,0x14,0x0e,0xc9,0x13,0x67,0x14,0x00,0x67,0x13,0x00,
0xc8,0x15,0x6b,0x34,0x00,0x00,0x00,0x38,0xa4,0x00,0x00,0x00,0x40,0xdf,0x05,0x00,
0x00,0xf0,0x22,0x61,0x15,0x00,0x40,0x3f,0x00,0x00,0x00,0x38,0xa4,0x00,0x00,0x00,
0x40,0xdf,0x05,0x00,0x00,0x1b,0x11,0xaf,0xf1,0x04,0x1b,0x71,0x1b,0x1b,0xc5,0x28,
0x1b,0x71,0x1b,0x48,0x0e,0xf2,0x0c,0xc8,0x16,0x6b,0x07,0x00,0x00,0x00,0x0e,0xf2,
0x02,0x30,0xc7,0x17,0x40,0x3f,0x00,0x00,0x00,0xc5,0x2a,0x42,0x37,0x00,0x00,0x00,
0x38,0x9e,0x00,0x00,0x00,0x41,0x6d,0x00,0x00,0x00,0xc7,0x18,0x40,0x3f,0x00,0x00,
0x00,0x04,0x45,0x05,0x00,0x00,0x0b,0xc5,0x2c,0x4c,0x45,0x00,0x00,0x00,0x4b,0x45,
0x00,0x00,0x00,0x24,0x03,0x00,0x0e,0x38,0x9e,0x00,0x00,0x00,0x41,0x6d,0x00,0x00,
0x00,0xc7,0x18,0x40,0x3f,0x00,0x00,0x00,0x04,0xe0,0x05,0x00,0x00,0x0b,0xc5,0x2d,
0x4c,0x45,0x00,0x00,0x00,0x4b,0x45,0x00,0x00,0x00,0x24,0x03,0x00,0x0e,0x38,0x9e,
0x00,0x00,0x00,0x41,0x6d,0x00,0x00,0x00,0xc7,0x18,0x40,0x3f,0x00,0x00,0x00,0x04,
0x9d,0x05,0x00,0x00,0x0b,0xc5,0x2e,0x4c,0x45,0x00,0x00,0x00,0x4b,0x45,0x00,0x00,
0x00,0x24,0x03,0x00,0x0e,0xc7,0x18,0x40,0x3f,0x00,0x00,0x00,0xc5,0x2f,0x42,0xa9,
0x05,0x00,0x00,0xc7,0x18,0x40,0x3f,0x00,0x00,0x00,0xc5,0x30,0x42,0x61,0x02,0x00,
0x00,0xc7,0x18,0x40,0x3f,0x00,0x00,0x00,0xc5,0x31,0x42,0xde,0x01,0x00,0x00,0xc7,
0x18,0x40,0x3f,0x00,0x00,0x00,0xc5,0x32,0x42,0xaa,0x02,0x00,0x00,0x60,0x19,0x00,
0x06,0x60,0x1a,0x00,0xc4,0x33,0x55,0x5c,0x05,0x00,0x00,0x00,0xc5,0x34,0x53,0xaf,
0x05,0x00,0x00,0x01,0xc5,0x35,0x53,0xaa,0x05,0x00,0x00,0x00,0xc5,0x36,0x53,0xb3,
0x05,0x00,0x00,0x00,0xc5,0x37,0x53,0xb4,0x05,0x00,0x00,0x00,0xc5,0x38,0x53,0xb5,
0x05,0x00,0x00,0x00,0xc5,0x39,0x53,0xcb,0x03,0x00,0x00,0x00,0x06,0xc8,0x1a,0x0e,
0xc9,0x19,0x67,0x1a,0x00,0xc8,0x1b,0x60,0x1c,0x00,0x06,0x60,0x1d,0x00,0xc4,0x3a,
0x55,0x5d,0x05,0x00,0x00,0x00,0xc5,0x3b,0x53,0x9d,0x05,0x00,0x00,0x01,0xc5,0x3c,
0x53,0xde,0x02,0x00,0x00,0x00,0xc5,0x3d,0x53,0x37,0x00,0x00,0x00,0x00,0xc5,0x3e,
0x53,0xc6,0x05,0x00,0x00,0x00,0x06,0xc8,0x1d,0x0e,0xc9,0x1c,0x67,0x1d,0x00,0xc8,
0x1e,0x60,0x1f,0x00,0x06,0x60,0x20,0x00,0xc4,0x3f,0x55,0x5e,0x05,0x00,0x00,0x00,
0xc5,0x40,0x53,0x67,0x05,0x00,0x00,0x01,0xc5,0x41,0x53,0x42,0x00,0x00,0x00,0x01,
0x06,0xc8,0x20,0x0e,0xc9,0x1f,0x67,0x20,0x00,0xc8,0x21,0x60,0x22,0x00,0x06,0x60,
0x23,0x00,0xc4,0x42,0x55,0x5f,0x05,0x00,0x00,0x00,0xc5,0x43,0x53,0x67,0x05,0x00,
0x00,0x01,0xc5,0x44,0x53,0x42,0x00,0x00,0x00,0x01,0x06,0xc8,0x23,0x0e,0xc9,0x22,
0x67,0x23,0x00,0xc8,0x24,0x60,0x25,0x00,0x06,0x60,0x26,0x00,0xc4,0x45,0x55,0x60,
0x05,0x00,0x00,0x00,0xc5,0x46,0x53,0x67,0x05,0x00,0x00,0x01,0xc5,0x47,0x53,0x42,
0x00,0x00,0x00,0x01,0x06,0xc8,0x26,0x0e,0xc9,0x25,0x67,0x26,0x00,0xc8,0x27,0x60,
0x28,0x00,0x06,0x60,0x29,0x00,0xc4,0x48,0x55,0x61,0x05,0x00,0x00,0x00,0xc5,0x49,
0x53,0x87,0x05,0x00,0x00,0x01,0xc5,0x4a,0x53,0x32,0x00,0x00,0x00,0x00,0x06,0xc8,
0x29,0x0e,0xc9,0x28,0x67,0x29,0x00,0xc8,0x2a,0x60,0x2b,0x00,0x06,0x60,0x2c,0x00,
0xc4,0x4b,0x55,0x62,0x05,0x00,0x00,0x00,0xc5,0x4c,0x53,0x87,0x05,0x00,0x00,0x01,
0xc5,0x4d,0x53,0x32,0x00,0x00,0x00,0x00,0x06,0xc8,0x2c,0x0e,0xc9,0x2b,0x67,0x2c,
0x00,0xc8,0x2d,0x60,0x2e,0x00,0x06,0x60,0x2f,0x00,0xc4,0x4e,0x55,0x63,0x05,0x00,
0x00,0x00,0xc5,0x4f,0x53,0x67,0x05,0x00,0x00,0x01,0xc5,0x50,0x53,0x42,0x00,0x00,
0x00,0x01,0x06,0xc8,0x2f,0x0e,0xc9,0x2e,0x67,0x2f,0x00,0xc8,0x30,0x60,0x31,0x00,
0x06,0x60,0x32,0x00,0xc4,0x51,0x55,0x64,0x05,0x00,0x00,0x00,0xc5,0x52,0x53,0x67,
0x05,0x00,0x00,0x01,0xc5,0x53,0x53,0x42,0x00,0x00,0x00,0x01,0x06,0xc8,0x32,0x0e,
0xc9,0x31,0x67,0x32,0x00,0xc8,0x33,0x38,0x95,0x00,0x00,0x00,0x61,0x15,0x00,0x42,
0xd4,0x02,0x00,0x00,0x38,0x95,0x00,0x00,0x00,0x61,0x05,0x00,0x42,0x53,0x05,0x00,
0x00,0x38,0x95,0x00,0x00,0x00,0x61,0x08,0x00,0x42,0x54,0x05,0x00,0x00,0x38,0x95,
0x00,0x00,0x00,0x61,0x12,0x00,0x42,0x58,0x05,0x00,0x00,0x38,0x95,0x00,0x00,0x00,
0x61,0x0f,0x00,0x42,0x57,0x05,0x00,0x00,0x38,0x95,0x00,0x00,0x00,0x61,0x0b,0x00,
0x42,0x55,0x05,0x00,0x00,0x38,0x95,0x00,0x00,0x00,0x61,0x1b,0x00,0x42,0x5c,0x05,
0x00,0x00,0x38,0x95,0x00,0x00,0x00,0xc7,0x17,0x42,0x5a,0x05,0x00,0x00,0x38,0x95,
0x00,0x00,0x00,0xc7,0x18,0x42,0x5b,0x05,0x00,0x00,0x38,0x95,0x00,0x00,0x00,0x61,
0x21,0x00,0x42,0x5e,0x05,0x00,0x00,0x38,0x95,0x00,0x00,0x00,0x61,0x1e,0x00,0x42,
0x5d,0x05,0x00,0x00,0x38,0x95,0x00,0x00,0x00,0x61,0x2a,0x00,0x42,0x61,0x05,0x00,
0x00,0x38,0x95,0x00,0x00,0x00,0x61,0x2d,0x00,0x42,0x62,0x05,0x00,0x00,0x38,0x95,
0x00,0x00,0x00,0x61,0x24,0x00,0x42,0x5f,0x05,0x00,0x00,0x38,0x95,0x00,0x00,0x00,
0x61,0x27,0x00,0x42,0x60,0x05,0x00,0x00,0x38,0x95,0x00,0x00,0x00,0x61,0x30,0x00,
0x42,0x63,0x05,0x00,0x00,0x38,0x95,0x00,0x00,0x00,0x61,0x33,0x00,0x42,0x64,0x05,
0x00,0x00,0x29,0xb4,0x04,0xa8,0x22,0x03,0x4c,0x00,0xe1,0x03,0x96,0x09,0x0c,0x00,
0x2f,0x24,0x07,0x00,0x0e,0x18,0x00,0x34,0x2c,0x00,0x1d,0x0a,0x2b,0x34,0x2c,0x00,
0x1d,0x0a,0x2b,0x34,0x2c,0x00,0x1d,0x0a,0x2b,0x4b,0x00,0x4b,0x00,0x4b,0x00,0x00,
0xb8,0x03,0xa8,0x06,0x00,0x44,0x00,0x44,0x00,0x44,0x00,0x44,0x00,0x44,0x00,0x44,
0x00,0x44,0x00,0x3f,0x00,0x3f,0x00,0x44,0x00,0x44,0x00,0x44,0x00,0x44,0x00,0x44,
0x00,0x44,0x00,0x44,0x00,0x00,0x0c,0x43,0x0a,0x00,0x92,0x04,0x00,0x0b,0x00,0x04,
0x08,0x00,0x1b,0xc0,0x02,0x0b,0xc2,0x17,0x02,0x09,0x70,0x01,0xfe,0x01,0x03,0x01,
0x70,0x00,0xc2,0x17,0x01,0x00,0x60,0x06,0xc4,0x17,0x04,0x09,0x30,0xfe,0x01,0x05,
0x04,0x70,0x04,0xc4,0x17,0x01,0x03,0x60,0x07,0xc6,0x17,0x06,0x09,0x30,0xfe,0x01,
0x07,0x07,0x70,0x05,0xc6,0x17,0x01,0x06,0x20,0xc8,0x17,0x00,0x00,0x40,0x02,0xca,
0x17,0x00,0x0a,0x40,0x03,0x0c,0x42,0x0b,0x01,0x00,0x02,0x09,0x02,0x05,0x00,0x03,
0x00,0xe9,0x02,0x0b,0xcc,0x17,0x00,0x01,0x00,0xc6,0x04,0x00,0x01,0x00,0xc8,0x08,
0x00,0x00,0x00,0xce,0x17,0x00,0x01,0x00,0xd0,0x17,0x00,0x02,0x00,0xd2,0x17,0x00,
0x03,0x00,0xe4,0x01,0x00,0x04,0x00,0xaa,0x09,0x00,0x05,0x00,0x8a,0x0c,0x00,0x06,
0x00,0xa0,0x08,0x00,0x07,0x00,0x10,0x00,0x01,0x00,0xfe,0x01,0x01,0x18,0xc2,0x17,
0x00,0x18,0xc8,0x17,0x09,0x00,0x08,0xc8,0x08,0x2b,0x64,0x00,0x00,0x11,0xf0,0x07,
0xc7,0x08,0x1b,0x24,0x00,0x00,0x0e,0xd8,0x11,0xf1,0x03,0x0e,0x0b,0xdc,0xd7,0xf8,
0xf1,0x56,0xd7,0xf9,0x11,0xf1,0x0a,0x0e,0xd7,0x96,0x04,0x4d,0x00,0x00,0x00,0xae,
0xf0,0x10,0x38,0xda,0x00,0x00,0x00,0x11,0x04,0xea,0x05,0x00,0x00,0x21,0x01,0x00,
0x30,0x38,0xa4,0x00,0x00,0x00,0x11,0xf0,0x1d,0x0e,0x38,0xa4,0x00,0x00,0x00,0x40,
0x0f,0x02,0x00,0x00,0x11,0xf0,0x0f,0x0e,0xd7,0x38,0xa4,0x00,0x00,0x00,0x40,0x0f,
0x02,0x00,0x00,0x46,0xfb,0x95,0xf0,0x10,0x38,0xda,0x00,0x00,0x00,0x11,0x04,0xeb,
0x05,0x00,0x00,0x21,0x01,0x00,0x30,0xd7,0xf8,0xf0,0x06,0x26,0x00,0x00,0xf2,0x02,
0xd7,0xcf,0x26,0x00,0x00,0xd0,0xba,0xd1,0xcb,0x38,0xa4,0x00,0x00,0x00,0x40,0x0f,
0x02,0x00,0x00,0x47,0x24,0x00,0x00,0xd2,0xce,0x41,0x72,0x00,0x00,0x00,0x24,0x00,
0x00,0xc9,0x04,0x40,0x71,0x00,0x00,0x00,0x69,0xa1,0x00,0x00,0x00,0xc7,0x04,0x40,
0x44,0x00,0x00,0x00,0xc9,0x05,0x64,0x01,0x00,0xa9,0xf0,0x0f,0xc7,0x05,0x41,0xb7,
0x04,0x00,0x00,0x24,0x00,0x00,0xc8,0x06,0xf2,0x6c,0xc7,0x05,0x38,0xad,0x00,0x00,
0x00,0xa9,0xf0,0x10,0x38,0xb1,0x00,0x00,0x00,0x11,0xc7,0x05,0x21,0x01,0x00,0xc8,
0x06,0xf2,0x53,0x38,0xad,0x00,0x00,0x00,0x41,0xb6,0x04,0x00,0x00,0xc7,0x05,0x24,
0x01,0x00,0xf0,0x23,0x38,0xb1,0x00,0x00,0x00,0x11,0xc7,0x05,0x40,0xcd,0x02,0x00,
0x00,0xc7,0x05,0x40,0xce,0x02,0x00,0x00,0xc7,0x05,0x40,0xcf,0x02,0x00,0x00,0x21,
0x03,0x00,0xc8,0x06,0xf2,0x20,0x38,0xa2,0x00,0x00,0x00,0xc7,0x05,0xf5,0xc8,0x07,
0x38,0xa0,0x02,0x00,0x00,0x11,0x21,0x00,0x00,0x41,0xa1,0x02,0x00,0x00,0xc7,0x07,
0x24,0x01,0x00,0xc8,0x06,0xcc,0x41,0x52,0x01,0x00,0x00,0xc7,0x06,0x24,0x01,0x00,
0x0e,0xcd,0xc7,0x06,0xef,0x9c,0xd1,0xf3,0x50,0xff,0xc7,0x08,0xcc,0x42,0xec,0x05,
0x00,0x00,0xc7,0x08,0xcd,0x42,0xed,0x05,0x00,0x00,0xc7,0x08,0xe5,0xd8,0x40,0x6c,
0x01,0x00,0x00,0x11,0xf1,0x03,0x0e,0xc6,0xf5,0x42,0x98,0x01,0x00,0x00,0x29,0xb4,
0x04,0xd3,0x2a,0x07,0x38,0x58,0x04,0x2b,0x24,0x17,0x04,0x20,0x3a,0x30,0x45,0xfe,
0x7a,0x17,0x79,0x55,0x18,0x91,0x03,0x36,0x0b,0x00,0x18,0x08,0x08,0x21,0x23,0x25,
0x1a,0x30,0x18,0x2b,0x19,0x80,0x20,0x26,0x1f,0xc7,0x0a,0x1c,0x09,0x48,0x2a,0x27,
0x45,0x20,0x1a,0x21,0x19,0x31,0x03,0x2b,0x00,0x2b,0x00,0x11,0x36,0x00,0x0c,0x42,
0x0b,0x01,0x00,0x00,0x01,0x00,0x01,0x00,0x00,0x00,0x09,0x01,0x10,0x00,0x01,0x00,
0x08,0xcf,0xcb,0x40,0xed,0x05,0x00,0x00,0x28,0xb4,0x04,0xf7,0x2a,0x0b,0x00,0x00,
0x0c,0x42,0x0b,0x01,0x00,0x00,0x01,0x00,0x01,0x00,0x00,0x00,0x09,0x01,0x10,0x00,
0x01,0x00,0x08,0xcf,0xcb,0x40,0x98,0x01,0x00,0x00,0x28,0xb4,0x04,0xfa,0x2a,0x0b,
0x00,0x00,0x0c,0x42,0x0b,0x01,0x00,0x03,0x0b,0x03,0x06,0x00,0x01,0x00,0xfe,0x02,
0x0e,0xce,0x04,0x00,0x01,0x00,0xc4,0x05,0x00,0x01,0x00,0xdc,0x17,0x00,0x01,0x00,
0xde,0x17,0x00,0x00,0x00,0xe0,0x17,0x00,0x01,0x00,0xd0,0x05,0x00,0x02,0x00,0xc8,
0x0b,0x00,0x03,0x00,0xe2,0x17,0x00,0x04,0x00,0xcc,0x05,0x00,0x05,0x00,0xa0,0x0b,
0x00,0x06,0x00,0xe4,0x17,0x00,0x07,0x00,0xe6,0x17,0x00,0x08,0x00,0xe8,0x17,0x00,
0x09,0x00,0x10,0x00,0x01,0x00,0xc2,0x17,0x00,0x18,0x08,0xc8,0x0a,0x38,0xa6,0x00,
0x00,0x00,0x41,0xf5,0x05,0x00,0x00,0x38,0xa1,0x00,0x00,0x00,0xd7,0xf8,0xf0,0x04,
0xba,0xf2,0x02,0xd7,0xf5,0x24,0x01,0x00,0xdb,0x38,0xa1,0x00,0x00,0x00,0x41,0x48,
0x04,0x00,0x00,0xd7,0x24,0x01,0x00,0xf0,0x03,0xba,0xdb,0xd7,0xba,0xa5,0xf0,0x19,
0x38,0xa6,0x00,0x00,0x00,0x41,0x87,0x01,0x00,0x00,0xc7,0x0a,0x40,0xed,0x05,0x00,
0x00,0xd7,0x9c,0xba,0x24,0x02,0x00,0xdb,0xd7,0xc7,0x0a,0x40,0xed,0x05,0x00,0x00,
0xa7,0xf0,0x09,0xc7,0x0a,0x40,0xed,0x05,0x00,0x00,0xdb,0x38,0xa6,0x00,0x00,0x00,
0x41,0xf5,0x05,0x00,0x00,0x38,0xa1,0x00,0x00,0x00,0xd8,0xf8,0xf0,0x0a,0xc7,0x0a,
0x40,0xed,0x05,0x00,0x00,0xf2,0x02,0xd8,0xf5,0x24,0x01,0x00,0xdc,0x38,0xa1,0x00,
0x00,0x00,0x41,0x48,0x04,0x00,0x00,0xd8,0x24,0x01,0x00,0xf0,0x03,0xba,0xdc,0xd8,
0xba,0xa5,0xf0,0x19,0x38,0xa6,0x00,0x00,0x00,0x41,0x87,0x01,0x00,0x00,0xc7,0x0a,
0x40,0xed,0x05,0x00,0x00,0xd8,0x9c,0xba,0x24,0x02,0x00,0xdc,0xd8,0xc7,0x0a,0x40,
0xed,0x05,0x00,0x00,0xa7,0xf0,0x09,0xc7,0x0a,0x40,0xed,0x05,0x00,0x00,0xdc,0xd8,
0xd7,0xa5,0xf0,0x03,0xd7,0xdc,0xd8,0xd7,0x9d,0xcf,0xd9,0xf8,0xf1,0x0a,0x38,0xa2,
0x00,0x00,0x00,0xd9,0xf5,0xf2,0x02,0xc6,0xd0,0x38,0xb1,0x00,0x00,0x00,0x11,0xcb,
0x21,0x01,0x00,0xd1,0xba,0xd2,0xd7,0xc8,0x04,0xba,0xc8,0x05,0xc7,0x05,0xc7,0x0a,
0x40,0xec,0x05,0x00,0x00,0xef,0xa5,0xf0,0x6d,0xce,0xcb,0xa5,0xf0,0x68,0xc7,0x0a,
0x40,0xec,0x05,0x00,0x00,0xc7,0x05,0x46,0xc8,0x06,0xc7,0x04,0xc7,0x06,0xef,0xa8,
0xf0,0x0b,0xc7,0x04,0xc7,0x06,0xef,0x9d,0xc8,0x04,0xf2,0x46,0xc7,0x04,0xc8,0x07,
0x38,0xa6,0x00,0x00,0x00,0x41,0x86,0x01,0x00,0x00,0xc7,0x06,0xef,0xc7,0x07,0xcb,
0x9c,0xce,0x9d,0x24,0x02,0x00,0xc9,0x08,0xc7,0x07,0x9d,0xc9,0x09,0xba,0xa7,0xf0,
0x1e,0xcd,0x41,0x46,0x00,0x00,0x00,0xc7,0x06,0x41,0xad,0x03,0x00,0x00,0xc7,0x07,
0xc7,0x08,0x24,0x02,0x00,0xce,0x24,0x02,0x00,0x0e,0xc7,0x09,0x93,0x03,0xba,0xc8,
0x04,0x92,0x05,0xf2,0x88,0x64,0x00,0x00,0x11,0xcd,0x26,0x01,0x00,0x0b,0xcc,0x4b,
0x6c,0x01,0x00,0x00,0x21,0x02,0x00,0x28,0xb4,0x04,0xfd,0x2a,0x07,0x5c,0x12,0x04,
0x34,0x26,0x1b,0x0e,0x07,0x14,0x71,0x25,0x20,0x10,0x12,0x19,0x16,0x06,0x34,0x22,
0x25,0x1a,0x2b,0x41,0x34,0x18,0x2b,0x2f,0x34,0x22,0x1b,0x0e,0x07,0x10,0x8f,0x1d,
0x20,0x0c,0x12,0x19,0x16,0x06,0x34,0x1e,0x25,0x1a,0x2b,0x3d,0x34,0x18,0x30,0x17,
0x16,0x0e,0x12,0x08,0x17,0x1a,0x2a,0x20,0x21,0x41,0x6e,0x06,0x3e,0x42,0x5e,0x3f,
0x21,0x21,0x00,0x18,0x08,0x2c,0x1b,0x32,0x0c,0x16,0x26,0x45,0x1c,0x15,0x17,0x17,
0x20,0x16,0x25,0x1a,0x3f,0x2f,0x18,0x03,0x27,0x12,0x00,0x0c,0x42,0x0b,0x01,0x00,
0x00,0x05,0x00,0x04,0x00,0x00,0x00,0x62,0x05,0xd0,0x05,0x00,0x00,0x00,0xa2,0x12,
0x00,0x01,0x00,0xc8,0x0b,0x00,0x02,0x00,0xcc,0x05,0x00,0x03,0x00,0x10,0x00,0x01,
0x00,0x08,0xc8,0x04,0x38,0xad,0x00,0x00,0x00,0x11,0xc7,0x04,0x40,0xed,0x05,0x00,
0x00,0x21,0x01,0x00,0xcf,0x38,0xb1,0x00,0x00,0x00,0x11,0xcb,0x21,0x01,0x00,0xd0,
0xba,0xd1,0xba,0xd2,0xce,0xc7,0x04,0x40,0xec,0x05,0x00,0x00,0xef,0xa5,0xf0,0x26,
0xcc,0x41,0x46,0x00,0x00,0x00,0xc7,0x04,0x40,0xec,0x05,0x00,0x00,0xce,0x46,0xcd,
0x24,0x02,0x00,0x0e,0xcd,0xc7,0x04,0x40,0xec,0x05,0x00,0x00,0xce,0x46,0xef,0x9c,
0xd1,0x92,0x03,0xf2,0xd0,0x38,0xce,0x00,0x00,0x00,0x41,0x8a,0x00,0x00,0x00,0xcb,
0x25,0x01,0x00,0xb4,0x04,0x9d,0x2b,0x07,0x0e,0x12,0x26,0x58,0x03,0x54,0x0a,0x3a,
0x23,0x20,0x12,0x49,0x11,0x8b,0x2a,0x00,0x0c,0x42,0x0b,0x01,0x00,0x00,0x01,0x00,
0x03,0x00,0x01,0x01,0x15,0x01,0x10,0x00,0x01,0x00,0xca,0x17,0x0a,0x00,0x0c,0x43,
0x0a,0x01,0x00,0x01,0x00,0x01,0x04,0x00,0x01,0x00,0x0e,0x01,0xa0,0x0b,0x00,0x01,
0x00,0xca,0x17,0x00,0x02,0xe3,0x38,0xb1,0x00,0x00,0x00,0x11,0xd7,0x21,0x01,0x00,
0x23,0x01,0x00,0xb4,0x04,0xa8,0x2b,0x28,0x02,0x08,0x01,0x00,0x08,0xcf,0xcb,0x41,
0xd2,0x02,0x00,0x00,0x24,0x00,0x00,0x41,0x89,0x00,0x00,0x00,0xc5,0x00,0x25,0x01,
0x00,0xb4,0x04,0xa7,0x2b,0x07,0x04,0x2b,0x1c,0x2a,0x26,0x00,0x0c,0x42,0x0b,0x01,
0x00,0x00,0x01,0x00,0x03,0x00,0x00,0x01,0x15,0x01,0x10,0x00,0x01,0x00,0x0c,0x43,
0x0a,0x01,0x00,0x01,0x00,0x01,0x03,0x00,0x00,0x00,0x0e,0x01,0xec,0x17,0x00,0x01,
0x00,0x38,0xa7,0x00,0x00,0x00,0x41,0xcb,0x02,0x00,0x00,0xd7,0x25,0x01,0x00,0xb4,
0x04,0xad,0x2b,0x21,0x02,0x35,0x07,0x00,0x08,0xcf,0xcb,0x41,0xca,0x02,0x00,0x00,
0x24,0x00,0x00,0x41,0x89,0x00,0x00,0x00,0xc5,0x00,0x25,0x01,0x00,0xb4,0x04,0xac,
0x2b,0x07,0x04,0x2b,0x1c,0x2a,0x18,0x00,0x0c,0x42,0x0b,0x01,0x00,0x00,0x04,0x00,
0x04,0x00,0x00,0x00,0x5a,0x04,0xd0,0x05,0x00,0x00,0x00,0xc8,0x0b,0x00,0x01,0x00,
0xcc,0x05,0x00,0x02,0x00,0x10,0x00,0x01,0x00,0x08,0xd2,0xce,0x40,0xec,0x05,0x00,
0x00,0xef,0xbb,0xad,0xf0,0x0a,0xce,0x40,0xec,0x05,0x00,0x00,0xba,0x46,0x28,0x38,
0xb1,0x00,0x00,0x00,0x11,0xce,0x40,0xed,0x05,0x00,0x00,0x21,0x01,0x00,0xcf,0xba,
0xd0,0xba,0xd1,0xcd,0xce,0x40,0xec,0x05,0x00,0x00,0xef,0xa5,0xf0,0x24,0xcb,0x41,
0x46,0x00,0x00,0x00,0xce,0x40,0xec,0x05,0x00,0x00,0xcd,0x46,0xcc,0x24,0x02,0x00,
0x0e,0xcc,0xce,0x40,0xec,0x05,0x00,0x00,0xcd,0x46,0xef,0x9c,0xd0,0x92,0x02,0xf2,
0xd3,0xcb,0x28,0xb4,0x04,0xb1,0x2b,0x07,0x0c,0x30,0x3e,0x44,0x17,0x6d,0x06,0x35,
0x23,0x20,0x16,0x44,0x15,0x00,0x0c,0x42,0x0b,0x01,0x00,0x01,0x00,0x01,0x02,0x00,
0x01,0x00,0x06,0x01,0xc4,0x04,0x00,0x01,0x00,0xc2,0x17,0x00,0x18,0xd7,0x64,0x00,
0x00,0xa9,0x28,0xb4,0x04,0xbb,0x2b,0x0e,0x02,0x08,0x22,0x00,0x0c,0xc6,0x0b,0x01,
0x00,0x03,0x03,0x03,0x04,0x00,0x01,0x00,0x5e,0x06,0xee,0x17,0x00,0x01,0x00,0xf0,
0x17,0x00,0x01,0x00,0xc6,0x04,0x00,0x01,0x00,0xf6,0x01,0x00,0x01,0x00,0xf4,0x01,
0x00,0x01,0x00,0x10,0x00,0x01,0x20,0xfe,0x01,0x04,0x18,0x0c,0x02,0xcf,0x0c,0x03,
0xd0,0x60,0x02,0x00,0x2b,0xd9,0x11,0xf1,0x03,0x0e,0x0b,0xdd,0xcb,0x35,0xcc,0xd7,
0xd9,0x21,0x02,0x00,0x11,0x63,0x02,0x00,0x64,0x00,0x00,0x11,0xf0,0x08,0x61,0x02,
0x00,0x1b,0x24,0x00,0x00,0x0e,0x0e,0x61,0x02,0x00,0x38,0xa2,0x00,0x00,0x00,0xd8,
0xf5,0x42,0x15,0x04,0x00,0x00,0x61,0x02,0x00,0xd9,0x40,0xf9,0x05,0x00,0x00,0x11,
0xf1,0x0f,0x0e,0x38,0xa8,0x00,0x00,0x00,0x41,0x74,0x01,0x00,0x00,0x24,0x00,0x00,
0x42,0xfa,0x05,0x00,0x00,0x61,0x02,0x00,0x28,0xb4,0x04,0xc0,0x2b,0x07,0x0c,0x35,
0x04,0x26,0x00,0x8a,0x00,0x2a,0x28,0x26,0x27,0x75,0x64,0x00,0x0c,0x42,0x0b,0x01,
0x00,0x00,0x01,0x00,0x01,0x00,0x00,0x00,0x09,0x01,0x10,0x00,0x01,0x00,0x08,0xcf,
0xcb,0x40,0x15,0x04,0x00,0x00,0x28,0xb4,0x04,0xc6,0x2b,0x0b,0x00,0x00,0x0c,0x42,
0x0b,0x01,0x00,0x00,0x01,0x00,0x01,0x00,0x00,0x00,0x09,0x01,0x10,0x00,0x01,0x00,
0x08,0xcf,0xcb,0x40,0xfa,0x05,0x00,0x00,0x28,0xb4,0x04,0xc9,0x2b,0x0b,0x00,0x00,
0x0c,0x42,0x0b,0x01,0x00,0x00,0x01,0x00,0x02,0x00,0x01,0x00,0x19,0x01,0x10,0x00,
0x01,0x00,0xfe,0x01,0x07,0x18,0x08,0xcf,0x2b,0x64,0x00,0x00,0x11,0xf0,0x06,0xcb,
0x1b,0x24,0x00,0x00,0x0e,0xcb,0x26,0x00,0x00,0x42,0x6f,0x01,0x00,0x00,0x29,0xb4,
0x04,0xce,0x2b,0x07,0x02,0x4e,0x04,0x00,0x0c,0x42,0x0b,0x01,0x00,0x03,0x01,0x03,
0x07,0x00,0x00,0x00,0x2e,0x04,0x74,0x00,0x01,0x00,0x88,0x01,0x00,0x01,0x00,0x8a,
0x0f,0x00,0x01,0x00,0x10,0x00,0x01,0x00,0x08,0xcf,0xcb,0x40,0x6f,0x01,0x00,0x00,
0x41,0x52,0x01,0x00,0x00,0x0b,0x38,0xa2,0x00,0x00,0x00,0xd7,0xf5,0x4b,0x3a,0x00,
0x00,0x00,0xcb,0x41,0xfb,0x05,0x00,0x00,0xd8,0xd9,0x24,0x02,0x00,0x4b,0x44,0x00,
0x00,0x00,0x24,0x01,0x00,0x29,0xb4,0x04,0xd1,0x2b,0x07,0x08,0x0d,0x04,0x39,0x1c,
0x21,0x02,0x44,0x1e,0x00,0x0c,0x42,0x0b,0x01,0x00,0x01,0x01,0x01,0x04,0x01,0x00,
0x01,0x21,0x02,0x74,0x00,0x01,0x40,0x00,0x10,0x00,0x01,0x00,0x0c,0x43,0x0a,0x01,
0x00,0x01,0x00,0x01,0x02,0x00,0x01,0x00,0x09,0x01,0x94,0x05,0x00,0x01,0x00,0x74,
0x00,0x01,0xd7,0x40,0x3a,0x00,0x00,0x00,0xe3,0xae,0x28,0xb4,0x04,0xd9,0x2b,0x2e,
0x02,0x21,0x19,0x00,0x08,0xcf,0x38,0xa2,0x00,0x00,0x00,0xd7,0xf5,0xdb,0xcb,0xcb,
0x40,0x6f,0x01,0x00,0x00,0x41,0x6e,0x01,0x00,0x00,0xc5,0x00,0x24,0x01,0x00,0x42,
0x6f,0x01,0x00,0x00,0x29,0xb4,0x04,0xd7,0x2b,0x07,0x08,0x0d,0x04,0x1b,0x1c,0x12,
0x1b,0x3e,0x4a,0x00,0x0c,0x42,0x0b,0x01,0x00,0x01,0x02,0x01,0x03,0x01,0x00,0x01,
0x26,0x03,0x74,0x00,0x01,0x40,0x00,0x94,0x05,0x00,0x00,0x00,0x10,0x00,0x01,0x00,
0x0c,0x43,0x0a,0x01,0x00,0x01,0x00,0x01,0x02,0x00,0x01,0x00,0x09,0x01,0xb0,0x04,
0x00,0x01,0x00,0x74,0x00,0x01,0xd7,0x40,0x3a,0x00,0x00,0x00,0xe3,0xad,0x28,0xb4,
0x04,0xdf,0x2b,0x28,0x02,0x21,0x15,0x00,0x08,0xd0,0x38,0xa2,0x00,0x00,0x00,0xd7,
0xf5,0xdb,0xcc,0x40,0x6f,0x01,0x00,0x00,0x41,0xfc,0x05,0x00,0x00,0xc5,0x00,0x24,
0x01,0x00,0xd3,0xf0,0x08,0xcb,0x40,0x44,0x00,0x00,0x00,0x28,0x07,0x28,0xb4,0x04,
0xdd,0x2b,0x07,0x06,0x0d,0x04,0x1b,0x1c,0x49,0x22,0x00,0x0c,0x42,0x0b,0x01,0x00,
0x01,0x01,0x01,0x03,0x01,0x00,0x02,0x24,0x02,0x74,0x00,0x01,0x40,0x00,0x10,0x00,
0x01,0x00,0x0c,0x43,0x0a,0x01,0x00,0x01,0x00,0x01,0x02,0x00,0x01,0x00,0x09,0x01,
0xb0,0x04,0x00,0x01,0x00,0x74,0x00,0x01,0xd7,0x40,0x3a,0x00,0x00,0x00,0xe3,0xad,
0x28,0xb4,0x04,0xe6,0x2b,0x25,0x02,0x21,0x0f,0x00,0x0c,0x43,0x0a,0x01,0x00,0x01,
0x00,0x01,0x01,0x00,0x00,0x00,0x07,0x01,0xb0,0x04,0x00,0x01,0x00,0xd7,0x40,0x44,
0x00,0x00,0x00,0x28,0xb4,0x04,0xe8,0x2b,0x10,0x00,0x00,0x08,0xcf,0x38,0xa2,0x00,
0x00,0x00,0xd7,0xf5,0xdb,0xcb,0x40,0x6f,0x01,0x00,0x00,0x41,0x6e,0x01,0x00,0x00,
0xc5,0x00,0x24,0x01,0x00,0x41,0x1b,0x01,0x00,0x00,0xc5,0x01,0x25,0x01,0x00,0xb4,
0x04,0xe4,0x2b,0x07,0x08,0x0d,0x04,0x1b,0x1c,0x49,0x1c,0x36,0x29,0x00,0x0c,0x42,
0x0b,0x01,0x00,0x01,0x01,0x01,0x03,0x01,0x00,0x01,0x1a,0x02,0x74,0x00,0x01,0x40,
0x00,0x10,0x00,0x01,0x00,0x0c,0x43,0x0a,0x01,0x00,0x01,0x00,0x01,0x02,0x00,0x01,
0x00,0x09,0x01,0xb0,0x04,0x00,0x01,0x00,0x74,0x00,0x01,0xd7,0x40,0x3a,0x00,0x00,
0x00,0xe3,0xad,0x28,0xb4,0x04,0xee,0x2b,0x23,0x02,0x21,0x0b,0x00,0x08,0xcf,0x38,
0xa2,0x00,0x00,0x00,0xd7,0xf5,0xdb,0xcb,0x40,0x6f,0x01,0x00,0x00,0x41,0xfd,0x05,
0x00,0x00,0xc5,0x00,0x25,0x01,0x00,0xb4,0x04,0xec,0x2b,0x07,0x06,0x0d,0x04,0x1b,
0x1c,0x49,0x18,0x00,0x0c,0x42,0x0b,0x01,0x00,0x03,0x04,0x03,0x07,0x00,0x00,0x00,
0x9e,0x01,0x07,0x74,0x00,0x01,0x00,0x88,0x01,0x00,0x01,0x00,0x8a,0x0f,0x00,0x01,
0x00,0xc4,0x08,0x00,0x00,0x00,0xfc,0x17,0x00,0x01,0x00,0xcc,0x05,0x00,0x02,0x00,
0x10,0x00,0x01,0x00,0x08,0xd2,0x09,0xcf,0x26,0x00,0x00,0xd0,0xba,0xd1,0xcd,0xce,
0x40,0x6f,0x01,0x00,0x00,0xef,0xa5,0xf0,0x57,0xce,0x40,0x6f,0x01,0x00,0x00,0xcd,
0x46,0x40,0x3a,0x00,0x00,0x00,0xd7,0xad,0xf0,0x30,0xcb,0x95,0xf0,0x3e,0xcc,0x41,
0x52,0x01,0x00,0x00,0x0b,0x38,0xa2,0x00,0x00,0x00,0xd7,0xf5,0x4b,0x3a,0x00,0x00,
0x00,0xce,0x41,0xfb,0x05,0x00,0x00,0xd8,0xd9,0x24,0x02,0x00,0x4b,0x44,0x00,0x00,
0x00,0x24,0x01,0x00,0x0e,0x0a,0xcf,0xf2,0x13,0xcc,0x41,0x52,0x01,0x00,0x00,0xce,
0x40,0x6f,0x01,0x00,0x00,0xcd,0x46,0x24,0x01,0x00,0x0e,0x92,0x02,0xf2,0xa0,0xcb,
0x95,0xf0,0x28,0xcc,0x41,0x52,0x01,0x00,0x00,0x0b,0x38,0xa2,0x00,0x00,0x00,0xd7,
0xf5,0x4b,0x3a,0x00,0x00,0x00,0xce,0x41,0xfb,0x05,0x00,0x00,0xd8,0xd9,0x24,0x02,
0x00,0x4b,0x44,0x00,0x00,0x00,0x24,0x01,0x00,0x0e,0xce,0xcc,0x42,0x6f,0x01,0x00,
0x00,0x29,0xb4,0x04,0xf2,0x2b,0x07,0x1e,0x3c,0x2c,0x76,0x18,0x2c,0x33,0x20,0x16,
0x21,0x08,0x44,0x1e,0x4a,0x3b,0x19,0x03,0x20,0x20,0x00,0x14,0x08,0x23,0x20,0x16,
0x21,0x08,0x44,0x1e,0x4b,0x3f,0x00,0x0c,0x42,0x0b,0x01,0x00,0x02,0x02,0x02,0x06,
0x00,0x00,0x00,0x39,0x04,0xaa,0x05,0x00,0x01,0x00,0xcc,0x08,0x00,0x01,0x00,0xcc,
0x05,0x00,0x00,0x00,0x10,0x00,0x01,0x00,0x08,0xd0,0xba,0xcf,0xca,0x40,0x6f,0x01,
0x00,0x00,0xef,0xa5,0xf0,0x2b,0xd7,0x41,0xc5,0x01,0x00,0x00,0xd8,0xcc,0x40,0x6f,
0x01,0x00,0x00,0xcb,0x46,0x40,0x44,0x00,0x00,0x00,0xcc,0x40,0x6f,0x01,0x00,0x00,
0xcb,0x46,0x40,0x3a,0x00,0x00,0x00,0xcc,0x24,0x04,0x00,0x0e,0x92,0x00,0xf2,0xcd,
0x29,0xb4,0x04,0x8a,0x2c,0x07,0x06,0x17,0x2c,0x35,0x23,0x20,0x1c,0x00,0x0c,0x42,
0x0b,0x01,0x00,0x00,0x01,0x00,0x03,0x00,0x00,0x01,0x20,0x01,0x10,0x00,0x01,0x00,
0x0c,0x43,0x0a,0x01,0x00,0x01,0x00,0x01,0x01,0x00,0x00,0x00,0x07,0x01,0xb0,0x04,
0x00,0x01,0x00,0xd7,0x40,0x3a,0x00,0x00,0x00,0x28,0xb4,0x04,0x90,0x2c,0x22,0x00,
0x00,0x08,0xcf,0xcb,0x40,0x6f,0x01,0x00,0x00,0x41,0x1b,0x01,0x00,0x00,0xc5,0x00,
0x24,0x01,0x00,0x38,0xa4,0x00,0x00,0x00,0x40,0x0f,0x02,0x00,0x00,0x47,0x25,0x00,
0x00,0xb4,0x04,0x8f,0x2c,0x07,0x04,0x44,0x36,0x54,0x1d,0x00,0x0c,0x42,0x0b,0x01,
0x00,0x00,0x01,0x00,0x03,0x00,0x00,0x01,0x20,0x01,0x10,0x00,0x01,0x00,0x0c,0x43,
0x0a,0x01,0x00,0x01,0x00,0x01,0x01,0x00,0x00,0x00,0x07,0x01,0xb0,0x04,0x00,0x01,
0x00,0xd7,0x40,0x44,0x00,0x00,0x00,0x28,0xb4,0x04,0x95,0x2c,0x22,0x00,0x00,0x08,
0xcf,0xcb,0x40,0x6f,0x01,0x00,0x00,0x41,0x1b,0x01,0x00,0x00,0xc5,0x00,0x24,0x01,
0x00,0x38,0xa4,0x00,0x00,0x00,0x40,0x0f,0x02,0x00,0x00,0x47,0x25,0x00,0x00,0xb4,
0x04,0x94,0x2c,0x07,0x04,0x44,0x36,0x54,0x1d,0x00,0x0c,0x42,0x0b,0x01,0x00,0x00,
0x01,0x00,0x03,0x00,0x00,0x01,0x20,0x01,0x10,0x00,0x01,0x00,0x0c,0x43,0x0a,0x01,
0x00,0x01,0x00,0x01,0x02,0x00,0x00,0x00,0x10,0x01,0xb0,0x04,0x00,0x01,0x00,0xd7,
0x40,0x3a,0x00,0x00,0x00,0xd7,0x40,0x44,0x00,0x00,0x00,0x26,0x02,0x00,0x28,0xb4,
0x04,0x9a,0x2c,0x22,0x00,0x00,0x08,0xcf,0xcb,0x40,0x6f,0x01,0x00,0x00,0x41,0x1b,
0x01,0x00,0x00,0xc5,0x00,0x24,0x01,0x00,0x38,0xa4,0x00,0x00,0x00,0x40,0x0f,0x02,
0x00,0x00,0x47,0x25,0x00,0x00,0xb4,0x04,0x99,0x2c,0x07,0x04,0x44,0x36,0x54,0x1d,
0x00,0x0c,0x42,0x0b,0x01,0x00,0x00,0x01,0x00,0x02,0x00,0x00,0x00,0x0b,0x01,0x10,
0x00,0x01,0x00,0x08,0xcf,0xcb,0x41,0x4c,0x01,0x00,0x00,0x25,0x00,0x00,0xb4,0x04,
0x9e,0x2c,0x0f,0x02,0x2b,0x0c,0x00,0x0c,0x42,0x0b,0x01,0x00,0x02,0x00,0x02,0x06,
0x00,0x02,0x00,0x36,0x02,0x88,0x01,0x00,0x01,0x00,0x8a,0x0f,0x00,0x01,0x00,0xc2,
0x17,0x02,0x10,0xc4,0x17,0x05,0x10,0xd7,0x64,0x00,0x00,0xa9,0xf0,0x27,0xd7,0x64,
0x01,0x00,0xa9,0x95,0xf0,0x1d,0xd8,0xf0,0x1a,0x64,0x01,0x00,0x11,0xd7,0x26,0x01,
0x00,0xd8,0x0b,0xd7,0x40,0x6c,0x01,0x00,0x00,0x4b,0x6c,0x01,0x00,0x00,0x21,0x03,
0x00,0x28,0xd7,0x28,0x38,0xa2,0x00,0x00,0x00,0xd7,0x23,0x01,0x00,0xb4,0x04,0xa1,
0x2c,0x07,0x0a,0x08,0x2e,0x26,0x08,0x35,0x13,0x00,0x20,0x08,0x01,0x00,0x0c,0x43,
0x0a,0x00,0xc8,0x17,0x01,0x01,0x01,0x04,0x00,0x00,0x02,0x1e,0x02,0xd8,0x05,0x00,
0x01,0x00,0xba,0x11,0x00,0x00,0x00,0x07,0x1c,0x5b,0x5c,0x78,0x30,0x39,0x5c,0x78,
0x30,0x41,0x5c,0x78,0x30,0x44,0x5d,0x07,0x46,0x01,0x00,0x01,0x00,0x1b,0x00,0x00,
0x00,0x09,0x06,0x00,0x00,0x00,0x05,0x08,0xf5,0xff,0xff,0xff,0x0c,0x00,0x16,0x02,
0x00,0x09,0x00,0x0a,0x00,0x0d,0x00,0x0d,0x00,0x0d,0x00,0x0b,0x38,0xa2,0x00,0x00,
0x00,0xd7,0xf5,0x41,0x46,0x02,0x00,0x00,0x24,0x00,0x00,0xd3,0x41,0x18,0x02,0x00,
0x00,0xc4,0x00,0xc4,0x01,0x34,0xc6,0x25,0x02,0x00,0xb4,0x04,0xab,0x2c,0x05,0x06,
0x1c,0x22,0x25,0x0c,0x30,0x17,0x00,0x0c,0x43,0x0a,0x00,0xca,0x17,0x01,0x00,0x01,
0x03,0x00,0x00,0x00,0x12,0x01,0x8a,0x0c,0x00,0x01,0x00,0x38,0xe5,0x02,0x00,0x00,
0x11,0x21,0x00,0x00,0x41,0xe7,0x02,0x00,0x00,0xd7,0x25,0x01,0x00,0xb4,0x04,0xaf,
0x2c,0x05,0x04,0x03,0x1a,0x48,0x2a,0x00,0xc5,0x19,0xc8,0x09,0xc5,0x1a,0xc8,0x0a,
0x60,0x08,0x00,0x60,0x05,0x00,0x60,0x02,0x00,0x60,0x00,0x00,0x06,0x60,0x01,0x00,
0xc4,0x00,0x55,0xe1,0x05,0x00,0x00,0x00,0xc5,0x01,0x53,0x32,0x00,0x00,0x00,0x01,
0xc5,0x02,0x53,0x6c,0x01,0x00,0x00,0x01,0xc5,0x03,0x53,0xc3,0x01,0x00,0x00,0x00,
0xc5,0x04,0x53,0xd2,0x02,0x00,0x00,0x00,0xc5,0x05,0x53,0xca,0x02,0x00,0x00,0x00,
0xc5,0x06,0x53,0x57,0x03,0x00,0x00,0x00,0xc5,0x07,0x53,0xb7,0x04,0x00,0x00,0x00,
0x1b,0xc5,0x08,0x53,0xff,0x05,0x00,0x00,0x00,0x1b,0x06,0xd0,0x0e,0xd3,0x67,0x01,
0x00,0x67,0x00,0x00,0xd1,0x60,0x03,0x00,0x61,0x02,0x00,0x60,0x04,0x00,0xc4,0x09,
0x55,0xe2,0x05,0x00,0x00,0x01,0xc5,0x0a,0x53,0x3a,0x00,0x00,0x00,0x01,0xc5,0x0b,
0x53,0xf9,0x05,0x00,0x00,0x01,0x06,0xc8,0x04,0x0e,0xd6,0x67,0x04,0x00,0xc8,0x05,
0x60,0x06,0x00,0x06,0x60,0x07,0x00,0xc4,0x0c,0x55,0xe3,0x05,0x00,0x00,0x00,0xc5,
0x0d,0x53,0x68,0x02,0x00,0x00,0x00,0xc5,0x0e,0x53,0x09,0x00,0x00,0x00,0x00,0xc5,
0x0f,0x53,0x45,0x00,0x00,0x00,0x00,0xc5,0x10,0x53,0x69,0x02,0x00,0x00,0x00,0xc5,
0x11,0x53,0x6b,0x00,0x00,0x00,0x00,0xc5,0x12,0x53,0x46,0x00,0x00,0x00,0x00,0xc5,
0x13,0x53,0x56,0x01,0x00,0x00,0x00,0xc5,0x14,0x53,0x31,0x00,0x00,0x00,0x00,0xc5,
0x15,0x53,0x73,0x00,0x00,0x00,0x00,0xc5,0x16,0x53,0x4c,0x01,0x00,0x00,0x00,0x38,
0xa4,0x00,0x00,0x00,0x40,0x0f,0x02,0x00,0x00,0xc5,0x17,0x54,0x00,0xc5,0x18,0x53,
0xfb,0x05,0x00,0x00,0x00,0x06,0xc8,0x07,0x0e,0xc9,0x06,0x67,0x07,0x00,0xc8,0x08,
0x38,0x95,0x00,0x00,0x00,0x61,0x02,0x00,0x42,0xd1,0x02,0x00,0x00,0x38,0x95,0x00,
0x00,0x00,0x61,0x05,0x00,0x42,0x00,0x06,0x00,0x00,0x38,0x95,0x00,0x00,0x00,0x61,
0x08,0x00,0x42,0xe3,0x05,0x00,0x00,0x29,0xb4,0x04,0xd1,0x2a,0x03,0x0a,0x00,0x98,
0x02,0xc2,0x03,0x04,0x44,0x00,0x44,0x00,0x00,0x0c,0x43,0x0a,0x00,0x94,0x04,0x00,
0x07,0x00,0x03,0x05,0x00,0x0f,0x87,0x01,0x07,0x82,0x18,0x02,0x03,0x30,0xfe,0x01,
0x03,0x01,0x70,0x00,0x82,0x18,0x01,0x00,0x20,0x84,0x18,0x00,0x00,0x40,0x01,0x86,
0x18,0x00,0x04,0x40,0x02,0x88,0x18,0x00,0x05,0x40,0x04,0x8a,0x18,0x00,0x06,0x40,
0x03,0x0c,0x42,0x0b,0x01,0x00,0x02,0x02,0x02,0x04,0x00,0x03,0x00,0xf2,0x02,0x04,
0xc0,0x01,0x00,0x01,0x00,0x8c,0x18,0x00,0x01,0x00,0x8e,0x18,0x00,0x00,0x00,0x10,
0x00,0x01,0x00,0xfe,0x01,0x01,0x18,0x84,0x18,0x03,0x00,0x86,0x18,0x04,0x00,0x08,
0xd0,0x2b,0x64,0x00,0x00,0x11,0xf0,0x06,0xcc,0x1b,0x24,0x00,0x00,0x0e,0xd7,0x96,
0x04,0x4c,0x00,0x00,0x00,0xad,0xf0,0x14,0x0b,0xd7,0x11,0xf1,0x07,0x0e,0x04,0x87,
0x00,0x00,0x00,0x4b,0x6d,0x02,0x00,0x00,0xcf,0xf2,0x08,0xd7,0x11,0xf1,0x03,0x0e,
0x0b,0xcf,0xcc,0xe4,0xcb,0x40,0x2d,0x02,0x00,0x00,0x11,0xf1,0x07,0x0e,0x04,0x87,
0x00,0x00,0x00,0xf5,0x42,0x49,0x02,0x00,0x00,0xcc,0xe4,0xcb,0x40,0x2e,0x02,0x00,
0x00,0x11,0xf1,0x07,0x0e,0x04,0x87,0x00,0x00,0x00,0xf5,0x42,0x4c,0x02,0x00,0x00,
0xcc,0xe4,0xcb,0x40,0x2f,0x02,0x00,0x00,0x11,0xf1,0x07,0x0e,0x04,0x87,0x00,0x00,
0x00,0xf5,0x42,0x4d,0x02,0x00,0x00,0xcc,0xe4,0xcb,0x40,0x6c,0x02,0x00,0x00,0x11,
0xf1,0x07,0x0e,0x04,0x87,0x00,0x00,0x00,0xf5,0x42,0x08,0x06,0x00,0x00,0xcc,0xe4,
0xcb,0x40,0x31,0x02,0x00,0x00,0x11,0xf1,0x07,0x0e,0x04,0x87,0x00,0x00,0x00,0xf5,
0x42,0x4b,0x02,0x00,0x00,0xcc,0xe4,0xcb,0x40,0x6d,0x02,0x00,0x00,0x11,0xf1,0x07,
0x0e,0x04,0x87,0x00,0x00,0x00,0xf5,0x42,0x4e,0x02,0x00,0x00,0xcc,0xe4,0xcb,0x40,
0x6e,0x02,0x00,0x00,0x11,0xf1,0x07,0x0e,0x04,0x87,0x00,0x00,0x00,0xf5,0x42,0x1f,
0x02,0x00,0x00,0xcc,0xe4,0xcb,0x40,0x33,0x02,0x00,0x00,0x11,0xf1,0x07,0x0e,0x04,
0x87,0x00,0x00,0x00,0xf5,0x42,0x53,0x02,0x00,0x00,0xcc,0xd8,0x11,0xf1,0x0d,0x0e,
0xcb,0x40,0x06,0x06,0x00,0x00,0x11,0xf1,0x03,0x0e,0x07,0x42,0x09,0x06,0x00,0x00,
0xcc,0xe5,0xcc,0x40,0x49,0x02,0x00,0x00,0xf5,0x42,0x0a,0x06,0x00,0x00,0xcc,0xe5,
0xcc,0x40,0x4c,0x02,0x00,0x00,0xf5,0x42,0x0b,0x06,0x00,0x00,0xcc,0xe5,0xcc,0x40,
0x4d,0x02,0x00,0x00,0xf5,0x42,0x0c,0x06,0x00,0x00,0xcc,0xe5,0xcc,0x40,0x08,0x06,
0x00,0x00,0xf5,0x42,0x0d,0x06,0x00,0x00,0xcc,0xe5,0xcc,0x40,0x4b,0x02,0x00,0x00,
0xf5,0x42,0x0e,0x06,0x00,0x00,0xcc,0xe5,0xcc,0x40,0x4e,0x02,0x00,0x00,0xf5,0x42,
0x0f,0x06,0x00,0x00,0xcc,0xe5,0xcc,0x40,0x1f,0x02,0x00,0x00,0xf5,0x42,0x10,0x06,
0x00,0x00,0xcc,0xe5,0xcc,0x40,0x53,0x02,0x00,0x00,0xf5,0x42,0x11,0x06,0x00,0x00,
0x29,0xb4,0x04,0xba,0x2c,0x07,0x48,0x54,0x2e,0x30,0x25,0x63,0x00,0x27,0x03,0x0c,
0x40,0x6c,0x3f,0x0c,0x40,0x6c,0x3f,0x0c,0x40,0x6c,0x3f,0x0c,0x40,0x6c,0x3f,0x0c,
0x38,0x6c,0x37,0x0c,0x40,0x6c,0x3f,0x0c,0x3c,0x6c,0x3b,0x0c,0x38,0x6c,0x37,0x71,
0x00,0x0c,0x42,0x3f,0x41,0x0c,0x42,0x3f,0x41,0x0c,0x42,0x3f,0x41,0x0c,0x42,0x3f,
0x41,0x0c,0x3a,0x3f,0x39,0x0c,0x42,0x3f,0x41,0x0c,0x3e,0x3f,0x3d,0x0c,0x3a,0x00,
0x0c,0x42,0x0b,0x01,0x00,0x00,0x01,0x00,0x01,0x00,0x00,0x00,0x0e,0x01,0x10,0x00,
0x01,0x00,0x08,0xcf,0xcb,0x40,0x49,0x02,0x00,0x00,0x40,0x07,0x06,0x00,0x00,0x28,
0xb4,0x04,0xd3,0x2c,0x0b,0x00,0x00,0x0c,0x42,0x0b,0x01,0x00,0x00,0x01,0x00,0x01,
0x00,0x00,0x00,0x0e,0x01,0x10,0x00,0x01,0x00,0x08,0xcf,0xcb,0x40,0x4c,0x02,0x00,
0x00,0x40,0x07,0x06,0x00,0x00,0x28,0xb4,0x04,0xd6,0x2c,0x0b,0x00,0x00,0x0c,0x42,
0x0b,0x01,0x00,0x00,0x01,0x00,0x01,0x00,0x00,0x00,0x0e,0x01,0x10,0x00,0x01,0x00,
0x08,0xcf,0xcb,0x40,0x4d,0x02,0x00,0x00,0x40,0x07,0x06,0x00,0x00,0x28,0xb4,0x04,
0xd9,0x2c,0x0b,0x00,0x00,0x0c,0x42,0x0b,0x01,0x00,0x00,0x01,0x00,0x01,0x00,0x00,
0x00,0x0e,0x01,0x10,0x00,0x01,0x00,0x08,0xcf,0xcb,0x40,0x08,0x06,0x00,0x00,0x40,
0x07,0x06,0x00,0x00,0x28,0xb4,0x04,0xdc,0x2c,0x0b,0x00,0x00,0x0c,0x42,0x0b,0x01,
0x00,0x00,0x01,0x00,0x01,0x00,0x00,0x00,0x0e,0x01,0x10,0x00,0x01,0x00,0x08,0xcf,
0xcb,0x40,0x4b,0x02,0x00,0x00,0x40,0x07,0x06,0x00,0x00,0x28,0xb4,0x04,0xdf,0x2c,
0x0b,0x00,0x00,0x0c,0x42,0x0b,0x01,0x00,0x00,0x01,0x00,0x01,0x00,0x00,0x00,0x0e,
0x01,0x10,0x00,0x01,0x00,0x08,0xcf,0xcb,0x40,0x4e,0x02,0x00,0x00,0x40,0x07,0x06,
0x00,0x00,0x28,0xb4,0x04,0xe2,0x2c,0x0b,0x00,0x00,0x0c,0x42,0x0b,0x01,0x00,0x00,
0x01,0x00,0x01,0x00,0x00,0x00,0x0e,0x01,0x10,0x00,0x01,0x00,0x08,0xcf,0xcb,0x40,
0x1f,0x02,0x00,0x00,0x40,0x07,0x06,0x00,0x00,0x28,0xb4,0x04,0xe5,0x2c,0x0b,0x00,
0x00,0x0c,0x42,0x0b,0x01,0x00,0x00,0x01,0x00,0x01,0x00,0x00,0x00,0x0e,0x01,0x10,
0x00,0x01,0x00,0x08,0xcf,0xcb,0x40,0x53,0x02,0x00,0x00,0x40,0x07,0x06,0x00,0x00,
0x28,0xb4,0x04,0xe8,0x2c,0x0b,0x00,0x00,0x0c,0x42,0x0b,0x01,0x00,0x02,0x01,0x02,
0x04,0x00,0x00,0x00,0x10,0x03,0xc0,0x01,0x00,0x01,0x00,0x8c,0x18,0x00,0x01,0x00,
0x10,0x00,0x01,0x00,0x08,0xcf,0xcb,0x41,0x90,0x00,0x00,0x00,0xd7,0xd8,0x24,0x02,
0x00,0x07,0xae,0x28,0xb4,0x04,0xeb,0x2c,0x07,0x04,0x2b,0x26,0x1b,0x28,0x00,0x0c,
0x42,0x0b,0x01,0x00,0x02,0x0b,0x02,0x05,0x00,0x02,0x00,0x8e,0x03,0x0d,0xc0,0x01,
0x00,0x01,0x00,0x8c,0x18,0x00,0x01,0x00,0xd0,0x08,0x00,0x00,0x00,0xb0,0x04,0x05,
0x00,0x03,0xa4,0x18,0x00,0x01,0x00,0xa6,0x18,0x00,0x03,0x00,0xa8,0x18,0x00,0x04,
0x00,0xaa,0x18,0x00,0x05,0x00,0xac,0x18,0x00,0x06,0x00,0xae,0x18,0x00,0x07,0x00,
0xb0,0x18,0x00,0x08,0x00,0xb2,0x18,0x00,0x09,0x00,0x10,0x00,0x01,0x00,0x8a,0x18,
0x06,0x00,0x88,0x18,0x05,0x00,0x08,0xc8,0x0a,0xd7,0x96,0x04,0x4c,0x00,0x00,0x00,
0xad,0xf0,0x23,0x6b,0x17,0x00,0x00,0x00,0xe3,0xd7,0xd8,0x11,0xf1,0x09,0x0e,0xc7,
0x0a,0x40,0x09,0x06,0x00,0x00,0xf6,0xcf,0x0e,0xf2,0x0d,0xd0,0x6b,0x07,0x00,0x00,
0x00,0x07,0x6e,0x28,0x30,0xd7,0xcf,0xe4,0xc7,0x0a,0x40,0x49,0x02,0x00,0x00,0xc7,
0x0a,0x40,0x0a,0x06,0x00,0x00,0xcb,0x40,0x2d,0x02,0x00,0x00,0x11,0xf1,0x03,0x0e,
0xc6,0xf7,0xd1,0xe4,0xc7,0x0a,0x40,0x4c,0x02,0x00,0x00,0xc7,0x0a,0x40,0x0b,0x06,
0x00,0x00,0xcb,0x40,0x2e,0x02,0x00,0x00,0x11,0xf1,0x03,0x0e,0xc6,0xf7,0xd2,0xe4,
0xc7,0x0a,0x40,0x4d,0x02,0x00,0x00,0xc7,0x0a,0x40,0x0c,0x06,0x00,0x00,0xcb,0x40,
0x2f,0x02,0x00,0x00,0x11,0xf1,0x03,0x0e,0xc6,0xf7,0xc8,0x04,0xe4,0xc7,0x0a,0x40,
0x08,0x06,0x00,0x00,0xc7,0x0a,0x40,0x0d,0x06,0x00,0x00,0xcb,0x40,0x6c,0x02,0x00,
0x00,0x11,0xf1,0x03,0x0e,0xc6,0xf7,0xc8,0x05,0xe4,0xc7,0x0a,0x40,0x4b,0x02,0x00,
0x00,0xc7,0x0a,0x40,0x0e,0x06,0x00,0x00,0xcb,0x40,0x31,0x02,0x00,0x00,0x11,0xf1,
0x03,0x0e,0xc6,0xf7,0xc8,0x06,0xe4,0xc7,0x0a,0x40,0x4e,0x02,0x00,0x00,0xc7,0x0a,
0x40,0x0f,0x06,0x00,0x00,0xcb,0x40,0x6d,0x02,0x00,0x00,0x11,0xf1,0x03,0x0e,0xc6,
0xf7,0xc8,0x07,0xe4,0xc7,0x0a,0x40,0x1f,0x02,0x00,0x00,0xc7,0x0a,0x40,0x10,0x06,
0x00,0x00,0xcb,0x40,0x6e,0x02,0x00,0x00,0x11,0xf1,0x03,0x0e,0xc6,0xf7,0xc8,0x08,
0xe4,0xc7,0x0a,0x40,0x53,0x02,0x00,0x00,0xc7,0x0a,0x40,0x11,0x06,0x00,0x00,0xcb,
0x40,0x33,0x02,0x00,0x00,0x11,0xf1,0x03,0x0e,0xc6,0xf7,0xc8,0x09,0xcd,0x95,0x11,
0xf1,0x2e,0x0e,0xce,0x95,0x11,0xf1,0x28,0x0e,0xc7,0x04,0x95,0x11,0xf1,0x21,0x0e,
0xc7,0x05,0x95,0x11,0xf1,0x1a,0x0e,0xc7,0x06,0x95,0x11,0xf1,0x13,0x0e,0xc7,0x07,
0x95,0x11,0xf1,0x0c,0x0e,0xc7,0x08,0x95,0x11,0xf1,0x05,0x0e,0xc7,0x09,0x95,0xf0,
0x03,0x07,0x28,0x0b,0xd7,0x26,0x01,0x00,0x4b,0x1a,0x06,0x00,0x00,0xcd,0x4b,0x2d,
0x02,0x00,0x00,0xce,0x4b,0x2e,0x02,0x00,0x00,0xc7,0x04,0x4b,0x2f,0x02,0x00,0x00,
0xc7,0x05,0x4b,0x6c,0x02,0x00,0x00,0xc7,0x06,0x4b,0x31,0x02,0x00,0x00,0xc7,0x07,
0x4b,0x6d,0x02,0x00,0x00,0xc7,0x08,0x4b,0x6e,0x02,0x00,0x00,0xc7,0x09,0x4b,0x33,
0x02,0x00,0x00,0x28,0xb4,0x04,0xee,0x2c,0x07,0x1a,0x18,0x2e,0x4a,0x21,0x07,0x1e,
0x00,0x1c,0x0a,0x21,0x13,0x40,0x8f,0x00,0x8f,0x00,0x94,0x00,0x94,0x07,0x94,0x08,
0x94,0x03,0x94,0x03,0x00,0x0c,0x43,0x0a,0x00,0x84,0x18,0x01,0x08,0x01,0x04,0x00,
0x00,0x04,0xc9,0x03,0x09,0xb6,0x18,0x00,0x01,0x00,0xb8,0x18,0x00,0x00,0x00,0xba,
0x18,0x00,0x01,0x00,0xcc,0x05,0x00,0x02,0x00,0xbc,0x18,0x00,0x03,0x00,0x74,0x00,
0x04,0x00,0xbe,0x18,0x00,0x05,0x00,0xc0,0x18,0x00,0x06,0x00,0xc8,0x04,0x00,0x07,
0x00,0x07,0x18,0x5b,0x61,0x2d,0x7a,0x41,0x2d,0x5a,0x30,0x2d,0x39,0x5f,0x5d,0x07,
0x56,0x00,0x00,0x01,0x00,0x23,0x00,0x00,0x00,0x09,0x06,0x00,0x00,0x00,0x05,0x08,
0xf5,0xff,0xff,0xff,0x0c,0x00,0x16,0x04,0x00,0x30,0x00,0x39,0x00,0x41,0x00,0x5a,
0x00,0x5f,0x00,0x5f,0x00,0x61,0x00,0x7a,0x00,0x0d,0x00,0x0b,0x07,0x22,0x5b,0x5c,
0x5c,0x5e,0x24,0x2e,0x7c,0x3f,0x2b,0x28,0x29,0x7b,0x7d,0x5b,0x5c,0x5d,0x5d,0x07,
0x6e,0x00,0x00,0x01,0x00,0x2f,0x00,0x00,0x00,0x09,0x06,0x00,0x00,0x00,0x05,0x08,
0xf5,0xff,0xff,0xff,0x0c,0x00,0x16,0x07,0x00,0x24,0x00,0x24,0x00,0x28,0x00,0x29,
0x00,0x2b,0x00,0x2b,0x00,0x2e,0x00,0x2e,0x00,0x3f,0x00,0x3f,0x00,0x5b,0x00,0x5e,
0x00,0x7b,0x00,0x7d,0x00,0x0d,0x00,0x0b,0xd7,0x04,0x87,0x00,0x00,0x00,0xad,0xf0,
0x20,0x0b,0xd7,0x4b,0x07,0x06,0x00,0x00,0x04,0x21,0x06,0x00,0x00,0x4b,0x1c,0x06,
0x00,0x00,0x04,0x87,0x00,0x00,0x00,0x26,0x01,0x00,0x4b,0x1d,0x06,0x00,0x00,0x28,
0xc6,0xcf,0x26,0x00,0x00,0xd0,0xba,0xd1,0xcd,0xd7,0xef,0xa5,0x68,0x74,0x01,0x00,
0x00,0xd7,0xcd,0x46,0xd6,0x04,0x5b,0x02,0x00,0x00,0xad,0x68,0xb4,0x00,0x00,0x00,
0x92,0x02,0xc6,0xc8,0x04,0xcd,0xd7,0xef,0xa5,0xf0,0x1f,0xc4,0x00,0xc4,0x01,0x34,
0x41,0x84,0x02,0x00,0x00,0xd7,0xcd,0x46,0x24,0x01,0x00,0xf0,0x0d,0xc7,0x04,0xd7,
0xcd,0x46,0x9c,0xc8,0x04,0x92,0x02,0xf2,0xdd,0xc6,0xc8,0x05,0xcd,0xd7,0xef,0xa5,
0xf0,0x2d,0xd7,0xcd,0x46,0x04,0x13,0x02,0x00,0x00,0xad,0x11,0xf1,0x18,0x0e,0xd7,
0xcd,0x46,0x04,0x1e,0x02,0x00,0x00,0xad,0x11,0xf1,0x0b,0x0e,0xd7,0xcd,0x46,0x04,
0x87,0x00,0x00,0x00,0xad,0xf0,0x08,0xd7,0xcd,0x46,0xc8,0x05,0x92,0x02,0xcc,0x41,
0x52,0x01,0x00,0x00,0xc7,0x04,0x24,0x01,0x00,0x0e,0xc7,0x05,0x04,0x13,0x02,0x00,
0x00,0xad,0xf0,0x0b,0x04,0x22,0x06,0x00,0x00,0x93,0x00,0xf3,0x6c,0xff,0xc7,0x05,
0x04,0x1e,0x02,0x00,0x00,0xad,0xf0,0x0b,0x04,0x23,0x06,0x00,0x00,0x93,0x00,0xf3,
0x58,0xff,0xc7,0x05,0x04,0x87,0x00,0x00,0x00,0xad,0xf0,0x0b,0x04,0x21,0x06,0x00,
0x00,0x93,0x00,0xf3,0x44,0xff,0x04,0x24,0x06,0x00,0x00,0x93,0x00,0xf3,0x3a,0xff,
0xce,0x04,0x25,0x06,0x00,0x00,0xad,0xf0,0x61,0x92,0x02,0xc6,0xc8,0x06,0xbb,0xc8,
0x07,0xcd,0xd7,0xef,0xa5,0xf0,0x33,0xc7,0x07,0xba,0xa7,0xf0,0x2d,0xd7,0xcd,0x46,
0x04,0x25,0x06,0x00,0x00,0xad,0xf0,0x03,0x92,0x07,0xd7,0xcd,0x46,0x04,0x26,0x06,
0x00,0x00,0xad,0xf0,0x03,0x91,0x07,0xc7,0x07,0xba,0xa7,0xf0,0x09,0xc7,0x06,0xd7,
0xcd,0x46,0x9c,0xc8,0x06,0x92,0x02,0xf2,0xc9,0xcb,0x04,0x27,0x06,0x00,0x00,0xc7,
0x06,0x9c,0x04,0x28,0x06,0x00,0x00,0x9c,0x9c,0xcf,0xcc,0x41,0x52,0x01,0x00,0x00,
0xc7,0x06,0x24,0x01,0x00,0x0e,0xf3,0xd1,0xfe,0xce,0x04,0x87,0x00,0x00,0x00,0xad,
0xf0,0x1c,0x04,0x29,0x06,0x00,0x00,0x93,0x00,0xcc,0x41,0x52,0x01,0x00,0x00,0x04,
0x87,0x00,0x00,0x00,0x24,0x01,0x00,0x0e,0x92,0x02,0xf3,0xad,0xfe,0xc4,0x02,0xc4,
0x03,0x34,0x41,0x84,0x02,0x00,0x00,0xce,0x24,0x01,0x00,0xf0,0x0d,0xcb,0x04,0x2a,
0x06,0x00,0x00,0xce,0x9c,0x9c,0xcf,0xf2,0x04,0xce,0x93,0x00,0x92,0x02,0xf3,0x89,
0xfe,0x0b,0xd7,0x4b,0x07,0x06,0x00,0x00,0x04,0x2b,0x06,0x00,0x00,0xcb,0x9c,0x04,
0x2c,0x06,0x00,0x00,0x9c,0x4b,0x1c,0x06,0x00,0x00,0xcc,0x4b,0x1d,0x06,0x00,0x00,
0x28,0xb4,0x04,0x91,0x2d,0x05,0x6b,0x08,0x2a,0x00,0x30,0x14,0x0f,0x40,0x04,0x3a,
0x11,0x22,0x16,0x4d,0x52,0x2b,0x63,0x2b,0x00,0x2d,0x0c,0x2a,0x50,0x43,0x32,0x43,
0x32,0x2b,0xbf,0x01,0x1c,0x00,0x0e,0x03,0x20,0x16,0x2b,0x0c,0x2b,0x1d,0x3f,0x2c,
0x2b,0x2b,0x3f,0x2c,0x2b,0x2b,0x36,0x00,0x3b,0x1c,0x2b,0x1f,0x32,0x16,0x25,0x3a,
0x26,0x1f,0x2a,0x0a,0x1c,0x09,0x2a,0x0a,0x17,0x1d,0x16,0x06,0x2b,0x1d,0x18,0x03,
0x20,0x24,0x11,0x1e,0x2b,0x41,0x20,0x16,0x35,0x0a,0x2b,0x1f,0x26,0x00,0x20,0x0c,
0x30,0x0b,0x4f,0x3a,0x21,0x35,0x20,0x26,0x22,0x25,0x13,0x03,0x00,0x11,0x0a,0x1c,
0x0c,0x16,0x00,0x0c,0x43,0x0a,0x00,0x86,0x18,0x01,0x01,0x01,0x05,0x00,0x00,0x00,
0x25,0x02,0xda,0x18,0x00,0x01,0x00,0xb0,0x04,0x03,0x00,0x03,0x6b,0x1a,0x00,0x00,
0x00,0x38,0xac,0x00,0x00,0x00,0x11,0xd7,0x40,0x1c,0x06,0x00,0x00,0x04,0x66,0x01,
0x00,0x00,0x21,0x02,0x00,0x6e,0x28,0xcf,0x6b,0x07,0x00,0x00,0x00,0x07,0x6e,0x28,
0x30,0xb4,0x04,0xd3,0x2d,0x05,0x02,0x1d,0x1e,0x00,0x0c,0x43,0x0a,0x00,0x88,0x18,
0x03,0x05,0x03,0x03,0x00,0x00,0x00,0x71,0x08,0xda,0x18,0x00,0x01,0x00,0xdc,0x18,
0x00,0x01,0x00,0x88,0x01,0x00,0x01,0x00,0xd8,0x08,0x00,0x00,0x00,0xa2,0x02,0x00,
0x01,0x00,0xc0,0x01,0x00,0x02,0x00,0xcc,0x05,0x00,0x03,0x00,0x74,0x00,0x04,0x00,
0xd8,0x95,0xf0,0x03,0x07,0x28,0xd9,0x41,0x2c,0x02,0x00,0x00,0xd8,0x24,0x01,0x00,
0xd3,0x95,0xf0,0x03,0x07,0x28,0x0b,0xd0,0xcb,0xba,0x46,0xd1,0xba,0xd2,0xce,0xd7,
0x40,0x1d,0x06,0x00,0x00,0xef,0xa5,0xf0,0x3b,0xd7,0x40,0x1d,0x06,0x00,0x00,0xce,
0x46,0xc8,0x04,0xcb,0xce,0xbb,0x9c,0x46,0xdd,0xc7,0x04,0xf0,0x23,0xc7,0x04,0x04,
0x87,0x00,0x00,0x00,0xae,0xf0,0x19,0xcc,0xc7,0x04,0x1b,0x11,0xaf,0xf1,0x04,0x1b,
0x71,0x1b,0x1b,0xd9,0xf8,0xf1,0x04,0xd9,0xf2,0x02,0xc6,0x1b,0x71,0x1b,0x48,0x92,
0x03,0xf2,0xbc,0x0b,0xcd,0x4b,0x60,0x00,0x00,0x00,0xcc,0x4b,0x91,0x00,0x00,0x00,
0x28,0xb4,0x04,0xda,0x2d,0x05,0x0e,0x40,0x34,0x00,0x13,0x08,0x07,0x72,0x08,0x35,
0x01,0x2b,0x25,0x43,0x32,0x00,0x0c,0x43,0x0a,0x00,0x8a,0x18,0x02,0x03,0x02,0x04,
0x00,0x00,0x02,0xd8,0x01,0x05,0xd0,0x08,0x00,0x01,0x00,0xd2,0x08,0x00,0x01,0x00,
0xa0,0x08,0x00,0x00,0x00,0xd0,0x05,0x00,0x01,0x00,0xd8,0x08,0x00,0x02,0x00,0x07,
0xf0,0x01,0x5e,0x28,0x3f,0x3a,0x28,0x5b,0x61,0x2d,0x7a,0x5d,0x5b,0x61,0x2d,0x7a,
0x30,0x2d,0x39,0x2b,0x2e,0x2d,0x5d,0x2a,0x29,0x3a,0x29,0x3f,0x28,0x3f,0x3a,0x5c,
0x2f,0x5c,0x2f,0x28,0x3f,0x3a,0x28,0x5b,0x5e,0x3a,0x40,0x5d,0x2a,0x29,0x28,0x3f,
0x3a,0x3a,0x28,0x5b,0x5e,0x40,0x5d,0x2a,0x29,0x29,0x3f,0x40,0x29,0x3f,0x28,0x5b,
0x5e,0x3a,0x2f,0x3f,0x23,0x5d,0x2a,0x29,0x28,0x3f,0x3a,0x3a,0x28,0x5c,0x64,0x2b,
0x29,0x29,0x3f,0x29,0x3f,0x28,0x5c,0x2f,0x3f,0x5b,0x5e,0x3f,0x23,0x5d,0x2a,0x29,
0x3f,0x28,0x3f,0x3a,0x5c,0x3f,0x28,0x5b,0x5e,0x23,0x5d,0x2a,0x29,0x29,0x3f,0x28,
0x3f,0x3a,0x23,0x28,0x2e,0x2a,0x29,0x29,0x3f,0x24,0x07,0xd6,0x06,0x02,0x00,0x09,
0x03,0xa3,0x01,0x00,0x00,0x09,0x06,0x00,0x00,0x00,0x05,0x08,0xf5,0xff,0xff,0xff,
0x0c,0x00,0x06,0x0e,0x01,0x01,0x0a,0x34,0x00,0x00,0x00,0x1a,0x0c,0x01,0x16,0x01,
0x00,0x41,0x00,0x5a,0x00,0x1d,0x14,0x00,0x00,0x00,0x00,0x00,0x00,0x00,0xff,0xff,
0xff,0x7f,0x01,0x00,0x00,0x00,0x16,0x04,0x00,0x2b,0x00,0x2b,0x00,0x2d,0x00,0x2e,
0x00,0x30,0x00,0x39,0x00,0x41,0x00,0x5a,0x00,0x0b,0x0d,0x01,0x01,0x3a,0x1b,0x0e,
0x02,0x05,0x0a,0xba,0x00,0x00,0x00,0x1a,0x01,0x2f,0x01,0x2f,0x0e,0x02,0x03,0x0a,
0x56,0x00,0x00,0x00,0x1a,0x0c,0x02,0x1d,0x10,0x00,0x00,0x00,0x00,0x00,0x00,0x00,
0xff,0xff,0xff,0x7f,0x01,0x00,0x00,0x00,0x16,0x03,0x00,0x00,0x00,0x39,0x00,0x3b,
0x00,0x3f,0x00,0x41,0x00,0xff,0xff,0x0b,0x0d,0x02,0x0e,0x03,0x03,0x0a,0x25,0x00,
0x00,0x00,0x1a,0x01,0x3a,0x0c,0x03,0x1d,0x0c,0x00,0x00,0x00,0x00,0x00,0x00,0x00,
0xff,0xff,0xff,0x7f,0x01,0x00,0x00,0x00,0x16,0x02,0x00,0x00,0x00,0x3f,0x00,0x41,
0x00,0xff,0xff,0x0b,0x0d,0x03,0x1b,0x01,0x40,0x1b,0x0c,0x04,0x1d,0x18,0x00,0x00,
0x00,0x00,0x00,0x00,0x00,0xff,0xff,0xff,0x7f,0x01,0x00,0x00,0x00,0x16,0x05,0x00,
0x00,0x00,0x22,0x00,0x24,0x00,0x2e,0x00,0x30,0x00,0x39,0x00,0x3b,0x00,0x3e,0x00,
0x40,0x00,0xff,0xff,0x0b,0x0d,0x04,0x0e,0x05,0x05,0x0a,0x21,0x00,0x00,0x00,0x1a,
0x01,0x3a,0x0c,0x05,0x1d,0x08,0x00,0x00,0x00,0x01,0x00,0x00,0x00,0xff,0xff,0xff,
0x7f,0x01,0x00,0x00,0x00,0x16,0x01,0x00,0x30,0x00,0x39,0x00,0x0b,0x0d,0x05,0x1b,
0x1b,0x0e,0x06,0x06,0x0a,0x3b,0x00,0x00,0x00,0x1a,0x0c,0x06,0x1d,0x03,0x00,0x00,
0x00,0x00,0x00,0x00,0x00,0x01,0x00,0x00,0x00,0x01,0x00,0x00,0x00,0x01,0x2f,0x0b,
0x1d,0x10,0x00,0x00,0x00,0x00,0x00,0x00,0x00,0xff,0xff,0xff,0x7f,0x01,0x00,0x00,
0x00,0x16,0x03,0x00,0x00,0x00,0x22,0x00,0x24,0x00,0x3e,0x00,0x40,0x00,0xff,0xff,
0x0b,0x0d,0x06,0x1b,0x0e,0x07,0x07,0x0a,0x25,0x00,0x00,0x00,0x1a,0x01,0x3f,0x0c,
0x07,0x1d,0x0c,0x00,0x00,0x00,0x00,0x00,0x00,0x00,0xff,0xff,0xff,0x7f,0x01,0x00,
0x00,0x00,0x16,0x02,0x00,0x00,0x00,0x22,0x00,0x24,0x00,0xff,0xff,0x0b,0x0d,0x07,
0x1b,0x0e,0x08,0x08,0x0a,0x1b,0x00,0x00,0x00,0x1a,0x01,0x23,0x0c,0x08,0x1d,0x02,
0x00,0x00,0x00,0x00,0x00,0x00,0x00,0xff,0xff,0xff,0x7f,0x01,0x00,0x00,0x00,0x04,
0x0b,0x0d,0x08,0x1b,0x07,0x0d,0x00,0x0b,0x38,0xa2,0x00,0x00,0x00,0xd7,0xf5,0xcf,
0x0b,0xc6,0x4b,0x2d,0x02,0x00,0x00,0xc6,0x4b,0x2e,0x02,0x00,0x00,0xc6,0x4b,0x2f,
0x02,0x00,0x00,0xc6,0x4b,0x6c,0x02,0x00,0x00,0xc6,0x4b,0x31,0x02,0x00,0x00,0x04,
0x47,0x02,0x00,0x00,0x4b,0x6d,0x02,0x00,0x00,0xc6,0x4b,0x6e,0x02,0x00,0x00,0xc6,
0x4b,0x33,0x02,0x00,0x00,0xd0,0xcb,0x41,0x2c,0x02,0x00,0x00,0xc4,0x00,0xc4,0x01,
0x34,0x24,0x01,0x00,0xd5,0x95,0xf0,0x12,0x38,0xda,0x00,0x00,0x00,0x11,0x04,0x3f,
0x02,0x00,0x00,0xcb,0x9c,0x21,0x01,0x00,0x30,0xcc,0xcd,0xbb,0x46,0x11,0xf1,0x03,
0x0e,0xc6,0x42,0x2d,0x02,0x00,0x00,0xcc,0xcd,0xbc,0x46,0x11,0xf1,0x03,0x0e,0xc6,
0x42,0x2e,0x02,0x00,0x00,0xcc,0xcd,0xbd,0x46,0x11,0xf1,0x03,0x0e,0xc6,0x42,0x2f,
0x02,0x00,0x00,0xcc,0xcd,0xbe,0x46,0x11,0xf1,0x03,0x0e,0xc6,0x42,0x6c,0x02,0x00,
0x00,0xcc,0xcd,0xbf,0x46,0x11,0xf1,0x03,0x0e,0xc6,0x42,0x31,0x02,0x00,0x00,0xcc,
0xcd,0xc0,0x46,0x11,0xf1,0x07,0x0e,0x04,0x47,0x02,0x00,0x00,0x42,0x6d,0x02,0x00,
0x00,0xcc,0xcd,0xc1,0x46,0x11,0xf1,0x03,0x0e,0xc6,0x42,0x6e,0x02,0x00,0x00,0xcc,
0xcd,0xc2,0x08,0x46,0x11,0xf1,0x03,0x0e,0xc6,0x42,0x33,0x02,0x00,0x00,0xcc,0x28,
0xb4,0x04,0xec,0x2d,0x05,0x1a,0x1c,0x26,0x00,0x3f,0x16,0x01,0x3f,0x0c,0x39,0x38,
0x21,0x63,0x49,0x00,0x49,0x00,0x49,0x00,0x49,0x00,0x49,0x00,0x5d,0x00,0x49,0x00,
0x00,0xc5,0x0b,0xd2,0xc5,0x0c,0xc8,0x04,0xc5,0x0d,0xc8,0x05,0xc5,0x0e,0xc8,0x06,
0x60,0x02,0x00,0x60,0x00,0x00,0x06,0x60,0x01,0x00,0xc4,0x00,0x55,0x01,0x06,0x00,
0x00,0x00,0xc5,0x01,0x53,0x2d,0x02,0x00,0x00,0x01,0xc5,0x02,0x53,0x2e,0x02,0x00,
0x00,0x01,0xc5,0x03,0x53,0x2f,0x02,0x00,0x00,0x01,0xc5,0x04,0x53,0x6c,0x02,0x00,
0x00,0x01,0xc5,0x05,0x53,0x31,0x02,0x00,0x00,0x01,0xc5,0x06,0x53,0x6d,0x02,0x00,
0x00,0x01,0xc5,0x07,0x53,0x6e,0x02,0x00,0x00,0x01,0xc5,0x08,0x53,0x33,0x02,0x00,
0x00,0x01,0xc5,0x09,0x53,0x84,0x02,0x00,0x00,0x00,0xc5,0x0a,0x53,0x90,0x00,0x00,
0x00,0x00,0x06,0xd0,0x0e,0xd3,0x67,0x01,0x00,0xd1,0x38,0x95,0x00,0x00,0x00,0x61,
0x02,0x00,0x42,0x01,0x06,0x00,0x00,0x29,0xb4,0x04,0xb8,0x2c,0x03,0x05,0x00,0x79,
0x98,0x03,0x04,0x00,0x0c,0x43,0x0a,0x00,0x96,0x04,0x00,0x01,0x00,0x06,0x00,0x00,
0x07,0x8f,0x02,0x01,0xde,0x18,0x00,0x00,0x00,0x0c,0x43,0x0a,0x00,0xe0,0x18,0x01,
0x05,0x01,0x05,0x00,0x00,0x00,0xfb,0x01,0x06,0x6e,0x00,0x01,0x00,0xf2,0x06,0x00,
0x00,0x00,0x68,0x00,0x01,0x00,0x8a,0x0f,0x00,0x02,0x00,0x8e,0x0f,0x00,0x03,0x00,
0x92,0x0f,0x00,0x04,0x00,0xd7,0xf8,0x11,0xf1,0x04,0x0e,0xd7,0xf9,0xf0,0x02,0x29,
0x38,0x95,0x00,0x00,0x00,0x40,0xcf,0x03,0x00,0x00,0xfb,0x68,0xa2,0x00,0x00,0x00,
0xd7,0x38,0xa0,0x00,0x00,0x00,0xa9,0xf0,0x09,0xd7,0x40,0x34,0x00,0x00,0x00,0xf2,
0x08,0x38,0xa2,0x00,0x00,0x00,0xd7,0xf5,0xd0,0xd7,0x38,0xa0,0x00,0x00,0x00,0xa9,
0xf0,0x0e,0xd7,0x40,0xf8,0x05,0x00,0x00,0x11,0xf1,0x06,0x0e,0xc6,0xf2,0x02,0xc6,
0xd1,0xd7,0x38,0xa0,0x00,0x00,0x00,0xa9,0xf0,0x0e,0xd7,0x40,0x31,0x06,0x00,0x00,
0x11,0xf1,0x06,0x0e,0xba,0xf2,0x02,0xba,0xd2,0xd7,0x38,0xa0,0x00,0x00,0x00,0xa9,
0xf0,0x0e,0xd7,0x40,0x32,0x06,0x00,0x00,0x11,0xf1,0x06,0x0e,0xba,0xf2,0x02,0xba,
0xc8,0x04,0x38,0x95,0x00,0x00,0x00,0x40,0xcf,0x03,0x00,0x00,0x11,0x04,0x37,0x00,
0x00,0x00,0x0b,0xcc,0x4b,0x34,0x00,0x00,0x00,0xcd,0x4b,0xc5,0x03,0x00,0x00,0xce,
0x4b,0xc7,0x03,0x00,0x00,0xc7,0x04,0x4b,0xc9,0x03,0x00,0x00,0xd7,0x4b,0x37,0x00,
0x00,0x00,0x0a,0x4b,0x9b,0x01,0x00,0x00,0x21,0x02,0x00,0xcf,0xf2,0x34,0x38,0xd3,
0x01,0x00,0x00,0x11,0x04,0x37,0x00,0x00,0x00,0x21,0x01,0x00,0xd3,0xd7,0x38,0xa0,
0x00,0x00,0x00,0xa9,0xf0,0x09,0xd7,0x40,0x34,0x00,0x00,0x00,0xf2,0x08,0x38,0xa2,
0x00,0x00,0x00,0xd7,0xf5,0x42,0x34,0x00,0x00,0x00,0xcb,0xd7,0x42,0x37,0x00,0x00,
0x00,0x38,0x95,0x00,0x00,0x00,0x41,0xd2,0x01,0x00,0x00,0xcb,0x24,0x01,0x00,0x29,
0xb4,0x04,0x93,0x2e,0x1e,0x22,0x08,0x11,0x20,0x28,0x4a,0x06,0x26,0x07,0x6b,0x3e,
0x17,0x3b,0x7b,0x03,0x7b,0x01,0x7b,0x21,0x00,0x3c,0x12,0x00,0x4e,0x00,0x07,0x2a,
0x6b,0x3e,0x26,0x7f,0x27,0x03,0x34,0x32,0x00,0x0c,0x43,0x0a,0x00,0x00,0x00,0x02,
0x00,0x02,0x00,0x00,0x00,0x0f,0x02,0xfa,0x13,0x00,0x00,0x00,0x10,0x00,0x01,0x00,
0x08,0xd0,0xcc,0x40,0x33,0x06,0x00,0x00,0xd3,0x11,0xf1,0x03,0x0e,0x07,0x28,0xb4,
0x04,0xab,0x2e,0x0c,0x00,0x00,0x0c,0x43,0x0a,0x00,0x00,0x01,0x01,0x01,0x04,0x00,
0x00,0x00,0x3a,0x02,0xe4,0x13,0x00,0x01,0x00,0x10,0x00,0x01,0x00,0x08,0xcf,0xcb,
0x40,0x33,0x06,0x00,0x00,0xf0,0x16,0xcb,0x41,0xd1,0x01,0x00,0x00,0x04,0x37,0x00,
0x00,0x00,0xcb,0x40,0x33,0x06,0x00,0x00,0x24,0x02,0x00,0x0e,0xcb,0xd7,0x42,0x33,
0x06,0x00,0x00,0xd7,0xf0,0x11,0xcb,0x41,0xd0,0x01,0x00,0x00,0x04,0x37,0x00,0x00,
0x00,0xd7,0x24,0x02,0x00,0x0e,0x29,0xb4,0x04,0xaf,0x2e,0x0c,0x0a,0x36,0x01,0x20,
0x0a,0x4f,0x0d,0x36,0x04,0x20,0x0a,0x00,0x0c,0x43,0x0a,0x00,0x00,0x00,0x02,0x00,
0x02,0x00,0x00,0x00,0x0f,0x02,0xfa,0x13,0x00,0x00,0x00,0x10,0x00,0x01,0x00,0x08,
0xd0,0xcc,0x40,0x34,0x06,0x00,0x00,0xd3,0x11,0xf1,0x03,0x0e,0x07,0x28,0xb4,0x04,
0xbc,0x2e,0x0c,0x00,0x00,0x0c,0x43,0x0a,0x00,0x00,0x01,0x01,0x01,0x04,0x00,0x00,
0x00,0x3a,0x02,0xe4,0x13,0x00,0x01,0x00,0x10,0x00,0x01,0x00,0x08,0xcf,0xcb,0x40,
0x34,0x06,0x00,0x00,0xf0,0x16,0xcb,0x41,0xd1,0x01,0x00,0x00,0x04,0xcc,0x03,0x00,
0x00,0xcb,0x40,0x34,0x06,0x00,0x00,0x24,0x02,0x00,0x0e,0xcb,0xd7,0x42,0x34,0x06,
0x00,0x00,0xd7,0xf0,0x11,0xcb,0x41,0xd0,0x01,0x00,0x00,0x04,0xcc,0x03,0x00,0x00,
0xd7,0x24,0x02,0x00,0x0e,0x29,0xb4,0x04,0xc0,0x2e,0x0c,0x0a,0x36,0x01,0x20,0x0a,
0x4f,0x0d,0x36,0x04,0x20,0x0a,0x00,0x0c,0x43,0x0a,0x00,0x00,0x00,0x02,0x00,0x02,
0x00,0x00,0x00,0x0f,0x02,0xfa,0x13,0x00,0x00,0x00,0x10,0x00,0x01,0x00,0x08,0xd0,
0xcc,0x40,0x35,0x06,0x00,0x00,0xd3,0x11,0xf1,0x03,0x0e,0x07,0x28,0xb4,0x04,0xcd,
0x2e,0x0c,0x00,0x00,0x0c,0x43,0x0a,0x00,0x00,0x01,0x01,0x01,0x04,0x00,0x00,0x00,
0x3a,0x02,0xe4,0x13,0x00,0x01,0x00,0x10,0x00,0x01,0x00,0x08,0xcf,0xcb,0x40,0x35,
0x06,0x00,0x00,0xf0,0x16,0xcb,0x41,0xd1,0x01,0x00,0x00,0x04,0x36,0x06,0x00,0x00,
0xcb,0x40,0x35,0x06,0x00,0x00,0x24,0x02,0x00,0x0e,0xcb,0xd7,0x42,0x35,0x06,0x00,
0x00,0xd7,0xf0,0x11,0xcb,0x41,0xd0,0x01,0x00,0x00,0x04,0x36,0x06,0x00,0x00,0xd7,
0x24,0x02,0x00,0x0e,0x29,0xb4,0x04,0xd1,0x2e,0x0c,0x0a,0x36,0x01,0x20,0x0a,0x4f,
0x0d,0x36,0x04,0x20,0x0a,0x00,0x0b,0x04,0x37,0x06,0x00,0x00,0x4b,0x38,0x06,0x00,
0x00,0x04,0x39,0x06,0x00,0x00,0x4b,0x3a,0x06,0x00,0x00,0x04,0x3b,0x06,0x00,0x00,
0x4b,0x3c,0x06,0x00,0x00,0xbb,0x4b,0x3d,0x06,0x00,0x00,0x0a,0x4b,0x3e,0x06,0x00,
0x00,0xba,0x4b,0x3f,0x06,0x00,0x00,0xcf,0x38,0x95,0x00,0x00,0x00,0xcb,0x42,0x2f,
0x06,0x00,0x00,0x38,0x95,0x00,0x00,0x00,0x38,0x95,0x00,0x00,0x00,0x42,0xdd,0x01,
0x00,0x00,0x38,0x95,0x00,0x00,0x00,0xc5,0x00,0x42,0x83,0x01,0x00,0x00,0x38,0x9e,
0x00,0x00,0x00,0x41,0x6d,0x00,0x00,0x00,0x38,0x95,0x00,0x00,0x00,0x04,0x4e,0x04,
0x00,0x00,0x0b,0xc5,0x01,0x4c,0x45,0x00,0x00,0x00,0x4b,0x45,0x00,0x00,0x00,0xc5,
0x02,0x4c,0x46,0x00,0x00,0x00,0x4b,0x46,0x00,0x00,0x00,0x0a,0x4b,0x41,0x00,0x00,
0x00,0x0a,0x4b,0x43,0x00,0x00,0x00,0x24,0x03,0x00,0x0e,0x38,0x9e,0x00,0x00,0x00,
0x41,0x6d,0x00,0x00,0x00,0x38,0x95,0x00,0x00,0x00,0x04,0x40,0x06,0x00,0x00,0x0b,
0xc5,0x03,0x4c,0x45,0x00,0x00,0x00,0x4b,0x45,0x00,0x00,0x00,0xc5,0x04,0x4c,0x46,
0x00,0x00,0x00,0x4b,0x46,0x00,0x00,0x00,0x0a,0x4b,0x41,0x00,0x00,0x00,0x0a,0x4b,
0x43,0x00,0x00,0x00,0x24,0x03,0x00,0x0e,0x38,0x9e,0x00,0x00,0x00,0x41,0x6d,0x00,
0x00,0x00,0x38,0x95,0x00,0x00,0x00,0x04,0x41,0x06,0x00,0x00,0x0b,0xc5,0x05,0x4c,
0x45,0x00,0x00,0x00,0x4b,0x45,0x00,0x00,0x00,0xc5,0x06,0x4c,0x46,0x00,0x00,0x00,
0x4b,0x46,0x00,0x00,0x00,0x0a,0x4b,0x41,0x00,0x00,0x00,0x0a,0x4b,0x43,0x00,0x00,
0x00,0x24,0x03,0x00,0x29,0xb4,0x04,0x88,0x2e,0x03,0x1a,0x00,0x32,0x12,0x04,0x3a,
0x00,0x4e,0x00,0x00,0x0c,0x2e,0x00,0x34,0x2c,0x00,0x33,0x22,0x2b,0x34,0x2c,0x00,
0x33,0x22,0x2b,0x34,0x2c,0x00,0x0c,0x43,0x0a,0x00,0x98,0x04,0x01,0x00,0x01,0x02,
0x01,0x01,0x01,0x09,0x01,0xa2,0x04,0x00,0x01,0x40,0x00,0x9a,0x04,0x1a,0x00,0x0c,
0x43,0x0a,0x00,0x00,0x00,0x00,0x00,0x02,0x00,0x02,0x00,0x04,0x00,0x9a,0x04,0x00,
0x02,0xa2,0x04,0x00,0x01,0xe3,0xe4,0xf5,0x29,0xb4,0x04,0xe1,0x2e,0x24,0x04,0x03,
0x39,0x07,0x28,0x00,0xd7,0xc5,0x00,0x42,0x42,0x06,0x00,0x00,0x29,0xb4,0x04,0xe0,
0x2e,0x03,0x02,0x03,0x04,0x00,0x0c,0x43,0x0a,0x00,0x9a,0x04,0x01,0x0f,0x01,0x05,
0x0d,0x00,0x19,0x93,0x04,0x10,0xa2,0x04,0x00,0x01,0x40,0x04,0x86,0x19,0x00,0x00,
0x40,0x05,0x88,0x19,0x00,0x01,0x40,0x06,0x8a,0x19,0x00,0x02,0x40,0x00,0x8c,0x19,
0x00,0x03,0x40,0x07,0x8e,0x19,0x00,0x04,0x40,0x0a,0x90,0x19,0x00,0x05,0x40,0x0b,
0x92,0x19,0x00,0x06,0x40,0x01,0x94,0x19,0x00,0x07,0x40,0x0c,0x96,0x19,0x00,0x08,
0x40,0x09,0x98,0x19,0x02,0x0f,0x30,0xfe,0x01,0x03,0x0a,0x70,0x02,0x98,0x19,0x01,
0x00,0x60,0x08,0x9a,0x19,0x04,0x0f,0x30,0xfe,0x01,0x05,0x0d,0x70,0x03,0x9a,0x19,
0x01,0x0c,0x20,0x0c,0x43,0x0a,0x00,0x86,0x19,0x01,0x00,0x01,0x05,0x00,0x00,0x00,
0x5a,0x01,0xe8,0x04,0x00,0x01,0x00,0xd7,0x38,0xb1,0x00,0x00,0x00,0xa9,0xf0,0x03,
0xd7,0x28,0xd7,0x38,0xad,0x00,0x00,0x00,0xa9,0xf0,0x0c,0x38,0xb1,0x00,0x00,0x00,
0x11,0xd7,0x21,0x01,0x00,0x28,0x38,0xad,0x00,0x00,0x00,0x41,0xb6,0x04,0x00,0x00,
0xd7,0x24,0x01,0x00,0xf0,0x1d,0x38,0xb1,0x00,0x00,0x00,0x11,0xd7,0x40,0xcd,0x02,
0x00,0x00,0xd7,0x40,0xce,0x02,0x00,0x00,0xd7,0x40,0xcf,0x02,0x00,0x00,0x21,0x03,
0x00,0x28,0x38,0xda,0x00,0x00,0x00,0x11,0x04,0x4e,0x06,0x00,0x00,0x21,0x01,0x00,
0x30,0xb4,0x04,0xe6,0x2e,0x05,0x0c,0x08,0x2c,0x3a,0x00,0x2a,0x30,0x6c,0x29,0x20,
0x24,0x8f,0x3d,0x00,0x0c,0x43,0x0a,0x00,0x88,0x19,0x01,0x00,0x01,0x05,0x00,0x00,
0x00,0x21,0x01,0x98,0x0b,0x00,0x01,0x00,0xd7,0x40,0xcd,0x02,0x00,0x00,0x41,0xc3,
0x01,0x00,0x00,0xd7,0x40,0xce,0x02,0x00,0x00,0xd7,0x40,0xce,0x02,0x00,0x00,0xd7,
0x40,0xcf,0x02,0x00,0x00,0x9c,0x25,0x02,0x00,0xb4,0x04,0xec,0x2e,0x05,0x04,0x3a,
0x32,0x3e,0x3e,0x00,0x0c,0x43,0x0a,0x00,0x8c,0x19,0x02,0x02,0x02,0x05,0x00,0x01,
0x00,0x52,0x04,0x9e,0x19,0x00,0x01,0x00,0xa0,0x19,0x00,0x01,0x00,0xa2,0x19,0x00,
0x00,0x00,0xcc,0x05,0x00,0x01,0x00,0x8a,0x19,0x02,0x00,0x38,0x9f,0x00,0x00,0x00,
0x41,0xe7,0x01,0x00,0x00,0xd8,0x24,0x01,0x00,0x95,0xf0,0x02,0x29,0xe3,0xd7,0x46,
0xd3,0x95,0xf0,0x02,0x29,0xba,0xd0,0xcc,0xd8,0xef,0xa5,0xf0,0x30,0xcb,0x41,0x4f,
0x01,0x00,0x00,0xd8,0xcc,0x46,0x24,0x01,0x00,0xba,0xa5,0xf0,0x1c,0x38,0xd9,0x00,
0x00,0x00,0x11,0x04,0x52,0x06,0x00,0x00,0xd7,0x9c,0x04,0x2b,0x01,0x00,0x00,0x9c,
0xd8,0xcc,0x46,0x9c,0x21,0x01,0x00,0x30,0x92,0x01,0xf2,0xcc,0x29,0xb4,0x04,0xfc,
0x2e,0x05,0x10,0x35,0x2a,0x64,0x02,0x3a,0x04,0x20,0x1a,0x17,0x29,0x39,0x4e,0x0c,
0x16,0x20,0x0e,0x00,0x0c,0x43,0x0a,0x00,0x8e,0x19,0x02,0x00,0x02,0x04,0x00,0x00,
0x00,0x47,0x02,0xe8,0x06,0x00,0x01,0x00,0xa6,0x19,0x00,0x01,0x00,0xd7,0x95,0x11,
0xf1,0x16,0x0e,0x38,0x9f,0x00,0x00,0x00,0x41,0xe7,0x01,0x00,0x00,0xd7,0x40,0x54,
0x06,0x00,0x00,0x24,0x01,0x00,0x95,0xf0,0x02,0x29,0xd7,0x40,0x54,0x06,0x00,0x00,
0x41,0x4f,0x01,0x00,0x00,0xd8,0x24,0x01,0x00,0xba,0xa5,0xf0,0x17,0x38,0xdd,0x00,
0x00,0x00,0x11,0x04,0x55,0x06,0x00,0x00,0xd8,0x9c,0x04,0xff,0x01,0x00,0x00,0x21,
0x02,0x00,0x30,0x29,0xb4,0x04,0x86,0x2f,0x05,0x0a,0x53,0x3a,0x7b,0x05,0x16,0x12,
0x17,0x29,0x39,0x4e,0x00,0x0c,0x43,0x0a,0x00,0x90,0x19,0x01,0x01,0x01,0x04,0x00,
0x00,0x00,0x54,0x02,0xac,0x19,0x00,0x01,0x00,0xae,0x19,0x00,0x00,0x00,0xd7,0xf8,
0xf1,0x0a,0x38,0xa1,0x00,0x00,0x00,0xd7,0xf5,0xf2,0x04,0xc3,0x80,0x00,0xd3,0xc2,
0x20,0xae,0xf0,0x3a,0xcb,0xc2,0x40,0xae,0xf0,0x34,0xcb,0xc2,0x60,0xae,0xf0,0x2e,
0xcb,0xc2,0x68,0xae,0xf0,0x28,0xcb,0xc2,0x70,0xae,0xf0,0x22,0xcb,0xc2,0x78,0xae,
0xf0,0x1c,0xcb,0xc3,0x80,0x00,0xae,0xf0,0x15,0x38,0xdd,0x00,0x00,0x00,0x11,0x04,
0x58,0x06,0x00,0x00,0x04,0x59,0x06,0x00,0x00,0x21,0x02,0x00,0x30,0xcb,0xc2,0x08,
0x9a,0x28,0xb4,0x04,0x8c,0x2f,0x05,0x17,0x08,0x32,0x2a,0x20,0x2b,0x37,0x20,0x1a,
0x20,0x1a,0x20,0x1a,0x20,0x1c,0x20,0x1c,0x20,0x1c,0x21,0x9f,0x01,0x6d,0x00,0x00,
0x0c,0x43,0x0a,0x00,0x94,0x19,0x01,0x05,0x01,0x05,0x00,0x01,0x06,0xb4,0x01,0x06,
0x8a,0x0c,0x00,0x01,0x00,0xa0,0x08,0x00,0x00,0x00,0xcc,0x05,0x00,0x01,0x00,0xc8,
0x12,0x00,0x02,0x00,0xcc,0x0e,0x00,0x03,0x00,0xa0,0x13,0x00,0x04,0x00,0x92,0x19,
0x06,0x00,0x07,0x04,0x5c,0x2b,0x07,0x34,0x01,0x00,0x01,0x00,0x12,0x00,0x00,0x00,
0x09,0x06,0x00,0x00,0x00,0x05,0x08,0xf5,0xff,0xff,0xff,0x0c,0x00,0x01,0x2b,0x0d,
0x00,0x0b,0x07,0x04,0x5c,0x2f,0x07,0x34,0x01,0x00,0x01,0x00,0x12,0x00,0x00,0x00,
0x09,0x06,0x00,0x00,0x00,0x05,0x08,0xf5,0xff,0xff,0xff,0x0c,0x00,0x01,0x2f,0x0d,
0x00,0x0b,0x07,0x06,0x3d,0x2b,0x24,0x07,0x5a,0x00,0x00,0x01,0x00,0x25,0x00,0x00,
0x00,0x09,0x06,0x00,0x00,0x00,0x05,0x08,0xf5,0xff,0xff,0xff,0x0c,0x00,0x1d,0x03,
0x00,0x00,0x00,0x01,0x00,0x00,0x00,0xff,0xff,0xff,0x7f,0x01,0x00,0x00,0x00,0x01,
0x3d,0x0b,0x07,0x0d,0x00,0x0b,0xc6,0xcf,0xba,0xd0,0xcc,0xd7,0xef,0xa5,0xf0,0x78,
0xd7,0xcc,0x46,0xd1,0xcc,0xbb,0x9c,0xd7,0xef,0xa5,0xf0,0x08,0xd7,0xcc,0xbb,0x9c,
0x46,0xf2,0x02,0xba,0xd2,0xcc,0xbc,0x9c,0xd7,0xef,0xa5,0xf0,0x08,0xd7,0xcc,0xbc,
0x9c,0x46,0xf2,0x02,0xba,0xc8,0x04,0xcb,0xe3,0xcd,0xbc,0x9f,0x46,0x9c,0xd3,0xe3,
0xcd,0xbd,0xa1,0xbe,0x9e,0xce,0xbe,0x9f,0xa3,0x46,0x9c,0xd3,0xcc,0xbb,0x9c,0xd7,
0xef,0xa5,0xf0,0x10,0xe3,0xce,0xc2,0x0f,0xa1,0xbc,0x9e,0xc7,0x04,0xc0,0x9f,0xa3,
0x46,0xf2,0x06,0x04,0x15,0x02,0x00,0x00,0x9c,0xd3,0xcc,0xbc,0x9c,0xd7,0xef,0xa5,
0xf0,0x0a,0xe3,0xc7,0x04,0xc2,0x3f,0xa1,0x46,0xf2,0x06,0x04,0x15,0x02,0x00,0x00,
0x9c,0xcf,0xbd,0x93,0x01,0xf2,0x84,0xcb,0x41,0x18,0x02,0x00,0x00,0xc4,0x00,0xc4,
0x01,0x34,0x04,0xbf,0x03,0x00,0x00,0x24,0x02,0x00,0x41,0x18,0x02,0x00,0x00,0xc4,
0x02,0xc4,0x03,0x34,0x04,0x44,0x05,0x00,0x00,0x24,0x02,0x00,0x41,0x18,0x02,0x00,
0x00,0xc4,0x04,0xc4,0x05,0x34,0xc6,0x25,0x02,0x00,0xb4,0x04,0x94,0x2f,0x05,0x37,
0x1d,0x2c,0x35,0x14,0x0c,0x08,0x25,0x32,0x2a,0x22,0x0c,0x08,0x25,0x32,0x2b,0xcd,
0x01,0x11,0x2e,0x1c,0x00,0x16,0x0c,0x0c,0x08,0x07,0x0c,0x21,0x00,0x07,0x37,0x0c,
0x08,0x25,0x3e,0x11,0x0e,0x0c,0x08,0x0c,0x0c,0x44,0x00,0x07,0x67,0x0c,0x08,0x2a,
0x3c,0x7c,0x47,0x5c,0x28,0x5c,0x28,0x00,0x0c,0x43,0x0a,0x00,0x96,0x19,0x01,0x07,
0x01,0x05,0x00,0x00,0x04,0xfa,0x01,0x08,0xa0,0x08,0x00,0x01,0x00,0xb4,0x19,0x00,
0x00,0x00,0x8a,0x0c,0x00,0x01,0x00,0xcc,0x05,0x00,0x02,0x00,0xb6,0x19,0x00,0x03,
0x00,0xb8,0x19,0x00,0x04,0x00,0xba,0x19,0x00,0x05,0x00,0xbc,0x19,0x00,0x06,0x00,
0x07,0x02,0x2d,0x07,0x34,0x01,0x00,0x01,0x00,0x12,0x00,0x00,0x00,0x09,0x06,0x00,
0x00,0x00,0x05,0x08,0xf5,0xff,0xff,0xff,0x0c,0x00,0x01,0x2d,0x0d,0x00,0x0b,0x07,
0x02,0x5f,0x07,0x34,0x01,0x00,0x01,0x00,0x12,0x00,0x00,0x00,0x09,0x06,0x00,0x00,
0x00,0x05,0x08,0xf5,0xff,0xff,0xff,0x0c,0x00,0x01,0x5f,0x0d,0x00,0x0b,0xd7,0x41,
0x18,0x02,0x00,0x00,0xc4,0x00,0xc4,0x01,0x34,0x04,0x1e,0x02,0x00,0x00,0x24,0x02,
0x00,0x41,0x18,0x02,0x00,0x00,0xc4,0x02,0xc4,0x03,0x34,0x04,0x47,0x02,0x00,0x00,
0x24,0x02,0x00,0xdb,0xd7,0xef,0xbe,0x9b,0xf0,0x0b,0xd7,0x04,0x15,0x02,0x00,0x00,
0x9c,0xdb,0xf2,0xf1,0x04,0x86,0x02,0x00,0x00,0xcf,0x26,0x00,0x00,0xd0,0xba,0xd1,
0xcd,0xd7,0xef,0xa5,0x68,0xa8,0x00,0x00,0x00,0xcb,0x41,0x4f,0x01,0x00,0x00,0xd7,
0xcd,0x46,0x24,0x01,0x00,0xd2,0xcb,0x41,0x4f,0x01,0x00,0x00,0xd7,0xcd,0xbb,0x9c,
0x46,0x24,0x01,0x00,0xc8,0x04,0xcb,0x41,0x4f,0x01,0x00,0x00,0xd7,0xcd,0xbc,0x9c,
0x46,0x24,0x01,0x00,0xc8,0x05,0xcb,0x41,0x4f,0x01,0x00,0x00,0xd7,0xcd,0xbd,0x9c,
0x46,0x24,0x01,0x00,0xc8,0x06,0xcc,0x41,0x52,0x01,0x00,0x00,0xce,0xbc,0x9e,0xc7,
0x04,0xbe,0x9f,0xa3,0x24,0x01,0x00,0x0e,0xc7,0x05,0xb9,0xae,0xf0,0x24,0xd7,0xcd,
0xbc,0x9c,0x46,0x04,0x15,0x02,0x00,0x00,0xae,0xf0,0x17,0xcc,0x41,0x52,0x01,0x00,
0x00,0xc7,0x04,0xc2,0x0f,0xa1,0xbe,0x9e,0xc7,0x05,0xbc,0x9f,0xa3,0x24,0x01,0x00,
0x0e,0xc7,0x06,0xb9,0xae,0xf0,0x21,0xd7,0xcd,0xbd,0x9c,0x46,0x04,0x15,0x02,0x00,
0x00,0xae,0xf0,0x14,0xcc,0x41,0x52,0x01,0x00,0x00,0xc7,0x05,0xbd,0xa1,0xc0,0x9e,
0xc7,0x06,0xa3,0x24,0x01,0x00,0x0e,0xbe,0x93,0x02,0xf3,0x55,0xff,0x38,0xb1,0x00,
0x00,0x00,0x11,0xcc,0x21,0x01,0x00,0x28,0xb4,0x04,0x9f,0x2f,0x05,0x48,0x03,0x04,
0x20,0x14,0x5c,0x26,0x53,0x11,0x16,0x06,0x78,0x05,0x49,0x0a,0x43,0x38,0x0c,0x10,
0x49,0x47,0x0c,0x10,0x48,0x30,0x0c,0x10,0x2b,0x7d,0x20,0x16,0x07,0x0c,0x0c,0x08,
0x0c,0x0c,0x30,0x1f,0x20,0x1c,0x11,0x0e,0x2a,0x0a,0x20,0x0c,0x0c,0x16,0x11,0x0e,
0x0c,0x08,0x0c,0x0c,0x30,0x77,0x20,0x1c,0x11,0x0e,0x2a,0x0a,0x20,0x0c,0x0c,0x16,
0x0c,0x0c,0x0c,0x08,0x45,0x6d,0x00,0x0c,0x42,0x0b,0x01,0x00,0x05,0x01,0x05,0x02,
0x00,0x01,0x00,0x35,0x06,0xd8,0x05,0x00,0x01,0x00,0xbe,0x19,0x00,0x01,0x00,0xc0,
0x19,0x00,0x01,0x00,0xa0,0x19,0x00,0x01,0x00,0xe8,0x04,0x00,0x01,0x00,0x10,0x00,
0x01,0x00,0xfe,0x01,0x0a,0x18,0x08,0xcf,0x2b,0x64,0x00,0x00,0x11,0xf0,0x06,0xcb,
0x1b,0x24,0x00,0x00,0x0e,0xcb,0xd7,0x42,0x98,0x01,0x00,0x00,0xcb,0xd8,0x42,0x61,
0x06,0x00,0x00,0xcb,0xd9,0x42,0x62,0x06,0x00,0x00,0xcb,0xda,0x42,0x54,0x06,0x00,
0x00,0xcb,0x5a,0x04,0x00,0x42,0xd9,0x03,0x00,0x00,0x29,0xb4,0x04,0xae,0x2f,0x07,
0x0a,0x4e,0x04,0x26,0x00,0x26,0x00,0x26,0x00,0x26,0x00,0x00,0x0c,0x42,0x0b,0x01,
0x00,0x00,0x01,0x00,0x01,0x00,0x00,0x00,0x09,0x01,0x10,0x00,0x01,0x00,0x08,0xcf,
0xcb,0x40,0x98,0x01,0x00,0x00,0x28,0xb4,0x04,0xb5,0x2f,0x0b,0x00,0x00,0x0c,0x42,
0x0b,0x01,0x00,0x00,0x01,0x00,0x01,0x00,0x00,0x00,0x09,0x01,0x10,0x00,0x01,0x00,
0x08,0xcf,0xcb,0x40,0x61,0x06,0x00,0x00,0x28,0xb4,0x04,0xb8,0x2f,0x0b,0x00,0x00,
0x0c,0x42,0x0b,0x01,0x00,0x00,0x01,0x00,0x01,0x00,0x00,0x00,0x09,0x01,0x10,0x00,
0x01,0x00,0x08,0xcf,0xcb,0x40,0x62,0x06,0x00,0x00,0x28,0xb4,0x04,0xbb,0x2f,0x0b,
0x00,0x00,0x0c,0x42,0x0b,0x01,0x00,0x00,0x01,0x00,0x01,0x00,0x00,0x00,0x09,0x01,
0x10,0x00,0x01,0x00,0x08,0xcf,0xcb,0x40,0x54,0x06,0x00,0x00,0x28,0xb4,0x04,0xbe,
0x2f,0x0b,0x00,0x00,0x0c,0x42,0x0b,0x01,0x00,0x00,0x01,0x00,0x02,0x00,0x01,0x00,
0x0f,0x01,0x10,0x00,0x01,0x00,0xfe,0x01,0x0d,0x18,0x08,0xcf,0x2b,0x64,0x00,0x00,
0x11,0xf0,0x06,0xcb,0x1b,0x24,0x00,0x00,0x29,0xb4,0x04,0xc3,0x2f,0x07,0x00,0x00,
0x0c,0x42,0x0b,0x01,0x00,0x02,0x00,0x02,0x03,0x02,0x03,0x01,0x0c,0x02,0xbe,0x19,
0x00,0x01,0x40,0x00,0xe8,0x04,0x00,0x01,0x40,0x01,0xa2,0x04,0x00,0x01,0x86,0x19,
0x00,0x00,0x88,0x19,0x01,0x00,0x0c,0x43,0x0a,0x01,0x00,0x02,0x03,0x02,0x06,0x00,
0x05,0x00,0x5d,0x05,0x94,0x02,0x00,0x01,0x00,0x96,0x02,0x00,0x01,0x00,0x74,0x00,
0x00,0x00,0xd0,0x05,0x00,0x01,0x00,0xb0,0x04,0x05,0x00,0x03,0xbe,0x19,0x00,0x01,
0xa2,0x04,0x00,0x02,0x86,0x19,0x01,0x02,0xe8,0x04,0x01,0x01,0x88,0x19,0x02,0x02,
0xe3,0x96,0x04,0x4c,0x00,0x00,0x00,0xad,0xf0,0x04,0xe3,0xf2,0x07,0xe3,0x40,0x3a,
0x00,0x00,0x00,0xcf,0xe4,0x40,0x63,0x06,0x00,0x00,0xfb,0xf1,0x17,0xd8,0x38,0xdd,
0x00,0x00,0x00,0x11,0x04,0x64,0x06,0x00,0x00,0x04,0xfa,0x01,0x00,0x00,0x21,0x02,
0x00,0xf5,0x29,0x6b,0x1c,0x00,0x00,0x00,0xe4,0x41,0x63,0x06,0x00,0x00,0xcb,0xe5,
0xe6,0xf5,0x24,0x02,0x00,0xd0,0xd7,0x5d,0x04,0x00,0xcc,0xf5,0xf5,0x0e,0x0e,0x29,
0xd1,0x6b,0x0a,0x00,0x00,0x00,0xd8,0xcd,0xf5,0x0e,0x0e,0x29,0x30,0xb4,0x04,0xc6,
0x2f,0x1c,0x18,0x08,0x1e,0x80,0x02,0x12,0x3d,0x07,0x16,0x00,0x20,0x08,0x28,0x0c,
0x26,0x21,0x63,0x07,0x10,0x11,0x1c,0x40,0x2b,0x07,0x0e,0x00,0x38,0xce,0x00,0x00,
0x00,0x11,0xc5,0x00,0x21,0x01,0x00,0x28,0xb4,0x04,0xc5,0x2f,0x07,0x02,0x03,0x1a,
0x00,0x0c,0x42,0x0b,0x01,0x00,0x05,0x00,0x05,0x03,0x05,0x04,0x01,0x0c,0x05,0x94,
0x17,0x00,0x01,0x40,0x02,0xca,0x19,0x00,0x01,0x40,0x03,0xbe,0x19,0x00,0x01,0x40,
0x00,0xc0,0x19,0x00,0x01,0x40,0x04,0xcc,0x19,0x00,0x01,0x40,0x01,0x8c,0x19,0x03,
0x00,0x86,0x19,0x00,0x00,0x98,0x19,0x0b,0x10,0x96,0x19,0x08,0x00,0x0c,0x43,0x0a,
0x01,0x00,0x02,0x0d,0x02,0x08,0x00,0x09,0x00,0x80,0x08,0x0f,0x94,0x02,0x00,0x01,
0x00,0x96,0x02,0x00,0x01,0x00,0x9e,0x19,0x00,0x00,0x00,0xe8,0x04,0x00,0x01,0x00,
0xce,0x19,0x00,0x02,0x00,0xd0,0x19,0x00,0x03,0x00,0xf0,0x01,0x00,0x04,0x00,0x80,
0x0a,0x00,0x05,0x00,0xd2,0x19,0x00,0x06,0x00,0xd0,0x14,0x00,0x07,0x00,0xd4,0x19,
0x00,0x08,0x00,0xd6,0x19,0x00,0x09,0x00,0xd8,0x19,0x00,0x0a,0x00,0xda,0x19,0x00,
0x0b,0x00,0xdc,0x19,0x00,0x0c,0x00,0xbe,0x19,0x02,0x01,0x8c,0x19,0x00,0x02,0xcc,
0x19,0x04,0x01,0x94,0x17,0x00,0x01,0x86,0x19,0x01,0x02,0xca,0x19,0x01,0x01,0x98,
0x19,0x02,0x12,0xc0,0x19,0x03,0x01,0x96,0x19,0x03,0x02,0xe3,0x96,0x04,0x4c,0x00,
0x00,0x00,0xad,0xf0,0x04,0xe3,0xf2,0x07,0xe3,0x40,0x3a,0x00,0x00,0x00,0xcf,0xe4,
0xcb,0xe5,0xf6,0x0e,0xcb,0x04,0x6f,0x06,0x00,0x00,0xad,0x11,0xf1,0x09,0x0e,0xcb,
0x04,0x70,0x06,0x00,0x00,0xad,0x68,0x43,0x02,0x00,0x00,0xe3,0x96,0x04,0x4d,0x00,
0x00,0x00,0xad,0xf0,0x0c,0xe3,0xf0,0x09,0xe3,0x40,0x71,0x06,0x00,0x00,0xf2,0x02,
0x06,0xd5,0x95,0xf0,0x12,0xd8,0x38,0xda,0x00,0x00,0x00,0x11,0x04,0x72,0x06,0x00,
0x00,0x21,0x01,0x00,0xf5,0x29,0xcd,0x04,0x73,0x06,0x00,0x00,0xad,0xf0,0x05,0xc2,
0x20,0xf2,0x10,0xcd,0x04,0x74,0x06,0x00,0x00,0xad,0xf0,0x05,0xc2,0x30,0xf2,0x03,
0xc2,0x42,0xd2,0xe6,0x04,0x78,0x00,0x00,0x00,0xad,0xf0,0x55,0x5d,0x04,0x00,0x5d,
0x05,0x00,0xf5,0xc9,0x04,0xef,0xce,0xbc,0x99,0xbb,0x9c,0xae,0x11,0xf1,0x08,0x0e,
0xc7,0x04,0xba,0x46,0xbe,0xae,0xf0,0x17,0xd8,0x38,0xdd,0x00,0x00,0x00,0x11,0x04,
0x75,0x06,0x00,0x00,0x04,0x76,0x06,0x00,0x00,0x21,0x02,0x00,0xf5,0x29,0xd7,0x64,
0x06,0x00,0x11,0x04,0x2c,0x00,0x00,0x00,0x0b,0xcb,0x4b,0x3a,0x00,0x00,0x00,0xcd,
0x4b,0x71,0x06,0x00,0x00,0x5d,0x07,0x00,0xe5,0xc7,0x04,0x21,0x05,0x00,0xf5,0x29,
0xe6,0x04,0x77,0x06,0x00,0x00,0xad,0x68,0x7a,0x01,0x00,0x00,0x5d,0x05,0x00,0x95,
0x11,0xf1,0x0c,0x0e,0x5d,0x05,0x00,0x40,0x78,0x06,0x00,0x00,0xcd,0xae,0xf0,0x17,
0xd8,0x38,0xdd,0x00,0x00,0x00,0x11,0x04,0x79,0x06,0x00,0x00,0x04,0x76,0x06,0x00,
0x00,0x21,0x02,0x00,0xf5,0x29,0x5d,0x05,0x00,0x40,0x80,0x02,0x00,0x00,0xf0,0x62,
0x5d,0x08,0x00,0x5d,0x05,0x00,0x40,0x80,0x02,0x00,0x00,0xf5,0xc8,0x05,0x38,0xb1,
0x00,0x00,0x00,0x11,0xce,0x21,0x01,0x00,0xc9,0x06,0x41,0x46,0x00,0x00,0x00,0xc7,
0x05,0xef,0xce,0xa7,0xf0,0x0f,0xc7,0x05,0x41,0xad,0x03,0x00,0x00,0xba,0xce,0x24,
0x02,0x00,0xf2,0x03,0xc7,0x05,0xce,0xc7,0x05,0xef,0x9d,0x24,0x02,0x00,0x0e,0xd7,
0x64,0x06,0x00,0x11,0x04,0x2a,0x00,0x00,0x00,0x0b,0xcb,0x4b,0x3a,0x00,0x00,0x00,
0xcd,0x4b,0x71,0x06,0x00,0x00,0x5d,0x07,0x00,0xe5,0xc7,0x06,0x21,0x05,0x00,0xf5,
0x29,0x5d,0x05,0x00,0x40,0x28,0x05,0x00,0x00,0x68,0xc2,0x00,0x00,0x00,0x5d,0x05,
0x00,0x40,0x6a,0x06,0x00,0x00,0x68,0xb5,0x00,0x00,0x00,0x5d,0x08,0x00,0x5d,0x05,
0x00,0x40,0x28,0x05,0x00,0x00,0xf5,0xc8,0x07,0x5d,0x08,0x00,0x5d,0x05,0x00,0x40,
0x6a,0x06,0x00,0x00,0xf5,0xc8,0x08,0x38,0xb1,0x00,0x00,0x00,0x11,0xce,0xbc,0x99,
0xbb,0x9c,0x21,0x01,0x00,0xc9,0x09,0xba,0x1b,0x11,0xaf,0xf1,0x04,0x1b,0x71,0x1b,
0x1b,0xbe,0x1b,0x71,0x1b,0x48,0xc7,0x09,0x41,0x46,0x00,0x00,0x00,0xc7,0x07,0xef,
0xce,0xa7,0xf0,0x0f,0xc7,0x07,0x41,0xad,0x03,0x00,0x00,0xba,0xce,0x24,0x02,0x00,
0xf2,0x03,0xc7,0x07,0xbb,0xce,0x9c,0xc7,0x07,0xef,0x9d,0x24,0x02,0x00,0x0e,0xc7,
0x09,0x41,0x46,0x00,0x00,0x00,0xc7,0x08,0xef,0xce,0xa7,0xf0,0x0f,0xc7,0x08,0x41,
0xad,0x03,0x00,0x00,0xba,0xce,0x24,0x02,0x00,0xf2,0x03,0xc7,0x08,0xbb,0xbc,0xce,
0x99,0x9c,0xc7,0x08,0xef,0x9d,0x24,0x02,0x00,0x0e,0xd7,0x64,0x06,0x00,0x11,0x04,
0x2c,0x00,0x00,0x00,0x0b,0xcb,0x4b,0x3a,0x00,0x00,0x00,0xcd,0x4b,0x71,0x06,0x00,
0x00,0x5d,0x07,0x00,0xe5,0xc7,0x09,0x21,0x05,0x00,0xf5,0x29,0xd8,0x38,0xdd,0x00,
0x00,0x00,0x11,0x04,0x7a,0x06,0x00,0x00,0x04,0x76,0x06,0x00,0x00,0x21,0x02,0x00,
0xf5,0x29,0xd8,0x38,0xdd,0x00,0x00,0x00,0x11,0x04,0x7b,0x06,0x00,0x00,0xe6,0x9c,
0x04,0xfa,0x01,0x00,0x00,0x21,0x02,0x00,0xf5,0x29,0xcb,0x04,0x7c,0x06,0x00,0x00,
0xad,0x11,0xf1,0x09,0x0e,0xcb,0x04,0x7d,0x06,0x00,0x00,0xad,0x68,0xa4,0x00,0x00,
0x00,0xe3,0xf0,0x2d,0xe3,0x40,0x33,0x02,0x00,0x00,0xf0,0x25,0xe3,0x40,0x33,0x02,
0x00,0x00,0x96,0x04,0x4c,0x00,0x00,0x00,0xad,0xf0,0x09,0xe3,0x40,0x33,0x02,0x00,
0x00,0xf2,0x13,0xe3,0x40,0x33,0x02,0x00,0x00,0x40,0x3a,0x00,0x00,0x00,0xf2,0x06,
0x04,0x7e,0x06,0x00,0x00,0xc8,0x0a,0xe6,0x04,0x7f,0x06,0x00,0x00,0xad,0x11,0xf1,
0x09,0x0e,0xe6,0x04,0x80,0x06,0x00,0x00,0xad,0xf0,0x41,0x5d,0x04,0x00,0x5d,0x05,
0x00,0xf5,0xc8,0x0b,0xe6,0x04,0x7f,0x06,0x00,0x00,0xad,0xf0,0x08,0x04,0x2c,0x00,
0x00,0x00,0xf2,0x06,0x04,0x2a,0x00,0x00,0x00,0xc8,0x0c,0xd7,0x64,0x06,0x00,0x11,
0xc7,0x0c,0x0b,0xcb,0x4b,0x3a,0x00,0x00,0x00,0xc7,0x0a,0x4b,0x33,0x02,0x00,0x00,
0x5d,0x07,0x00,0xe5,0xc7,0x0b,0x21,0x05,0x00,0xf5,0x29,0xd8,0x38,0xdd,0x00,0x00,
0x00,0x11,0x04,0x81,0x06,0x00,0x00,0x04,0xfa,0x01,0x00,0x00,0x21,0x02,0x00,0xf5,
0x29,0xe6,0x04,0x78,0x00,0x00,0x00,0xad,0xf0,0x63,0x5d,0x05,0x00,0x38,0xad,0x00,
0x00,0x00,0xa9,0xf0,0x11,0x38,0xb1,0x00,0x00,0x00,0x11,0x5d,0x05,0x00,0x21,0x01,
0x00,0xd0,0xf3,0x9d,0x00,0x38,0xad,0x00,0x00,0x00,0x41,0xb6,0x04,0x00,0x00,0x5d,
0x05,0x00,0x24,0x01,0x00,0xf0,0x25,0x38,0xb1,0x00,0x00,0x00,0x11,0x5d,0x05,0x00,
0x40,0xcd,0x02,0x00,0x00,0x5d,0x05,0x00,0x40,0xce,0x02,0x00,0x00,0x5d,0x05,0x00,
0x40,0xcf,0x02,0x00,0x00,0x21,0x03,0x00,0xd0,0xf2,0x66,0xd8,0x38,0xda,0x00,0x00,
0x00,0x11,0x04,0x82,0x06,0x00,0x00,0x21,0x01,0x00,0xf5,0x29,0xe6,0x04,0x77,0x06,
0x00,0x00,0xad,0xf0,0x34,0x5d,0x05,0x00,0x95,0x11,0xf1,0x0b,0x0e,0x5d,0x05,0x00,
0x40,0xa8,0x03,0x00,0x00,0x95,0xf0,0x12,0xd8,0x38,0xda,0x00,0x00,0x00,0x11,0x04,
0x79,0x06,0x00,0x00,0x21,0x01,0x00,0xf5,0x29,0x5d,0x08,0x00,0x5d,0x05,0x00,0x40,
0xa8,0x03,0x00,0x00,0xf5,0xd0,0xf2,0x19,0xd8,0x38,0xdd,0x00,0x00,0x00,0x11,0x04,
0x7b,0x06,0x00,0x00,0xe6,0x9c,0x04,0xfa,0x01,0x00,0x00,0x21,0x02,0x00,0xf5,0x29,
0xd7,0x64,0x06,0x00,0x11,0x04,0x83,0x06,0x00,0x00,0x0b,0xcb,0x4b,0x3a,0x00,0x00,
0x00,0x5d,0x07,0x00,0xe5,0xcc,0x21,0x05,0x00,0xf5,0x29,0xb4,0x04,0xd5,0x2f,0x1c,
0xb5,0x01,0x08,0x26,0x62,0x47,0x07,0x1e,0x1d,0x04,0x39,0x30,0x3f,0x0b,0x81,0x3d,
0x07,0x16,0x5a,0x18,0x43,0x32,0x53,0x45,0x3a,0x14,0x26,0x07,0x07,0x16,0x0c,0x08,
0x39,0x20,0x17,0x5f,0x07,0x16,0x6e,0x19,0x07,0x18,0xaf,0x02,0x8a,0x26,0x17,0x3b,
0x07,0x16,0x00,0x22,0x08,0x1a,0x3a,0x15,0x35,0x19,0x25,0x0e,0x11,0x16,0x39,0x1a,
0x34,0x4c,0x2b,0x89,0x01,0x07,0x18,0x00,0x3e,0x08,0x18,0x49,0x00,0x3a,0x13,0x25,
0x2c,0x0c,0x08,0x1c,0x4f,0x58,0x00,0x25,0x10,0x11,0x16,0x39,0x1a,0x34,0x3e,0x0c,
0x16,0x2b,0x93,0x01,0x25,0x10,0x11,0x16,0x39,0x1a,0x34,0x3e,0x07,0x08,0x11,0x16,
0x2b,0x9b,0x01,0x07,0x18,0xaa,0x1b,0x07,0x16,0x6e,0x19,0x07,0x16,0x39,0x54,0x46,
0x4b,0x39,0x36,0x8f,0x3a,0xc1,0x6f,0x39,0x2a,0x3a,0x15,0x26,0x00,0x71,0x2d,0x07,
0x18,0xa0,0x1b,0x07,0x16,0x73,0x04,0x3a,0x14,0x2b,0x13,0x85,0x22,0x2b,0x21,0xb8,
0x15,0x07,0x16,0x5a,0x0e,0x8b,0x23,0x07,0x16,0x55,0x19,0x11,0x2e,0x40,0x2d,0x07,
0x16,0x39,0x54,0x41,0x6d,0x07,0x18,0x00,0x38,0xce,0x00,0x00,0x00,0x11,0xc5,0x00,
0x21,0x01,0x00,0x28,0xb4,0x04,0xd4,0x2f,0x07,0x02,0x03,0x1a,0x00,0x0c,0x42,0x0b,
0x01,0x00,0x03,0x00,0x03,0x03,0x03,0x04,0x01,0x0c,0x03,0xbe,0x19,0x00,0x01,0x40,
0x00,0xe8,0x06,0x00,0x01,0x40,0x01,0xe8,0x04,0x00,0x01,0x40,0x02,0x8e,0x19,0x04,
0x00,0xa2,0x04,0x00,0x01,0x86,0x19,0x00,0x00,0x88,0x19,0x01,0x00,0x0c,0x43,0x0a,
0x01,0x00,0x02,0x07,0x02,0x08,0x00,0x07,0x00,0xc4,0x04,0x09,0x94,0x02,0x00,0x01,
0x00,0x96,0x02,0x00,0x01,0x00,0x9e,0x19,0x00,0x00,0x00,0x88,0x1a,0x00,0x01,0x00,
0x8a,0x1a,0x00,0x02,0x00,0xb0,0x04,0x09,0x00,0x03,0xd0,0x05,0x00,0x03,0x00,0xb0,
0x04,0x11,0x00,0x03,0xb0,0x04,0x19,0x00,0x03,0xbe,0x19,0x00,0x01,0x8e,0x19,0x00,
0x02,0xe8,0x06,0x01,0x01,0xa2,0x04,0x01,0x02,0x86,0x19,0x02,0x02,0xe8,0x04,0x02,
0x01,0x88,0x19,0x03,0x02,0xe3,0x96,0x04,0x4c,0x00,0x00,0x00,0xad,0xf0,0x04,0xe3,
0xf2,0x07,0xe3,0x40,0x3a,0x00,0x00,0x00,0xcf,0xe4,0xe5,0x04,0x86,0x06,0x00,0x00,
0xf6,0x0e,0xcb,0x04,0x6f,0x06,0x00,0x00,0xad,0x68,0xba,0x00,0x00,0x00,0xe3,0x40,
0x33,0x02,0x00,0x00,0xf0,0x25,0xe3,0x40,0x33,0x02,0x00,0x00,0x96,0x04,0x4c,0x00,
0x00,0x00,0xad,0xf0,0x09,0xe3,0x40,0x33,0x02,0x00,0x00,0xf2,0x0f,0xe3,0x40,0x33,
0x02,0x00,0x00,0x40,0x3a,0x00,0x00,0x00,0xf2,0x02,0x06,0xd4,0x95,0xf0,0x12,0xd8,
0x38,0xda,0x00,0x00,0x00,0x11,0x04,0x87,0x06,0x00,0x00,0x21,0x01,0x00,0xf5,0x29,
0xe5,0x40,0x6c,0x01,0x00,0x00,0x04,0x2a,0x00,0x00,0x00,0xae,0x11,0xf1,0x0f,0x0e,
0xe6,0x40,0x88,0x06,0x00,0x00,0x96,0x04,0x1b,0x00,0x00,0x00,0xae,0xf0,0x17,0xd8,
0x38,0xdd,0x00,0x00,0x00,0x11,0x04,0x89,0x06,0x00,0x00,0x04,0xfa,0x01,0x00,0x00,
0x21,0x02,0x00,0xf5,0x29,0x6b,0x31,0x00,0x00,0x00,0xe6,0x41,0x88,0x06,0x00,0x00,
0xcc,0xe5,0x40,0x5f,0x06,0x00,0x00,0x40,0x71,0x06,0x00,0x00,0xe5,0x40,0xd9,0x03,
0x00,0x00,0x5d,0x04,0x00,0x5d,0x05,0x00,0xf5,0x24,0x04,0x00,0xd1,0xd7,0x5d,0x06,
0x00,0xcd,0xf5,0xf5,0x0e,0x0e,0x29,0xd2,0x6b,0x0a,0x00,0x00,0x00,0xd8,0xce,0xf5,
0x0e,0x0e,0x29,0x30,0xcb,0x04,0x8a,0x06,0x00,0x00,0xad,0x68,0x8d,0x00,0x00,0x00,
0xe3,0x40,0x33,0x02,0x00,0x00,0xf0,0x25,0xe3,0x40,0x33,0x02,0x00,0x00,0x96,0x04,
0x4c,0x00,0x00,0x00,0xad,0xf0,0x09,0xe3,0x40,0x33,0x02,0x00,0x00,0xf2,0x13,0xe3,
0x40,0x33,0x02,0x00,0x00,0x40,0x3a,0x00,0x00,0x00,0xf2,0x06,0x04,0x7e,0x06,0x00,
0x00,0xd0,0xe6,0x40,0x8b,0x06,0x00,0x00,0xfb,0xf1,0x17,0xd8,0x38,0xdd,0x00,0x00,
0x00,0x11,0x04,0x64,0x06,0x00,0x00,0x04,0xfa,0x01,0x00,0x00,0x21,0x02,0x00,0xf5,
0x29,0x6b,0x28,0x00,0x00,0x00,0xe6,0x41,0x8b,0x06,0x00,0x00,0xcc,0xe5,0x40,0xd9,
0x03,0x00,0x00,0x5d,0x04,0x00,0x5d,0x05,0x00,0xf5,0x24,0x03,0x00,0xc8,0x04,0xd7,
0x5d,0x06,0x00,0xc7,0x04,0xf5,0xf5,0x0e,0x0e,0x29,0xc8,0x05,0x6b,0x0b,0x00,0x00,
0x00,0xd8,0xc7,0x05,0xf5,0x0e,0x0e,0x29,0x30,0xcb,0x04,0x7d,0x06,0x00,0x00,0xad,
0x68,0xb0,0x00,0x00,0x00,0xe3,0x40,0x33,0x02,0x00,0x00,0xf0,0x25,0xe3,0x40,0x33,
0x02,0x00,0x00,0x96,0x04,0x4c,0x00,0x00,0x00,0xad,0xf0,0x09,0xe3,0x40,0x33,0x02,
0x00,0x00,0xf2,0x22,0xe3,0x40,0x33,0x02,0x00,0x00,0x40,0x3a,0x00,0x00,0x00,0xf2,
0x15,0xe5,0x40,0x5f,0x06,0x00,0x00,0x40,0x33,0x02,0x00,0x00,0x11,0xf1,0x07,0x0e,
0x04,0x7e,0x06,0x00,0x00,0xd0,0xe5,0x40,0x6c,0x01,0x00,0x00,0x04,0x2a,0x00,0x00,
0x00,0xae,0x11,0xf1,0x0f,0x0e,0xe6,0x40,0x8c,0x06,0x00,0x00,0x96,0x04,0x1b,0x00,
0x00,0x00,0xae,0xf0,0x17,0xd8,0x38,0xdd,0x00,0x00,0x00,0x11,0x04,0x89,0x06,0x00,
0x00,0x04,0xfa,0x01,0x00,0x00,0x21,0x02,0x00,0xf5,0x29,0x6b,0x26,0x00,0x00,0x00,
0xe6,0x41,0x8c,0x06,0x00,0x00,0xe5,0x40,0xd9,0x03,0x00,0x00,0xcc,0x5d,0x04,0x00,
0x5d,0x05,0x00,0xf5,0x24,0x03,0x00,0xd1,0xd7,0x5d,0x06,0x00,0xcd,0xf5,0xf5,0x0e,
0x0e,0x29,0xc8,0x06,0x6b,0x0b,0x00,0x00,0x00,0xd8,0xc7,0x06,0xf5,0x0e,0x0e,0x29,
0x30,0xd8,0x38,0xdd,0x00,0x00,0x00,0x11,0x04,0x8d,0x06,0x00,0x00,0xcb,0x9c,0x04,
0xfa,0x01,0x00,0x00,0x21,0x02,0x00,0xf5,0x29,0xb4,0x04,0xad,0x30,0x1c,0x6b,0x08,
0x26,0x62,0x47,0x07,0x16,0x30,0x0c,0x80,0x56,0xb3,0x6f,0x07,0x16,0x73,0x08,0x52,
0x5a,0x30,0x77,0x07,0x16,0x00,0x20,0x08,0x28,0x6b,0x78,0x2b,0xb5,0x01,0x07,0x10,
0x11,0x1c,0x40,0x2b,0x07,0x0e,0x00,0x07,0x08,0x0c,0x80,0x56,0xd5,0x35,0x12,0x39,
0x07,0x16,0x00,0x20,0x08,0x24,0x34,0x44,0x30,0x7d,0x07,0x10,0x11,0x1c,0x4a,0x2b,
0x07,0x0e,0x00,0x08,0x08,0x0c,0x80,0x56,0x00,0x39,0x02,0x51,0x52,0x56,0x30,0x73,
0x07,0x16,0x00,0x20,0x08,0x24,0x34,0x44,0x2b,0x7d,0x07,0x10,0x11,0x1c,0x45,0x2b,
0x07,0x0e,0x00,0x07,0x08,0x15,0x07,0x16,0x39,0x52,0x00,0x38,0xce,0x00,0x00,0x00,
0x11,0xc5,0x00,0x21,0x01,0x00,0x28,0xb4,0x04,0xac,0x30,0x07,0x02,0x03,0x1a,0x00,
0x0c,0x42,0x0b,0x01,0x00,0x04,0x01,0x04,0x05,0x04,0x03,0x01,0x17,0x05,0xbe,0x19,
0x00,0x01,0x40,0x01,0xe8,0x06,0x00,0x01,0x40,0x02,0x9c,0x1a,0x00,0x01,0x40,0x00,
0xe8,0x04,0x00,0x01,0x40,0x03,0x10,0x00,0x01,0x00,0x86,0x19,0x00,0x00,0x8e,0x19,
0x04,0x00,0xa2,0x04,0x00,0x01,0x0c,0x43,0x0a,0x01,0x00,0x02,0x05,0x02,0x0a,0x01,
0x07,0x01,0xe2,0x03,0x07,0x94,0x02,0x00,0x01,0x40,0x00,0x96,0x02,0x00,0x01,0x00,
0x9e,0x19,0x00,0x00,0x00,0x88,0x1a,0x00,0x01,0x00,0xb0,0x04,0x09,0x00,0x03,0xb0,
0x04,0x13,0x00,0x03,0x10,0x00,0x01,0x00,0x86,0x19,0x00,0x02,0x9c,0x1a,0x02,0x01,
0xbe,0x19,0x00,0x01,0x8e,0x19,0x01,0x02,0xe8,0x06,0x01,0x01,0xa2,0x04,0x02,0x02,
0xe8,0x04,0x03,0x01,0x0c,0x43,0x0a,0x01,0x00,0x01,0x04,0x01,0x04,0x00,0x03,0x00,
0x38,0x05,0x9e,0x1a,0x00,0x01,0x00,0x8a,0x1a,0x00,0x00,0x00,0x86,0x14,0x00,0x01,
0x00,0xa0,0x1a,0x00,0x02,0x00,0xcc,0x05,0x00,0x03,0x00,0x86,0x19,0x00,0x02,0x9c,
0x1a,0x01,0x02,0x94,0x02,0x00,0x01,0xe3,0xe4,0xf5,0xcf,0x38,0xb1,0x00,0x00,0x00,
0x11,0xd7,0x21,0x01,0x00,0xd0,0xcb,0xef,0xcc,0xef,0xae,0xf0,0x05,0xe5,0x09,0xf5,
0x29,0xba,0xd1,0xba,0xd2,0xce,0xcb,0xef,0xa5,0xf0,0x0f,0xcd,0xcb,0xce,0x46,0xcc,
0xce,0x46,0xa2,0xa3,0xd1,0x92,0x03,0xf2,0xed,0xe5,0xcd,0xba,0xad,0xf5,0x29,0xb4,
0x04,0xfd,0x30,0x32,0x18,0x08,0x17,0x12,0x0f,0x44,0x08,0x1c,0x21,0x07,0x10,0x00,
0x08,0x08,0x14,0x1c,0x23,0x16,0x22,0x36,0x25,0x07,0x10,0x07,0x12,0x00,0x08,0xc8,
0x04,0xe5,0x96,0x04,0x4c,0x00,0x00,0x00,0xad,0xf0,0x04,0xe5,0xf2,0x07,0xe5,0x40,
0x3a,0x00,0x00,0x00,0xcf,0xe6,0x5d,0x04,0x00,0x04,0x91,0x06,0x00,0x00,0xf6,0x0e,
0xcb,0x04,0x6f,0x06,0x00,0x00,0xad,0x68,0xbf,0x00,0x00,0x00,0xe5,0x40,0x33,0x02,
0x00,0x00,0xf0,0x25,0xe5,0x40,0x33,0x02,0x00,0x00,0x96,0x04,0x4c,0x00,0x00,0x00,
0xad,0xf0,0x09,0xe5,0x40,0x33,0x02,0x00,0x00,0xf2,0x0f,0xe5,0x40,0x33,0x02,0x00,
0x00,0x40,0x3a,0x00,0x00,0x00,0xf2,0x02,0x06,0xd4,0x95,0xf0,0x12,0xd8,0x38,0xda,
0x00,0x00,0x00,0x11,0x04,0x92,0x06,0x00,0x00,0x21,0x01,0x00,0xf5,0x29,0x5d,0x04,
0x00,0x40,0x6c,0x01,0x00,0x00,0x04,0x2c,0x00,0x00,0x00,0xae,0x11,0xf1,0x11,0x0e,
0x5d,0x05,0x00,0x40,0x93,0x06,0x00,0x00,0x96,0x04,0x1b,0x00,0x00,0x00,0xae,0xf0,
0x17,0xd8,0x38,0xdd,0x00,0x00,0x00,0x11,0x04,0x89,0x06,0x00,0x00,0x04,0xfa,0x01,
0x00,0x00,0x21,0x02,0x00,0xf5,0x29,0x6b,0x32,0x00,0x00,0x00,0xd7,0x5d,0x05,0x00,
0x41,0x93,0x06,0x00,0x00,0xcc,0x5d,0x04,0x00,0x40,0x5f,0x06,0x00,0x00,0x40,0x71,
0x06,0x00,0x00,0x5d,0x04,0x00,0x40,0xd9,0x03,0x00,0x00,0xe3,0xe4,0xf5,0xe3,0x5d,
0x06,0x00,0xf5,0x24,0x05,0x00,0xf5,0x0e,0x0e,0x29,0xd1,0x6b,0x0a,0x00,0x00,0x00,
0xd8,0xcd,0xf5,0x0e,0x0e,0x29,0x30,0xcb,0x04,0x8a,0x06,0x00,0x00,0xad,0xf0,0x1e,
0xc7,0x04,0x41,0x86,0x06,0x00,0x00,0xe5,0x5d,0x04,0x00,0x5d,0x06,0x00,0x24,0x03,
0x00,0x41,0x89,0x00,0x00,0x00,0xc5,0x00,0xd8,0x24,0x02,0x00,0x29,0xcb,0x04,0x7d,
0x06,0x00,0x00,0xad,0x68,0xb3,0x00,0x00,0x00,0xe5,0x40,0x33,0x02,0x00,0x00,0xf0,
0x25,0xe5,0x40,0x33,0x02,0x00,0x00,0x96,0x04,0x4c,0x00,0x00,0x00,0xad,0xf0,0x09,
0xe5,0x40,0x33,0x02,0x00,0x00,0xf2,0x24,0xe5,0x40,0x33,0x02,0x00,0x00,0x40,0x3a,
0x00,0x00,0x00,0xf2,0x17,0x5d,0x04,0x00,0x40,0x5f,0x06,0x00,0x00,0x40,0x33,0x02,
0x00,0x00,0x11,0xf1,0x07,0x0e,0x04,0x7e,0x06,0x00,0x00,0xd0,0x5d,0x04,0x00,0x40,
0x6c,0x01,0x00,0x00,0x04,0x2c,0x00,0x00,0x00,0xae,0x11,0xf1,0x11,0x0e,0x5d,0x05,
0x00,0x40,0x94,0x06,0x00,0x00,0x96,0x04,0x1b,0x00,0x00,0x00,0xae,0xf0,0x17,0xd8,
0x38,0xdd,0x00,0x00,0x00,0x11,0x04,0x89,0x06,0x00,0x00,0x04,0xfa,0x01,0x00,0x00,
0x21,0x02,0x00,0xf5,0x29,0x6b,0x25,0x00,0x00,0x00,0xd7,0x5d,0x05,0x00,0x41,0x94,
0x06,0x00,0x00,0x5d,0x04,0x00,0x40,0xd9,0x03,0x00,0x00,0xcc,0xe3,0x5d,0x06,0x00,
0xf5,0xe3,0xe4,0xf5,0x24,0x04,0x00,0xf5,0x0e,0x0e,0x29,0xd2,0x6b,0x0a,0x00,0x00,
0x00,0xd8,0xce,0xf5,0x0e,0x0e,0x29,0x30,0xd8,0x38,0xdd,0x00,0x00,0x00,0x11,0x04,
0x8d,0x06,0x00,0x00,0xcb,0x9c,0x04,0xfa,0x01,0x00,0x00,0x21,0x02,0x00,0xf5,0x29,
0xb4,0x04,0xe2,0x30,0x1c,0x59,0x17,0x26,0x62,0x47,0x07,0x16,0x3a,0x0c,0x80,0x56,
0xb3,0x6f,0x07,0x16,0x7d,0x08,0x5c,0x5c,0x30,0x79,0x07,0x16,0x00,0x1a,0x08,0x15,
0x07,0x10,0x2b,0x0b,0x78,0x1a,0x12,0x00,0x5a,0x1d,0x07,0x0e,0x00,0x07,0x08,0x0c,
0x2b,0x1d,0x25,0x14,0x4d,0x36,0x00,0x08,0x1e,0x2b,0x80,0x56,0x00,0x3d,0x02,0x51,
0x5c,0x58,0x30,0x75,0x07,0x16,0x00,0x1a,0x08,0x15,0x07,0x10,0x2a,0x2a,0x34,0x44,
0x1b,0x28,0x4f,0xa5,0x01,0x07,0x0e,0x00,0x06,0x08,0x15,0x07,0x16,0x39,0x52,0x00,
0x08,0xcf,0x38,0xce,0x00,0x00,0x00,0x11,0xc5,0x00,0x41,0xd5,0x01,0x00,0x00,0xcb,
0x24,0x01,0x00,0x21,0x01,0x00,0x28,0xb4,0x04,0xe1,0x30,0x07,0x06,0x0d,0x1a,0x00,
0x0d,0x70,0x07,0x00,0x0c,0x42,0x0b,0x01,0x00,0x03,0x00,0x03,0x03,0x03,0x05,0x01,
0x0c,0x03,0xbe,0x19,0x00,0x01,0x40,0x00,0xe8,0x06,0x00,0x01,0x40,0x02,0xe8,0x04,
0x00,0x01,0x40,0x01,0x86,0x19,0x00,0x00,0x8e,0x19,0x04,0x00,0xa2,0x04,0x00,0x01,
0x88,0x19,0x01,0x00,0x90,0x19,0x05,0x00,0x0c,0x43,0x0a,0x01,0x00,0x02,0x0b,0x02,
0x09,0x00,0x08,0x00,0xae,0x04,0x0d,0x94,0x02,0x00,0x01,0x00,0x96,0x02,0x00,0x01,
0x00,0x9e,0x19,0x00,0x00,0x00,0xaa,0x1a,0x00,0x01,0x00,0x88,0x1a,0x00,0x02,0x00,
0xca,0x04,0x00,0x03,0x00,0xd0,0x05,0x00,0x04,0x00,0xb0,0x04,0x09,0x00,0x03,0xac,
0x1a,0x00,0x05,0x00,0xae,0x1a,0x00,0x07,0x00,0xb0,0x1a,0x00,0x08,0x00,0xb2,0x1a,
0x00,0x09,0x00,0xb0,0x04,0x15,0x00,0x03,0xbe,0x19,0x00,0x01,0x86,0x19,0x00,0x02,
0xe8,0x04,0x02,0x01,0x8e,0x19,0x01,0x02,0xe8,0x06,0x01,0x01,0xa2,0x04,0x02,0x02,
0x88,0x19,0x03,0x02,0x90,0x19,0x04,0x02,0xe3,0x96,0x04,0x4c,0x00,0x00,0x00,0xad,
0xf0,0x04,0xe3,0xf2,0x07,0xe3,0x40,0x3a,0x00,0x00,0x00,0xcf,0xe4,0xe5,0xf5,0xd0,
0xe6,0x5d,0x04,0x00,0x04,0x9a,0x06,0x00,0x00,0xf6,0x0e,0xcb,0x04,0x7c,0x06,0x00,
0x00,0xad,0x68,0xd9,0x00,0x00,0x00,0xe3,0x40,0x33,0x02,0x00,0x00,0xf0,0x25,0xe3,
0x40,0x33,0x02,0x00,0x00,0x96,0x04,0x4c,0x00,0x00,0x00,0xad,0xf0,0x09,0xe3,0x40,
0x33,0x02,0x00,0x00,0xf2,0x24,0xe3,0x40,0x33,0x02,0x00,0x00,0x40,0x3a,0x00,0x00,
0x00,0xf2,0x17,0x5d,0x04,0x00,0x40,0x5f,0x06,0x00,0x00,0x40,0x33,0x02,0x00,0x00,
0x11,0xf1,0x07,0x0e,0x04,0x7e,0x06,0x00,0x00,0xd1,0x5d,0x04,0x00,0x40,0x6c,0x01,
0x00,0x00,0x04,0x2c,0x00,0x00,0x00,0xae,0xf0,0x17,0xd8,0x38,0xdd,0x00,0x00,0x00,
0x11,0x04,0x9b,0x06,0x00,0x00,0x04,0xff,0x01,0x00,0x00,0x21,0x02,0x00,0xf5,0x29,
0x5d,0x05,0x00,0x40,0x9c,0x06,0x00,0x00,0xfb,0xf1,0x17,0xd8,0x38,0xdd,0x00,0x00,
0x00,0x11,0x04,0x64,0x06,0x00,0x00,0x04,0xfa,0x01,0x00,0x00,0x21,0x02,0x00,0xf5,
0x29,0x6b,0x3b,0x00,0x00,0x00,0xe3,0x40,0x25,0x01,0x00,0x00,0xf0,0x0b,0xe4,0xe3,
0x40,0x25,0x01,0x00,0x00,0xf5,0xf2,0x02,0x06,0xd2,0x5d,0x05,0x00,0x41,0x9c,0x06,
0x00,0x00,0x5d,0x04,0x00,0x40,0xd9,0x03,0x00,0x00,0xcc,0xce,0xcd,0x24,0x04,0x00,
0xc8,0x04,0xd7,0x5d,0x06,0x00,0xc7,0x04,0xf5,0xf5,0x0e,0x0e,0x29,0xc8,0x05,0x6b,
0x0b,0x00,0x00,0x00,0xd8,0xc7,0x05,0xf5,0x0e,0x0e,0x29,0x30,0x5d,0x05,0x00,0x40,
0x9d,0x06,0x00,0x00,0xfb,0xf1,0x17,0xd8,0x38,0xdd,0x00,0x00,0x00,0x11,0x04,0x64,
0x06,0x00,0x00,0x04,0xfa,0x01,0x00,0x00,0x21,0x02,0x00,0xf5,0x29,0x6b,0xe0,0x00,
0x00,0x00,0xcb,0x04,0x9e,0x06,0x00,0x00,0xad,0xf0,0x34,0xe4,0xe3,0x40,0x96,0x06,
0x00,0x00,0xf5,0xc8,0x06,0x5d,0x05,0x00,0x41,0x9d,0x06,0x00,0x00,0xcc,0x5d,0x04,
0x00,0x40,0xd9,0x03,0x00,0x00,0xc7,0x06,0x04,0x9e,0x06,0x00,0x00,0x24,0x04,0x00,
0xc8,0x04,0xd7,0x5d,0x06,0x00,0xc7,0x04,0xf5,0xf5,0x0e,0x06,0x6e,0x28,0xcb,0x04,
0x9f,0x06,0x00,0x00,0xad,0xf0,0x59,0xe4,0xe3,0x40,0x96,0x06,0x00,0x00,0xf5,0xc8,
0x06,0xe3,0x40,0xa0,0x06,0x00,0x00,0xf0,0x0b,0xe4,0xe3,0x40,0xa0,0x06,0x00,0x00,
0xf5,0xf2,0x02,0x06,0xc8,0x07,0x5d,0x07,0x00,0xe3,0x40,0x56,0x06,0x00,0x00,0xf5,
0xc8,0x08,0x5d,0x05,0x00,0x41,0x9d,0x06,0x00,0x00,0xcc,0x5d,0x04,0x00,0x40,0xd9,
0x03,0x00,0x00,0xc7,0x06,0x04,0x9f,0x06,0x00,0x00,0xc7,0x07,0xc7,0x08,0x24,0x06,
0x00,0xc8,0x04,0xd7,0x5d,0x06,0x00,0xc7,0x04,0xf5,0xf5,0x0e,0x06,0x6e,0x28,0xcb,
0x04,0xa1,0x06,0x00,0x00,0xad,0xf0,0x34,0xe4,0xe3,0x40,0x99,0x06,0x00,0x00,0xf5,
0xc8,0x09,0x5d,0x05,0x00,0x41,0x9d,0x06,0x00,0x00,0xcc,0x5d,0x04,0x00,0x40,0xd9,
0x03,0x00,0x00,0xc7,0x09,0x04,0xa1,0x06,0x00,0x00,0x24,0x04,0x00,0xc8,0x04,0xd7,
0x5d,0x06,0x00,0xc7,0x04,0xf5,0xf5,0x0e,0x06,0x6e,0x28,0x0e,0xf2,0x11,0xc8,0x0a,
0x6b,0x0c,0x00,0x00,0x00,0xd8,0xc7,0x0a,0xf5,0x0e,0x06,0x6e,0x28,0x30,0xd8,0x38,
0xdd,0x00,0x00,0x00,0x11,0x04,0x8d,0x06,0x00,0x00,0xcb,0x9c,0x04,0xfa,0x01,0x00,
0x00,0x21,0x02,0x00,0xf5,0x29,0xb4,0x04,0x9d,0x31,0x1c,0x68,0x08,0x26,0x67,0x0d,
0x12,0x39,0x07,0x16,0x3a,0x0c,0x80,0x56,0x00,0x3d,0x02,0x51,0x2b,0x1d,0x07,0x16,
0x96,0x38,0x12,0x4d,0x07,0x16,0x00,0x23,0x08,0x40,0x62,0x07,0x53,0x4d,0x07,0x10,
0x11,0x1c,0x4a,0x2b,0x07,0x0e,0x00,0x0f,0x08,0x34,0x12,0x45,0x07,0x16,0x00,0x1b,
0x08,0x0c,0x30,0x0e,0x58,0x1a,0x6c,0x45,0x07,0x10,0x11,0x1c,0x32,0x0d,0x30,0x0e,
0x5d,0x38,0x4e,0x1f,0x58,0x02,0x80,0x45,0x07,0x10,0x11,0x1c,0x32,0x0d,0x30,0x18,
0x58,0x10,0x6c,0x45,0x07,0x10,0x11,0x1c,0x00,0x12,0x08,0x2f,0x07,0x0e,0x2d,0x11,
0x07,0x16,0x39,0x52,0x00,0x38,0xce,0x00,0x00,0x00,0x11,0xc5,0x00,0x21,0x01,0x00,
0x28,0xb4,0x04,0x9c,0x31,0x07,0x02,0x03,0x1a,0x00,0x0c,0x42,0x0b,0x01,0x00,0x03,
0x00,0x03,0x03,0x03,0x05,0x01,0x0c,0x03,0xbe,0x19,0x00,0x01,0x40,0x00,0xe8,0x06,
0x00,0x01,0x40,0x02,0xe8,0x04,0x00,0x01,0x40,0x01,0x86,0x19,0x00,0x00,0x8e,0x19,
0x04,0x00,0xa2,0x04,0x00,0x01,0x88,0x19,0x01,0x00,0x90,0x19,0x05,0x00,0x0c,0x43,
0x0a,0x01,0x00,0x02,0x0b,0x02,0x09,0x00,0x08,0x00,0xae,0x04,0x0d,0x94,0x02,0x00,
0x01,0x00,0x96,0x02,0x00,0x01,0x00,0x9e,0x19,0x00,0x00,0x00,0xc4,0x1a,0x00,0x01,
0x00,0x88,0x1a,0x00,0x02,0x00,0xca,0x04,0x00,0x03,0x00,0xd0,0x05,0x00,0x04,0x00,
0xb0,0x04,0x09,0x00,0x03,0xac,0x1a,0x00,0x05,0x00,0xae,0x1a,0x00,0x07,0x00,0xb0,
0x1a,0x00,0x08,0x00,0xb2,0x1a,0x00,0x09,0x00,0xb0,0x04,0x15,0x00,0x03,0xbe,0x19,
0x00,0x01,0x86,0x19,0x00,0x02,0xe8,0x04,0x02,0x01,0x8e,0x19,0x01,0x02,0xe8,0x06,
0x01,0x01,0xa2,0x04,0x02,0x02,0x88,0x19,0x03,0x02,0x90,0x19,0x04,0x02,0xe3,0x96,
0x04,0x4c,0x00,0x00,0x00,0xad,0xf0,0x04,0xe3,0xf2,0x07,0xe3,0x40,0x3a,0x00,0x00,
0x00,0xcf,0xe4,0xe5,0xf5,0xd0,0xe6,0x5d,0x04,0x00,0x04,0xa3,0x06,0x00,0x00,0xf6,
0x0e,0xcb,0x04,0x7c,0x06,0x00,0x00,0xad,0x68,0xd9,0x00,0x00,0x00,0xe3,0x40,0x33,
0x02,0x00,0x00,0xf0,0x25,0xe3,0x40,0x33,0x02,0x00,0x00,0x96,0x04,0x4c,0x00,0x00,
0x00,0xad,0xf0,0x09,0xe3,0x40,0x33,0x02,0x00,0x00,0xf2,0x24,0xe3,0x40,0x33,0x02,
0x00,0x00,0x40,0x3a,0x00,0x00,0x00,0xf2,0x17,0x5d,0x04,0x00,0x40,0x5f,0x06,0x00,
0x00,0x40,0x33,0x02,0x00,0x00,0x11,0xf1,0x07,0x0e,0x04,0x7e,0x06,0x00,0x00,0xd1,
0x5d,0x04,0x00,0x40,0x6c,0x01,0x00,0x00,0x04,0x2a,0x00,0x00,0x00,0xae,0xf0,0x17,
0xd8,0x38,0xdd,0x00,0x00,0x00,0x11,0x04,0xa4,0x06,0x00,0x00,0x04,0xff,0x01,0x00,
0x00,0x21,0x02,0x00,0xf5,0x29,0x5d,0x05,0x00,0x40,0xa5,0x06,0x00,0x00,0xfb,0xf1,
0x17,0xd8,0x38,0xdd,0x00,0x00,0x00,0x11,0x04,0x64,0x06,0x00,0x00,0x04,0xfa,0x01,
0x00,0x00,0x21,0x02,0x00,0xf5,0x29,0x6b,0x3b,0x00,0x00,0x00,0xe3,0x40,0x25,0x01,
0x00,0x00,0xf0,0x0b,0xe4,0xe3,0x40,0x25,0x01,0x00,0x00,0xf5,0xf2,0x02,0x06,0xd2,
0x5d,0x05,0x00,0x41,0xa5,0x06,0x00,0x00,0x5d,0x04,0x00,0x40,0xd9,0x03,0x00,0x00,
0xcc,0xce,0xcd,0x24,0x04,0x00,0xc8,0x04,0xd7,0x5d,0x06,0x00,0xc7,0x04,0xf5,0xf5,
0x0e,0x0e,0x29,0xc8,0x05,0x6b,0x0b,0x00,0x00,0x00,0xd8,0xc7,0x05,0xf5,0x0e,0x0e,
0x29,0x30,0x5d,0x05,0x00,0x40,0xa6,0x06,0x00,0x00,0xfb,0xf1,0x17,0xd8,0x38,0xdd,
0x00,0x00,0x00,0x11,0x04,0x64,0x06,0x00,0x00,0x04,0xfa,0x01,0x00,0x00,0x21,0x02,
0x00,0xf5,0x29,0x6b,0xe0,0x00,0x00,0x00,0xcb,0x04,0x9e,0x06,0x00,0x00,0xad,0xf0,
0x34,0xe4,0xe3,0x40,0x96,0x06,0x00,0x00,0xf5,0xc8,0x06,0x5d,0x05,0x00,0x41,0xa6,
0x06,0x00,0x00,0xcc,0x5d,0x04,0x00,0x40,0xd9,0x03,0x00,0x00,0xc7,0x06,0x04,0x9e,
0x06,0x00,0x00,0x24,0x04,0x00,0xc8,0x04,0xd7,0x5d,0x06,0x00,0xc7,0x04,0xf5,0xf5,
0x0e,0x06,0x6e,0x28,0xcb,0x04,0x9f,0x06,0x00,0x00,0xad,0xf0,0x59,0xe4,0xe3,0x40,
0x96,0x06,0x00,0x00,0xf5,0xc8,0x06,0xe3,0x40,0xa0,0x06,0x00,0x00,0xf0,0x0b,0xe4,
0xe3,0x40,0xa0,0x06,0x00,0x00,0xf5,0xf2,0x02,0x06,0xc8,0x07,0x5d,0x07,0x00,0xe3,
0x40,0x56,0x06,0x00,0x00,0xf5,0xc8,0x08,0x5d,0x05,0x00,0x41,0xa6,0x06,0x00,0x00,
0xcc,0x5d,0x04,0x00,0x40,0xd9,0x03,0x00,0x00,0xc7,0x06,0x04,0x9f,0x06,0x00,0x00,
0xc7,0x07,0xc7,0x08,0x24,0x06,0x00,0xc8,0x04,0xd7,0x5d,0x06,0x00,0xc7,0x04,0xf5,
0xf5,0x0e,0x06,0x6e,0x28,0xcb,0x04,0xa1,0x06,0x00,0x00,0xad,0xf0,0x34,0xe4,0xe3,
0x40,0x99,0x06,0x00,0x00,0xf5,0xc8,0x09,0x5d,0x05,0x00,0x41,0xa6,0x06,0x00,0x00,
0xcc,0x5d,0x04,0x00,0x40,0xd9,0x03,0x00,0x00,0xc7,0x09,0x04,0xa1,0x06,0x00,0x00,
0x24,0x04,0x00,0xc8,0x04,0xd7,0x5d,0x06,0x00,0xc7,0x04,0xf5,0xf5,0x0e,0x06,0x6e,
0x28,0x0e,0xf2,0x11,0xc8,0x0a,0x6b,0x0c,0x00,0x00,0x00,0xd8,0xc7,0x0a,0xf5,0x0e,
0x06,0x6e,0x28,0x30,0xd8,0x38,0xdd,0x00,0x00,0x00,0x11,0x04,0x8d,0x06,0x00,0x00,
0xcb,0x9c,0x04,0xfa,0x01,0x00,0x00,0x21,0x02,0x00,0xf5,0x29,0xb4,0x04,0xd5,0x31,
0x1c,0x68,0x08,0x26,0x67,0x0b,0x12,0x3b,0x07,0x16,0x3a,0x0c,0x80,0x56,0x00,0x3d,
0x02,0x51,0x2b,0x1d,0x07,0x16,0x96,0x38,0x12,0x4d,0x07,0x16,0x00,0x23,0x08,0x40,
0x62,0x07,0x53,0x4d,0x07,0x10,0x11,0x1c,0x4a,0x2b,0x07,0x0e,0x00,0x0f,0x08,0x34,
0x12,0x45,0x07,0x16,0x00,0x1b,0x08,0x0c,0x30,0x0e,0x58,0x1a,0x6c,0x45,0x07,0x10,
0x11,0x1c,0x32,0x0d,0x30,0x0e,0x5d,0x38,0x4e,0x1f,0x58,0x02,0x80,0x45,0x07,0x10,
0x11,0x1c,0x32,0x0d,0x30,0x18,0x58,0x10,0x6c,0x45,0x07,0x10,0x11,0x1c,0x00,0x12,
0x08,0x2f,0x07,0x0e,0x2d,0x11,0x07,0x16,0x39,0x52,0x00,0x38,0xce,0x00,0x00,0x00,
0x11,0xc5,0x00,0x21,0x01,0x00,0x28,0xb4,0x04,0xd4,0x31,0x07,0x02,0x03,0x1a,0x00,
0x0c,0x42,0x0b,0x01,0x00,0x03,0x00,0x03,0x03,0x03,0x03,0x01,0x0c,0x03,0xbe,0x19,
0x00,0x01,0x40,0x00,0xc0,0x19,0x00,0x01,0x40,0x01,0xcc,0x19,0x00,0x01,0x40,0x02,
0x98,0x19,0x0b,0x10,0xa2,0x04,0x00,0x01,0x86,0x19,0x00,0x00,0x0c,0x43,0x0a,0x01,
0x00,0x02,0x16,0x02,0x09,0x01,0x06,0x06,0xd0,0x08,0x18,0x94,0x02,0x00,0x01,0x00,
0x96,0x02,0x00,0x01,0x00,0x9e,0x19,0x00,0x00,0x40,0x00,0x88,0x1a,0x00,0x01,0x00,
0xce,0x1a,0x00,0x02,0x00,0xd0,0x1a,0x00,0x03,0x00,0xd2,0x1a,0x00,0x04,0x00,0xce,
0x19,0x00,0x05,0x00,0xd4,0x1a,0x00,0x06,0x00,0xd6,0x1a,0x00,0x07,0x00,0xd8,0x1a,
0x00,0x08,0x00,0xd6,0x19,0x00,0x09,0x00,0xa0,0x19,0x00,0x0a,0x00,0xda,0x1a,0x00,
0x0b,0x00,0xdc,0x1a,0x00,0x0c,0x00,0xb0,0x04,0x0e,0x00,0x03,0xde,0x1a,0x00,0x0d,
0x00,0xe0,0x1a,0x00,0x0f,0x00,0xe2,0x1a,0x00,0x10,0x00,0xe4,0x1a,0x00,0x11,0x00,
0xe6,0x1a,0x00,0x12,0x00,0xe8,0x1a,0x00,0x13,0x00,0xb0,0x04,0x18,0x00,0x03,0x66,
0x00,0x14,0x00,0xbe,0x19,0x00,0x01,0x98,0x19,0x00,0x12,0xc0,0x19,0x01,0x01,0xcc,
0x19,0x02,0x01,0xa2,0x04,0x01,0x02,0x86,0x19,0x02,0x02,0x0c,0x43,0x0a,0x01,0x00,
0x01,0x00,0x01,0x02,0x00,0x01,0x00,0x2f,0x01,0xea,0x1a,0x00,0x01,0x00,0x9e,0x19,
0x00,0x00,0xe3,0x04,0x6f,0x06,0x00,0x00,0xad,0xf0,0x14,0xd7,0x04,0x86,0x06,0x00,
0x00,0xad,0x11,0xf1,0x1c,0x0e,0xd7,0x04,0x91,0x06,0x00,0x00,0xad,0x28,0xd7,0x04,
0xb6,0x06,0x00,0x00,0xad,0x11,0xf1,0x09,0x0e,0xd7,0x04,0xb7,0x06,0x00,0x00,0xad,
0x28,0xb4,0x04,0xac,0x32,0x2d,0x0a,0x08,0x0f,0x2f,0x20,0x39,0x20,0x2a,0x22,0x39,
0x2a,0x00,0x0c,0x43,0x0a,0x01,0x00,0x01,0x00,0x01,0x02,0x00,0x00,0x00,0x1e,0x01,
0xea,0x1a,0x00,0x01,0x00,0xd7,0x04,0x91,0x06,0x00,0x00,0xad,0x11,0xf1,0x14,0x0e,
0xd7,0x04,0xb6,0x06,0x00,0x00,0xad,0x11,0xf1,0x09,0x0e,0xd7,0x04,0xb7,0x06,0x00,
0x00,0xad,0x28,0xb4,0x04,0xaf,0x32,0x76,0x07,0x08,0xaf,0x01,0x39,0x24,0x39,0x2a,
0x00,0x0c,0x43,0x0a,0x01,0x00,0x01,0x00,0x01,0x02,0x00,0x00,0x00,0x08,0x01,0xea,
0x1a,0x00,0x01,0x00,0xd7,0x04,0x91,0x06,0x00,0x00,0xae,0x28,0xb4,0x04,0xb2,0x32,
0x78,0x03,0x08,0xb3,0x01,0x00,0x0c,0x43,0x0a,0x01,0x00,0x01,0x00,0x01,0x02,0x00,
0x01,0x00,0x45,0x01,0xea,0x1a,0x00,0x01,0x00,0x9e,0x19,0x00,0x00,0xe3,0x04,0x7c,
0x06,0x00,0x00,0xad,0xf0,0x2a,0xd7,0x04,0x9a,0x06,0x00,0x00,0xad,0x11,0xf1,0x32,
0x0e,0xd7,0x04,0xa3,0x06,0x00,0x00,0xad,0x11,0xf1,0x27,0x0e,0xd7,0x04,0xb8,0x06,
0x00,0x00,0xad,0x11,0xf1,0x1c,0x0e,0xd7,0x04,0xb9,0x06,0x00,0x00,0xad,0x28,0xd7,
0x04,0x86,0x06,0x00,0x00,0xad,0x11,0xf1,0x09,0x0e,0xd7,0x04,0x91,0x06,0x00,0x00,
0xad,0x28,0xb4,0x04,0xca,0x32,0x30,0x0e,0x08,0x15,0x2f,0x26,0x39,0x26,0x39,0x26,
0x39,0x26,0x2a,0x28,0x39,0x20,0x00,0x0c,0x43,0x0a,0x01,0x00,0x01,0x00,0x01,0x02,
0x00,0x00,0x00,0x1e,0x01,0xea,0x1a,0x00,0x01,0x00,0xd7,0x04,0x9a,0x06,0x00,0x00,
0xad,0x11,0xf1,0x14,0x0e,0xd7,0x04,0xb8,0x06,0x00,0x00,0xad,0x11,0xf1,0x09,0x0e,
0xd7,0x04,0x91,0x06,0x00,0x00,0xad,0x28,0xb4,0x04,0xd1,0x32,0x22,0x06,0x08,0x03,
0x39,0x26,0x39,0x26,0x00,0x0c,0x43,0x0a,0x01,0x00,0x01,0x00,0x01,0x02,0x00,0x00,
0x00,0x1e,0x01,0xea,0x1a,0x00,0x01,0x00,0xd7,0x04,0xa3,0x06,0x00,0x00,0xad,0x11,
0xf1,0x14,0x0e,0xd7,0x04,0xb9,0x06,0x00,0x00,0xad,0x11,0xf1,0x09,0x0e,0xd7,0x04,
0x86,0x06,0x00,0x00,0xad,0x28,0xb4,0x04,0xda,0x32,0x22,0x06,0x08,0x03,0x39,0x26,
0x39,0x2a,0x00,0xe3,0x96,0x04,0x4c,0x00,0x00,0x00,0xad,0xf0,0x04,0xe3,0xf2,0x07,
0xe3,0x40,0x3a,0x00,0x00,0x00,0xd3,0x04,0x8a,0x06,0x00,0x00,0xad,0x68,0xb6,0x00,
0x00,0x00,0xe3,0x40,0x33,0x02,0x00,0x00,0xf0,0x25,0xe3,0x40,0x33,0x02,0x00,0x00,
0x96,0x04,0x4c,0x00,0x00,0x00,0xad,0xf0,0x09,0xe3,0x40,0x33,0x02,0x00,0x00,0xf2,
0x13,0xe3,0x40,0x33,0x02,0x00,0x00,0x40,0x3a,0x00,0x00,0x00,0xf2,0x06,0x04,0x7e,
0x06,0x00,0x00,0xd0,0xe3,0xef,0xf8,0xf1,0x05,0xe3,0xef,0xf2,0x02,0xba,0xd5,0xba,
0xa7,0xf0,0x15,0x38,0xa6,0x00,0x00,0x00,0x41,0xba,0x06,0x00,0x00,0xcd,0xc2,0x08,
0x9a,0x24,0x01,0x00,0xd2,0xf2,0x1e,0xcc,0x04,0x60,0x04,0x00,0x00,0xad,0xf0,0x05,
0xc2,0x14,0xf2,0x10,0xcc,0x04,0xbb,0x06,0x00,0x00,0xad,0xf0,0x05,0xc2,0x40,0xf2,
0x03,0xc2,0x20,0xd2,0x38,0xb1,0x00,0x00,0x00,0x11,0xce,0x21,0x01,0x00,0xc8,0x04,
0x38,0xc1,0x03,0x00,0x00,0x41,0xbe,0x03,0x00,0x00,0xc7,0x04,0x24,0x01,0x00,0x0e,
0xd7,0x64,0x01,0x00,0x11,0x04,0x83,0x06,0x00,0x00,0x0b,0x04,0x8a,0x06,0x00,0x00,
0x4b,0x3a,0x00,0x00,0x00,0xcc,0x4b,0x33,0x02,0x00,0x00,0xe5,0xe6,0xc7,0x04,0x21,
0x05,0x00,0xf5,0x29,0xcb,0x04,0x6f,0x06,0x00,0x00,0xad,0x11,0xf1,0x09,0x0e,0xcb,
0x04,0x70,0x06,0x00,0x00,0xad,0x68,0x46,0x01,0x00,0x00,0xe3,0x40,0x71,0x06,0x00,
0x00,0xc9,0x05,0x04,0x73,0x06,0x00,0x00,0xae,0xf0,0x2b,0xc7,0x05,0x04,0x74,0x06,
0x00,0x00,0xae,0xf0,0x21,0xc7,0x05,0x04,0xbc,0x06,0x00,0x00,0xae,0xf0,0x17,0xd8,
0x38,0xdd,0x00,0x00,0x00,0x11,0x04,0xbd,0x06,0x00,0x00,0x04,0xfa,0x01,0x00,0x00,
0x21,0x02,0x00,0xf5,0x29,0x5d,0x04,0x00,0x40,0xbe,0x06,0x00,0x00,0xfb,0xf1,0x17,
0xd8,0x38,0xdd,0x00,0x00,0x00,0x11,0x04,0x64,0x06,0x00,0x00,0x04,0xfa,0x01,0x00,
0x00,0x21,0x02,0x00,0xf5,0x29,0x6b,0xd7,0x00,0x00,0x00,0x38,0xb1,0x00,0x00,0x00,
0x11,0x5d,0x04,0x00,0x41,0xbe,0x06,0x00,0x00,0xc7,0x05,0x24,0x01,0x00,0x21,0x01,
0x00,0xc9,0x06,0xba,0x46,0xc2,0x18,0x9e,0xc7,0x06,0xbb,0x46,0xc2,0x10,0x9e,0xa3,
0xc7,0x06,0xbc,0x46,0xc2,0x08,0x9e,0xa3,0xc7,0x06,0xbd,0x46,0xa3,0xc8,0x07,0xc7,
0x06,0x41,0xc3,0x01,0x00,0x00,0xbe,0xbe,0xc7,0x07,0x9c,0x24,0x02,0x00,0xc8,0x08,
0xc7,0x06,0x41,0xc3,0x01,0x00,0x00,0xbe,0xc7,0x07,0x9c,0x24,0x01,0x00,0xc8,0x09,
0xe6,0x41,0x6e,0x01,0x00,0x00,0xc5,0x00,0x24,0x01,0x00,0xc8,0x0a,0x64,0x01,0x00,
0x11,0x04,0x2c,0x00,0x00,0x00,0x0b,0xcb,0x4b,0x3a,0x00,0x00,0x00,0xc7,0x05,0x4b,
0x71,0x06,0x00,0x00,0xe5,0xc7,0x0a,0x41,0x6e,0x01,0x00,0x00,0xc5,0x01,0x24,0x01,
0x00,0xc7,0x09,0x21,0x05,0x00,0xc8,0x0b,0x64,0x01,0x00,0x11,0x04,0x2a,0x00,0x00,
0x00,0x0b,0xcb,0x4b,0x3a,0x00,0x00,0x00,0xc7,0x05,0x4b,0x71,0x06,0x00,0x00,0xe5,
0xc7,0x0a,0x41,0x6e,0x01,0x00,0x00,0xc5,0x02,0x24,0x01,0x00,0xc7,0x08,0x21,0x05,
0x00,0xc9,0x0c,0xc7,0x09,0x42,0xbf,0x06,0x00,0x00,0xd7,0x0b,0xc7,0x0b,0x4b,0xc0,
0x06,0x00,0x00,0xc7,0x0c,0x4b,0xc1,0x06,0x00,0x00,0xf5,0x0e,0x0e,0x29,0xc8,0x0d,
0x6b,0x0b,0x00,0x00,0x00,0xd8,0xc7,0x0d,0xf5,0x0e,0x0e,0x29,0x30,0xcb,0x04,0x7c,
0x06,0x00,0x00,0xad,0x11,0xf1,0x09,0x0e,0xcb,0x04,0x7d,0x06,0x00,0x00,0xad,0x68,
0x59,0x01,0x00,0x00,0xe3,0x40,0x33,0x02,0x00,0x00,0xf0,0x25,0xe3,0x40,0x33,0x02,
0x00,0x00,0x96,0x04,0x4c,0x00,0x00,0x00,0xad,0xf0,0x09,0xe3,0x40,0x33,0x02,0x00,
0x00,0xf2,0x13,0xe3,0x40,0x33,0x02,0x00,0x00,0x40,0x3a,0x00,0x00,0x00,0xf2,0x06,
0x04,0x7e,0x06,0x00,0x00,0xd0,0xe3,0x40,0xaf,0x06,0x00,0x00,0x11,0xf1,0x05,0x0e,
0xc3,0x00,0x08,0xc9,0x0e,0xc3,0x00,0x08,0xae,0xf0,0x27,0xc7,0x0e,0xc3,0x00,0x0c,
0xae,0xf0,0x1f,0xc7,0x0e,0xc3,0x00,0x10,0xae,0xf0,0x17,0xd8,0x38,0xdd,0x00,0x00,
0x00,0x11,0x04,0xc2,0x06,0x00,0x00,0x04,0xfa,0x01,0x00,0x00,0x21,0x02,0x00,0xf5,
0x29,0xe3,0x40,0xc3,0x06,0x00,0x00,0x11,0xf1,0x11,0x0e,0x38,0xb1,0x00,0x00,0x00,
0x11,0xbb,0xba,0xbb,0x26,0x03,0x00,0x21,0x01,0x00,0xc8,0x0f,0x5d,0x04,0x00,0x40,
0xc4,0x06,0x00,0x00,0xfb,0xf1,0x17,0xd8,0x38,0xdd,0x00,0x00,0x00,0x11,0x04,0x64,
0x06,0x00,0x00,0x04,0xfa,0x01,0x00,0x00,0x21,0x02,0x00,0xf5,0x29,0x6b,0x9c,0x00,
0x00,0x00,0x5d,0x04,0x00,0x41,0xc4,0x06,0x00,0x00,0xc7,0x0e,0xc7,0x0f,0x24,0x02,
0x00,0xc8,0x10,0xe6,0x41,0x6e,0x01,0x00,0x00,0xc5,0x03,0x24,0x01,0x00,0xc8,0x11,
0x64,0x01,0x00,0x11,0x04,0x2c,0x00,0x00,0x00,0x0b,0xcb,0x4b,0x3a,0x00,0x00,0x00,
0xcc,0x4b,0x33,0x02,0x00,0x00,0xe5,0xc7,0x11,0x41,0x6e,0x01,0x00,0x00,0xc5,0x04,
0x24,0x01,0x00,0x5d,0x05,0x00,0xc7,0x10,0x40,0xc5,0x06,0x00,0x00,0xf5,0x21,0x05,
0x00,0xc8,0x12,0x64,0x01,0x00,0x11,0x04,0x2a,0x00,0x00,0x00,0x0b,0xcb,0x4b,0x3a,
0x00,0x00,0x00,0xcc,0x4b,0x33,0x02,0x00,0x00,0xe5,0xc7,0x11,0x41,0x6e,0x01,0x00,
0x00,0xc5,0x05,0x24,0x01,0x00,0x5d,0x05,0x00,0xc7,0x10,0x40,0xc6,0x06,0x00,0x00,
0xf5,0x21,0x05,0x00,0xc8,0x13,0xd7,0x0b,0xc7,0x12,0x4b,0xc0,0x06,0x00,0x00,0xc7,
0x13,0x4b,0xc1,0x06,0x00,0x00,0xf5,0x0e,0x0e,0x29,0xc8,0x14,0x6b,0x0b,0x00,0x00,
0x00,0xd8,0xc7,0x14,0xf5,0x0e,0x0e,0x29,0x30,0xcb,0x04,0x9e,0x06,0x00,0x00,0xad,
0x11,0xf1,0x1f,0x0e,0xcb,0x04,0x9f,0x06,0x00,0x00,0xad,0x11,0xf1,0x14,0x0e,0xcb,
0x04,0xa1,0x06,0x00,0x00,0xad,0x11,0xf1,0x09,0x0e,0xcb,0x04,0xc7,0x06,0x00,0x00,
0xad,0xf0,0x79,0xe3,0xef,0x11,0xf1,0x05,0x0e,0xc3,0x80,0x00,0xc9,0x15,0xc3,0x80,
0x00,0xae,0xf0,0x27,0xc7,0x15,0xc3,0xc0,0x00,0xae,0xf0,0x1f,0xc7,0x15,0xc3,0x00,
0x01,0xae,0xf0,0x17,0xd8,0x38,0xdd,0x00,0x00,0x00,0x11,0x04,0xc8,0x06,0x00,0x00,
0x04,0x59,0x06,0x00,0x00,0x21,0x02,0x00,0xf5,0x29,0x38,0xb1,0x00,0x00,0x00,0x11,
0xc7,0x15,0xc2,0x08,0x9a,0x21,0x01,0x00,0xc8,0x04,0x38,0xc1,0x03,0x00,0x00,0x41,
0xbe,0x03,0x00,0x00,0xc7,0x04,0x24,0x01,0x00,0x0e,0xd7,0x64,0x01,0x00,0x11,0x04,
0x83,0x06,0x00,0x00,0x0b,0xcb,0x4b,0x3a,0x00,0x00,0x00,0xc7,0x15,0x4b,0x33,0x00,
0x00,0x00,0xe5,0xe6,0xc7,0x04,0x21,0x05,0x00,0xf5,0x29,0xd8,0x38,0xdd,0x00,0x00,
0x00,0x11,0x04,0x8d,0x06,0x00,0x00,0xcb,0x9c,0x04,0xfa,0x01,0x00,0x00,0x21,0x02,
0x00,0xf5,0x29,0xb4,0x04,0x8d,0x32,0x1c,0xc4,0x01,0x08,0x26,0x62,0x25,0x80,0x56,
0xc1,0x27,0x31,0x29,0x17,0x1d,0x34,0x30,0x07,0x1a,0x31,0x49,0x07,0x36,0x43,0x38,
0x4f,0x4b,0x3f,0x25,0x34,0x2e,0x21,0x2d,0x07,0x18,0xb9,0x06,0x39,0x30,0x63,0x31,
0x34,0x2a,0x34,0x2a,0x2b,0x6b,0x07,0x16,0x96,0x30,0x12,0x45,0x07,0x16,0x00,0x1a,
0x08,0x0c,0x48,0x42,0x3f,0x2d,0x11,0x0a,0x16,0x1a,0x16,0x0a,0x16,0x1a,0x16,0x08,
0x49,0x61,0x0c,0x1a,0x4e,0x1b,0x07,0x14,0x49,0x06,0x28,0x19,0x9d,0xac,0x01,0x41,
0xa9,0x01,0x9d,0xae,0x01,0x37,0xd1,0x01,0x30,0x00,0x8b,0x00,0x07,0x0e,0x00,0x08,
0x08,0x0c,0x39,0x36,0x80,0x20,0x00,0x33,0x04,0x47,0x2a,0x34,0x2a,0x34,0x21,0x8f,
0x01,0x07,0x16,0xa0,0x40,0x80,0x07,0x12,0x4d,0x07,0x16,0x00,0x22,0x08,0x30,0x4e,
0x03,0x28,0x1f,0x00,0x1e,0x08,0x04,0x2d,0x07,0x45,0x06,0x00,0x1e,0x08,0x02,0x2d,
0x07,0x45,0x1d,0x8b,0x00,0x07,0x0e,0x00,0x08,0x08,0x0c,0x39,0x34,0x39,0x34,0x39,
0x34,0x63,0x9b,0x01,0x2a,0x24,0x2a,0x24,0x21,0x61,0x07,0x16,0x6e,0x0c,0x2a,0x28,
0x2b,0x4d,0x34,0x2e,0x21,0x2d,0x07,0x18,0xa5,0x1b,0x07,0x16,0x39,0x52,0x00,0x38,
0xce,0x00,0x00,0x00,0x11,0xc5,0x00,0x21,0x01,0x00,0x28,0xb4,0x04,0x8c,0x32,0x07,
0x02,0x03,0x1a,0x00,0x0c,0x42,0x0b,0x01,0x00,0x02,0x00,0x02,0x03,0x02,0x02,0x01,
0x0c,0x02,0x94,0x17,0x00,0x01,0x40,0x01,0xe8,0x06,0x00,0x01,0x40,0x00,0x88,0x19,
0x01,0x00,0x94,0x19,0x07,0x00,0x0c,0x43,0x0a,0x01,0x00,0x02,0x05,0x02,0x07,0x00,
0x04,0x01,0xf0,0x05,0x07,0x94,0x02,0x00,0x01,0x00,0x96,0x02,0x00,0x01,0x00,0x9e,
0x19,0x00,0x00,0x00,0xce,0x19,0x00,0x01,0x00,0xd0,0x19,0x00,0x02,0x00,0xee,0x19,
0x00,0x03,0x00,0xd6,0x19,0x00,0x04,0x00,0xe8,0x06,0x01,0x01,0x94,0x17,0x00,0x01,
0x88,0x19,0x00,0x02,0x94,0x19,0x01,0x02,0x07,0x06,0x32,0x35,0x36,0xe3,0x40,0x60,
0x06,0x00,0x00,0x95,0xf0,0x17,0xd8,0x38,0xdd,0x00,0x00,0x00,0x11,0x04,0xc9,0x06,
0x00,0x00,0x04,0xff,0x01,0x00,0x00,0x21,0x02,0x00,0xf5,0x29,0xe3,0x40,0x5f,0x06,
0x00,0x00,0x40,0x3a,0x00,0x00,0x00,0xd3,0x04,0x6f,0x06,0x00,0x00,0xad,0x11,0xf1,
0x09,0x0e,0xcb,0x04,0x70,0x06,0x00,0x00,0xad,0x68,0x72,0x01,0x00,0x00,0xe3,0x40,
0x5f,0x06,0x00,0x00,0x40,0x71,0x06,0x00,0x00,0xd4,0x04,0x73,0x06,0x00,0x00,0xad,
0xf0,0x05,0xc2,0x20,0xf2,0x10,0xcc,0x04,0x74,0x06,0x00,0x00,0xad,0xf0,0x05,0xc2,
0x30,0xf2,0x03,0xc2,0x42,0xd1,0xe4,0x04,0x78,0x00,0x00,0x00,0xad,0xf0,0x30,0xe3,
0x40,0x6c,0x01,0x00,0x00,0x04,0x2c,0x00,0x00,0x00,0xae,0xf0,0x17,0xd8,0x38,0xdd,
0x00,0x00,0x00,0x11,0x04,0xca,0x06,0x00,0x00,0x04,0xfa,0x01,0x00,0x00,0x21,0x02,
0x00,0xf5,0x29,0xd7,0xe5,0xe3,0x40,0xd9,0x03,0x00,0x00,0xf5,0xf5,0x29,0xe4,0x04,
0x77,0x06,0x00,0x00,0xad,0x68,0xee,0x00,0x00,0x00,0x0b,0x04,0xcb,0x06,0x00,0x00,
0x4b,0xcc,0x06,0x00,0x00,0xcc,0x4b,0x78,0x06,0x00,0x00,0x0a,0x4b,0xcd,0x06,0x00,
0x00,0xe3,0x40,0x50,0x06,0x00,0x00,0x4b,0xce,0x06,0x00,0x00,0xd2,0xe3,0x40,0x6c,
0x01,0x00,0x00,0x04,0x2a,0x00,0x00,0x00,0xad,0xf0,0x5e,0xce,0xe6,0xe3,0x40,0xd9,
0x03,0x00,0x00,0xf5,0x42,0x80,0x02,0x00,0x00,0xe3,0x40,0xbf,0x06,0x00,0x00,0x11,
0xf1,0x0c,0x0e,0x38,0xb1,0x00,0x00,0x00,0x11,0xba,0x21,0x01,0x00,0xc9,0x04,0xef,
0xcd,0xbc,0x99,0xbb,0x9c,0xad,0x68,0x89,0x00,0x00,0x00,0xce,0xe6,0xc7,0x04,0x41,
0xad,0x03,0x00,0x00,0xbb,0xbb,0xcd,0x9c,0x24,0x02,0x00,0xf5,0x42,0x28,0x05,0x00,
0x00,0xce,0xe6,0xc7,0x04,0x41,0xad,0x03,0x00,0x00,0xbb,0xcd,0x9c,0x24,0x01,0x00,
0xf5,0x42,0x6a,0x06,0x00,0x00,0xf2,0x59,0xe3,0x40,0xd9,0x03,0x00,0x00,0xef,0xcd,
0xbc,0x99,0xbb,0x9c,0xae,0xf0,0x17,0xd8,0x38,0xdd,0x00,0x00,0x00,0x11,0x04,0xcf,
0x06,0x00,0x00,0x04,0x76,0x06,0x00,0x00,0x21,0x02,0x00,0xf5,0x29,0xce,0xe6,0xe3,
0x40,0xd9,0x03,0x00,0x00,0x41,0xad,0x03,0x00,0x00,0xbb,0xbb,0xcd,0x9c,0x24,0x02,
0x00,0xf5,0x42,0x28,0x05,0x00,0x00,0xce,0xe6,0xe3,0x40,0xd9,0x03,0x00,0x00,0x41,
0xad,0x03,0x00,0x00,0xbb,0xcd,0x9c,0x24,0x01,0x00,0xf5,0x42,0x6a,0x06,0x00,0x00,
0xd7,0xce,0xf5,0x29,0xd8,0x38,0xdd,0x00,0x00,0x00,0x11,0x04,0xd0,0x06,0x00,0x00,
0xe4,0x9c,0x04,0xfa,0x01,0x00,0x00,0x21,0x02,0x00,0xf5,0x29,0xcb,0x04,0x7c,0x06,
0x00,0x00,0xad,0x11,0xf1,0x09,0x0e,0xcb,0x04,0x7d,0x06,0x00,0x00,0xad,0x68,0x8a,
0x00,0x00,0x00,0xe4,0x04,0x7f,0x06,0x00,0x00,0xad,0xf0,0x30,0xe3,0x40,0x6c,0x01,
0x00,0x00,0x04,0x2c,0x00,0x00,0x00,0xae,0xf0,0x17,0xd8,0x38,0xdd,0x00,0x00,0x00,
0x11,0x04,0xd1,0x06,0x00,0x00,0x04,0xfa,0x01,0x00,0x00,0x21,0x02,0x00,0xf5,0x29,
0xd7,0xe5,0xe3,0x40,0xd9,0x03,0x00,0x00,0xf5,0xf5,0x29,0xe4,0x04,0x80,0x06,0x00,
0x00,0xad,0xf0,0x30,0xe3,0x40,0x6c,0x01,0x00,0x00,0x04,0x2a,0x00,0x00,0x00,0xae,
0xf0,0x17,0xd8,0x38,0xdd,0x00,0x00,0x00,0x11,0x04,0xd2,0x06,0x00,0x00,0x04,0xfa,
0x01,0x00,0x00,0x21,0x02,0x00,0xf5,0x29,0xd7,0xe5,0xe3,0x40,0xd9,0x03,0x00,0x00,
0xf5,0xf5,0x29,0xd8,0x38,0xdd,0x00,0x00,0x00,0x11,0x04,0xd3,0x06,0x00,0x00,0x04,
0xfa,0x01,0x00,0x00,0x21,0x02,0x00,0xf5,0x29,0xe4,0x04,0x78,0x00,0x00,0x00,0xad,
0xf0,0x0c,0xd7,0xe5,0xe3,0x40,0xd9,0x03,0x00,0x00,0xf5,0xf5,0x29,0xe4,0x04,0x77,
0x06,0x00,0x00,0xad,0xf0,0x70,0x0b,0x04,0xd4,0x06,0x00,0x00,0x4b,0xcc,0x06,0x00,
0x00,0xe6,0xe3,0x40,0xd9,0x03,0x00,0x00,0xf5,0x4b,0xa8,0x03,0x00,0x00,0xcb,0x04,
0x8a,0x06,0x00,0x00,0xad,0xf0,0x33,0x04,0xd5,0x06,0x00,0x00,0xe3,0x40,0x5f,0x06,
0x00,0x00,0x40,0x33,0x02,0x00,0x00,0xf0,0x1c,0xe3,0x40,0x5f,0x06,0x00,0x00,0x40,
0x33,0x02,0x00,0x00,0x41,0x18,0x02,0x00,0x00,0x04,0xd6,0x06,0x00,0x00,0xc6,0x24,
0x02,0x00,0xf2,0x03,0xc4,0x00,0x9c,0xf2,0x02,0xcb,0x4b,0xd7,0x06,0x00,0x00,0x0a,
0x4b,0xcd,0x06,0x00,0x00,0xe3,0x40,0x50,0x06,0x00,0x00,0x4b,0xce,0x06,0x00,0x00,
0xd2,0xd7,0xce,0xf5,0x29,0xd8,0x38,0xdd,0x00,0x00,0x00,0x11,0x04,0xd0,0x06,0x00,
0x00,0xe4,0x9c,0x04,0xfa,0x01,0x00,0x00,0x21,0x02,0x00,0xf5,0x29,0xb4,0x04,0xf4,
0x32,0x1c,0xa5,0x01,0x31,0x1d,0x07,0x16,0x00,0x21,0x08,0x08,0x39,0x30,0x77,0x1b,
0x43,0x32,0x53,0x45,0x49,0x08,0x2b,0x1d,0x07,0x16,0x6e,0x19,0x07,0x10,0x07,0x1c,
0x37,0x11,0x00,0x34,0x04,0x08,0x2b,0x1d,0x0c,0x30,0x71,0x04,0x44,0x0d,0x07,0x16,
0x0c,0x08,0x2b,0x3f,0x0c,0x30,0x25,0x08,0x0c,0x20,0x3a,0x57,0x0c,0x30,0x25,0x08,
0x07,0x1a,0x69,0x23,0x07,0x16,0x0c,0x08,0x1c,0x4b,0x07,0x16,0x6e,0x19,0x0c,0x30,
0x39,0x14,0x0c,0x20,0x3a,0x63,0x0c,0x30,0x39,0x14,0x07,0x1a,0x3b,0x61,0x07,0x10,
0x14,0x13,0x07,0x16,0x39,0x5a,0x46,0x51,0x39,0x36,0x3f,0x35,0x49,0x08,0x2b,0x1d,
0x07,0x16,0x6e,0x19,0x07,0x10,0x07,0x1c,0x37,0x11,0x49,0x08,0x2b,0x1d,0x07,0x16,
0x6e,0x19,0x07,0x10,0x07,0x1c,0x32,0x2f,0x07,0x16,0x73,0x04,0x2b,0x19,0x07,0x10,
0x07,0x1c,0x37,0x11,0x69,0x10,0x44,0x01,0x43,0x20,0x93,0x52,0x00,0x28,0x08,0x99,
0x01,0x07,0x10,0x14,0x13,0x07,0x16,0x39,0x5a,0x00,0x38,0xce,0x00,0x00,0x00,0x11,
0xc5,0x00,0x21,0x01,0x00,0x28,0xb4,0x04,0xf3,0x32,0x07,0x02,0x03,0x1a,0x00,0x0c,
0x42,0x0b,0x01,0x00,0x04,0x00,0x04,0x03,0x04,0x06,0x01,0x0c,0x04,0x94,0x17,0x00,
0x01,0x40,0x03,0xe8,0x06,0x00,0x01,0x40,0x01,0xb0,0x1b,0x00,0x01,0x40,0x02,0xb2,
0x1b,0x00,0x01,0x40,0x00,0x8e,0x19,0x04,0x00,0xa2,0x04,0x00,0x01,0x88,0x19,0x01,
0x00,0x86,0x19,0x00,0x00,0x94,0x19,0x07,0x00,0x90,0x19,0x05,0x00,0x0c,0x43,0x0a,
0x01,0x00,0x02,0x09,0x02,0x0b,0x00,0x0a,0x01,0xc0,0x05,0x0b,0x94,0x02,0x00,0x01,
0x00,0x96,0x02,0x00,0x01,0x00,0xb4,0x1b,0x00,0x00,0x00,0xb0,0x04,0x0b,0x00,0x03,
0xaa,0x1a,0x00,0x01,0x00,0xee,0x19,0x00,0x03,0x00,0xb0,0x04,0x18,0x00,0x03,0xac,
0x1a,0x00,0x04,0x00,0xae,0x1a,0x00,0x06,0x00,0xb0,0x1a,0x00,0x07,0x00,0xb0,0x04,
0x20,0x00,0x03,0xb2,0x1b,0x03,0x01,0xe8,0x06,0x01,0x01,0x8e,0x19,0x00,0x02,0xb0,
0x1b,0x02,0x01,0x94,0x17,0x00,0x01,0xa2,0x04,0x01,0x02,0x88,0x19,0x02,0x02,0x86,
0x19,0x03,0x02,0x94,0x19,0x04,0x02,0x90,0x19,0x05,0x02,0x07,0x06,0x32,0x35,0x36,
0xe3,0x96,0x04,0x4c,0x00,0x00,0x00,0xad,0xf0,0x04,0xe3,0xf2,0x07,0xe3,0x40,0x3a,
0x00,0x00,0x00,0xcf,0xe4,0x95,0x11,0xf1,0x09,0x0e,0xe4,0x40,0x60,0x06,0x00,0x00,
0x95,0xf0,0x17,0xd8,0x38,0xdd,0x00,0x00,0x00,0x11,0x04,0xc9,0x06,0x00,0x00,0x04,
0xff,0x01,0x00,0x00,0x21,0x02,0x00,0xf5,0x29,0xe5,0xe6,0x04,0xb8,0x06,0x00,0x00,
0xf6,0x0e,0xcb,0x04,0xc7,0x06,0x00,0x00,0xad,0xf0,0x79,0x5d,0x04,0x00,0x04,0x78,
0x00,0x00,0x00,0xae,0xf0,0x17,0xd8,0x38,0xdd,0x00,0x00,0x00,0x11,0x04,0xdb,0x06,
0x00,0x00,0x04,0xfa,0x01,0x00,0x00,0x21,0x02,0x00,0xf5,0x29,0x5d,0x05,0x00,0x40,
0xdc,0x06,0x00,0x00,0xfb,0xf1,0x17,0xd8,0x38,0xdd,0x00,0x00,0x00,0x11,0x04,0x64,
0x06,0x00,0x00,0x04,0xfa,0x01,0x00,0x00,0x21,0x02,0x00,0xf5,0x29,0x6b,0x28,0x00,
0x00,0x00,0xd7,0x5d,0x06,0x00,0x5d,0x05,0x00,0x41,0xdc,0x06,0x00,0x00,0xe6,0x40,
0xd9,0x03,0x00,0x00,0x5d,0x07,0x00,0xe4,0x40,0xd9,0x03,0x00,0x00,0xf5,0x24,0x02,
0x00,0xf5,0xf5,0x0e,0x0e,0x29,0xd0,0x6b,0x0a,0x00,0x00,0x00,0xd8,0xcc,0xf5,0x0e,
0x0e,0x29,0x30,0xcb,0x04,0x9f,0x06,0x00,0x00,0xae,0xf0,0x22,0xcb,0x04,0x9e,0x06,
0x00,0x00,0xae,0xf0,0x19,0xd8,0x38,0xdd,0x00,0x00,0x00,0x11,0x04,0xdd,0x06,0x00,
0x00,0xcb,0x9c,0x04,0xfa,0x01,0x00,0x00,0x21,0x02,0x00,0xf5,0x29,0x5d,0x05,0x00,
0x40,0x9d,0x06,0x00,0x00,0xfb,0xf1,0x17,0xd8,0x38,0xdd,0x00,0x00,0x00,0x11,0x04,
0x64,0x06,0x00,0x00,0x04,0xfa,0x01,0x00,0x00,0x21,0x02,0x00,0xf5,0x29,0x6b,0xf3,
0x00,0x00,0x00,0x5d,0x04,0x00,0x04,0x78,0x00,0x00,0x00,0xad,0xf0,0x0f,0x5d,0x07,
0x00,0xe4,0x40,0xd9,0x03,0x00,0x00,0xf5,0xd1,0xf3,0xd5,0x00,0x5d,0x04,0x00,0x04,
0x77,0x06,0x00,0x00,0xad,0x68,0xac,0x00,0x00,0x00,0x0b,0x04,0xd4,0x06,0x00,0x00,
0x4b,0xcc,0x06,0x00,0x00,0x5d,0x08,0x00,0xe4,0x40,0xd9,0x03,0x00,0x00,0xf5,0x4b,
0xa8,0x03,0x00,0x00,0xe4,0x40,0x5f,0x06,0x00,0x00,0x40,0x3a,0x00,0x00,0x00,0x04,
0x8a,0x06,0x00,0x00,0xad,0xf0,0x33,0x04,0xd5,0x06,0x00,0x00,0xe4,0x40,0x5f,0x06,
0x00,0x00,0x40,0x33,0x02,0x00,0x00,0xf0,0x1c,0xe4,0x40,0x5f,0x06,0x00,0x00,0x40,
0x33,0x02,0x00,0x00,0x41,0x18,0x02,0x00,0x00,0x04,0xd6,0x06,0x00,0x00,0xc6,0x24,
0x02,0x00,0xf2,0x03,0xc4,0x00,0x9c,0xf2,0x0c,0xe4,0x40,0x5f,0x06,0x00,0x00,0x40,
0x3a,0x00,0x00,0x00,0x4b,0xd7,0x06,0x00,0x00,0xe4,0x40,0x60,0x06,0x00,0x00,0x4b,
0xcd,0x06,0x00,0x00,0xe4,0x40,0x50,0x06,0x00,0x00,0x4b,0xce,0x06,0x00,0x00,0xd2,
0x38,0xa0,0x02,0x00,0x00,0x11,0x21,0x00,0x00,0x41,0xa1,0x02,0x00,0x00,0x38,0xa7,
0x00,0x00,0x00,0x41,0x19,0x01,0x00,0x00,0xce,0x24,0x01,0x00,0x24,0x01,0x00,0xd1,
0xf2,0x1e,0xd8,0x38,0xdd,0x00,0x00,0x00,0x11,0x04,0xde,0x06,0x00,0x00,0x5d,0x04,
0x00,0x9c,0x04,0xfa,0x01,0x00,0x00,0x21,0x02,0x00,0xf5,0x0e,0x06,0x6e,0x28,0x0e,
0xf2,0x11,0xc8,0x04,0x6b,0x0c,0x00,0x00,0x00,0xd8,0xc7,0x04,0xf5,0x0e,0x06,0x6e,
0x28,0x30,0x6b,0x9d,0x00,0x00,0x00,0xcb,0x04,0x9f,0x06,0x00,0x00,0xad,0xf0,0x57,
0x5d,0x07,0x00,0xe3,0x40,0x96,0x06,0x00,0x00,0xf5,0xc8,0x05,0xe3,0x40,0xa0,0x06,
0x00,0x00,0xf0,0x0d,0x5d,0x07,0x00,0xe3,0x40,0xa0,0x06,0x00,0x00,0xf5,0xf2,0x02,
0x06,0xc8,0x06,0x5d,0x09,0x00,0xe3,0x40,0x56,0x06,0x00,0x00,0xf5,0xc8,0x07,0xd7,
0x5d,0x06,0x00,0x5d,0x05,0x00,0x41,0x9d,0x06,0x00,0x00,0xcd,0xe6,0x40,0xd9,0x03,
0x00,0x00,0xc7,0x05,0x04,0x9f,0x06,0x00,0x00,0xc7,0x06,0xc7,0x07,0x24,0x06,0x00,
0xf5,0xf5,0x0e,0x06,0x6e,0x28,0xcb,0x04,0x9e,0x06,0x00,0x00,0xad,0xf0,0x30,0x5d,
0x07,0x00,0xe3,0x40,0x96,0x06,0x00,0x00,0xf5,0xc8,0x05,0xd7,0x5d,0x06,0x00,0x5d,
0x05,0x00,0x41,0x9d,0x06,0x00,0x00,0xcd,0xe6,0x40,0xd9,0x03,0x00,0x00,0xc7,0x05,
0x04,0x9e,0x06,0x00,0x00,0x24,0x04,0x00,0xf5,0xf5,0x0e,0x06,0x6e,0x28,0x0e,0x29,
0xc8,0x08,0x6b,0x0c,0x00,0x00,0x00,0xd8,0xc7,0x08,0xf5,0x0e,0x06,0x6e,0x28,0x30,
0xb4,0x04,0xc3,0x33,0x1c,0x86,0x01,0x08,0x2e,0xae,0x4b,0x07,0x16,0x6e,0x19,0x07,
0x16,0x30,0x0c,0x3a,0x00,0x2b,0x19,0x07,0x16,0x96,0x2e,0x12,0x43,0x07,0x16,0x00,
0x1a,0x08,0x15,0x07,0x10,0x11,0x1c,0x2a,0x2a,0x2f,0x40,0x6d,0x95,0x01,0x07,0x0e,
0x00,0x07,0x08,0x0c,0x2f,0x34,0x2b,0x51,0x07,0x16,0x39,0x5c,0x69,0x2b,0x12,0x45,
0x07,0x16,0x00,0x1d,0x0a,0x08,0x2b,0x19,0x11,0x32,0x49,0x09,0x82,0x02,0x76,0x12,
0x43,0x20,0x93,0x52,0x00,0x37,0x08,0x8d,0x01,0x48,0x2a,0x34,0x1e,0x36,0x67,0x07,
0x16,0x39,0x56,0x00,0x1b,0x08,0x6f,0x07,0x0e,0x00,0x0e,0x08,0x14,0x3a,0x0e,0x67,
0x40,0x4e,0x27,0x30,0x43,0x07,0x10,0x11,0x1c,0x2a,0x2c,0x91,0x39,0x3a,0x0e,0x30,
0x2b,0x07,0x10,0x11,0x1c,0x2a,0x2c,0x00,0x20,0x08,0x5b,0x07,0x0e,0x00,0x38,0xce,
0x00,0x00,0x00,0x11,0xc5,0x00,0x21,0x01,0x00,0x28,0xb4,0x04,0xc2,0x33,0x07,0x02,
0x03,0x1a,0x00,0x0c,0x42,0x0b,0x01,0x00,0x07,0x00,0x07,0x03,0x07,0x06,0x01,0x0c,
0x07,0x94,0x17,0x00,0x01,0x40,0x02,0xbe,0x1b,0x00,0x01,0x40,0x03,0xc0,0x1b,0x00,
0x01,0x40,0x01,0xc2,0x1b,0x00,0x01,0x40,0x00,0xc4,0x1b,0x00,0x01,0x40,0x04,0xc0,
0x19,0x00,0x01,0x40,0x05,0xcc,0x19,0x00,0x01,0x40,0x06,0x8e,0x19,0x04,0x00,0xa2,
0x04,0x00,0x01,0x86,0x19,0x00,0x00,0x98,0x19,0x0b,0x10,0x90,0x19,0x05,0x00,0x96,
0x19,0x08,0x00,0x0c,0x43,0x0a,0x01,0x00,0x02,0x0a,0x02,0x0b,0x00,0x0d,0x00,0xfb,
0x04,0x0c,0x94,0x02,0x00,0x01,0x00,0x96,0x02,0x00,0x01,0x00,0xc6,0x1b,0x00,0x00,
0x00,0xd2,0x1a,0x00,0x01,0x00,0xb0,0x04,0x09,0x00,0x03,0xaa,0x1a,0x00,0x02,0x00,
0xac,0x1a,0x00,0x04,0x00,0xae,0x1a,0x00,0x05,0x00,0xb0,0x1a,0x00,0x06,0x00,0xb0,
0x04,0x14,0x00,0x03,0xae,0x0d,0x00,0x07,0x00,0xb0,0x04,0x1e,0x00,0x03,0xc2,0x1b,
0x03,0x01,0x8e,0x19,0x00,0x02,0xc0,0x1b,0x02,0x01,0x94,0x17,0x00,0x01,0xa2,0x04,
0x01,0x02,0x86,0x19,0x02,0x02,0xbe,0x1b,0x01,0x01,0x98,0x19,0x03,0x12,0xc4,0x1b,
0x04,0x01,0xc0,0x19,0x05,0x01,0xcc,0x19,0x06,0x01,0x90,0x19,0x04,0x02,0x96,0x19,
0x05,0x02,0xe3,0x96,0x04,0x4c,0x00,0x00,0x00,0xad,0xf0,0x04,0xe3,0xf2,0x07,0xe3,
0x40,0x3a,0x00,0x00,0x00,0xcf,0xe4,0xe5,0x04,0xb9,0x06,0x00,0x00,0xf6,0x0e,0xcb,
0x04,0xc7,0x06,0x00,0x00,0xad,0x68,0x93,0x00,0x00,0x00,0xe6,0x04,0x78,0x00,0x00,
0x00,0xae,0xf0,0x17,0xd8,0x38,0xdd,0x00,0x00,0x00,0x11,0x04,0xdb,0x06,0x00,0x00,
0x04,0xfa,0x01,0x00,0x00,0x21,0x02,0x00,0xf5,0x29,0x5d,0x04,0x00,0x40,0xe4,0x06,
0x00,0x00,0xfb,0xf1,0x17,0xd8,0x38,0xdd,0x00,0x00,0x00,0x11,0x04,0x64,0x06,0x00,
0x00,0x04,0xfa,0x01,0x00,0x00,0x21,0x02,0x00,0xf5,0x29,0x6b,0x41,0x00,0x00,0x00,
0x38,0xb1,0x00,0x00,0x00,0x11,0x5d,0x04,0x00,0x41,0xe4,0x06,0x00,0x00,0xe5,0x40,
0xd9,0x03,0x00,0x00,0x5d,0x05,0x00,0x5d,0x06,0x00,0xf5,0x24,0x02,0x00,0x21,0x01,
0x00,0xd0,0xd7,0x64,0x07,0x00,0x11,0x04,0x83,0x06,0x00,0x00,0x5d,0x08,0x00,0x5d,
0x09,0x00,0x5d,0x0a,0x00,0xcc,0x21,0x05,0x00,0xf5,0x0e,0x0e,0x29,0xd1,0x6b,0x0a,
0x00,0x00,0x00,0xd8,0xcd,0xf5,0x0e,0x0e,0x29,0x30,0xcb,0x04,0x9f,0x06,0x00,0x00,
0xae,0xf0,0x22,0xcb,0x04,0x9e,0x06,0x00,0x00,0xae,0xf0,0x19,0xd8,0x38,0xdd,0x00,
0x00,0x00,0x11,0x04,0xe5,0x06,0x00,0x00,0xcb,0x9c,0x04,0xfa,0x01,0x00,0x00,0x21,
0x02,0x00,0xf5,0x29,0x5d,0x04,0x00,0x40,0xa6,0x06,0x00,0x00,0xfb,0xf1,0x17,0xd8,
0x38,0xdd,0x00,0x00,0x00,0x11,0x04,0x64,0x06,0x00,0x00,0x04,0xfa,0x01,0x00,0x00,
0x21,0x02,0x00,0xf5,0x29,0x6b,0x91,0x00,0x00,0x00,0xcb,0x04,0x9f,0x06,0x00,0x00,
0xad,0xf0,0x56,0x5d,0x05,0x00,0xe3,0x40,0x96,0x06,0x00,0x00,0xf5,0xc8,0x04,0xe3,
0x40,0xa0,0x06,0x00,0x00,0xf0,0x0d,0x5d,0x05,0x00,0xe3,0x40,0xa0,0x06,0x00,0x00,
0xf5,0xf2,0x02,0x06,0xc8,0x05,0x5d,0x0b,0x00,0xe3,0x40,0x56,0x06,0x00,0x00,0xf5,
0xc8,0x06,0x5d,0x04,0x00,0x41,0xa6,0x06,0x00,0x00,0x5d,0x05,0x00,0x5d,0x06,0x00,
0xf5,0xe5,0x40,0xd9,0x03,0x00,0x00,0xc7,0x04,0x04,0x9f,0x06,0x00,0x00,0xc7,0x05,
0xc7,0x06,0x24,0x06,0x00,0xd2,0xf2,0x2d,0x5d,0x05,0x00,0xe3,0x40,0x96,0x06,0x00,
0x00,0xf5,0xc8,0x04,0x5d,0x04,0x00,0x41,0xa6,0x06,0x00,0x00,0x5d,0x05,0x00,0x5d,
0x06,0x00,0xf5,0xe5,0x40,0xd9,0x03,0x00,0x00,0xc7,0x04,0x04,0x9e,0x06,0x00,0x00,
0x24,0x04,0x00,0xd2,0x0e,0xf2,0x11,0xc8,0x07,0x6b,0x0c,0x00,0x00,0x00,0xd8,0xc7,
0x07,0xf5,0x0e,0x06,0x6e,0x28,0x30,0x6b,0xad,0x00,0x00,0x00,0xe6,0x04,0x78,0x00,
0x00,0x00,0xad,0xf0,0x26,0xd7,0x64,0x07,0x00,0x11,0x04,0x83,0x06,0x00,0x00,0x5d,
0x08,0x00,0x5d,0x09,0x00,0x5d,0x0a,0x00,0x38,0xb1,0x00,0x00,0x00,0x11,0xce,0x21,
0x01,0x00,0x21,0x05,0x00,0xf5,0x0e,0x06,0x6e,0x28,0xe6,0x04,0x77,0x06,0x00,0x00,
0xad,0xf0,0x70,0x38,0xa7,0x00,0x00,0x00,0x41,0xcb,0x02,0x00,0x00,0x38,0xe5,0x02,
0x00,0x00,0x11,0x21,0x00,0x00,0x41,0xe7,0x02,0x00,0x00,0xce,0x24,0x01,0x00,0x24,
0x01,0x00,0xc9,0x08,0x95,0x11,0xf1,0x0a,0x0e,0xc7,0x08,0x40,0xa8,0x03,0x00,0x00,
0x95,0xf0,0x1a,0xd8,0x38,0xdd,0x00,0x00,0x00,0x11,0x04,0xe6,0x06,0x00,0x00,0x04,
0x76,0x06,0x00,0x00,0x21,0x02,0x00,0xf5,0x0e,0x06,0x6e,0x28,0xd7,0x64,0x07,0x00,
0x11,0x04,0x83,0x06,0x00,0x00,0x5d,0x08,0x00,0x5d,0x09,0x00,0x5d,0x0a,0x00,0x5d,
0x0c,0x00,0xc7,0x08,0x40,0xa8,0x03,0x00,0x00,0xf5,0x21,0x05,0x00,0xf5,0x0e,0x06,
0x6e,0x28,0x0e,0xf2,0x11,0xc8,0x09,0x6b,0x0c,0x00,0x00,0x00,0xd8,0xc7,0x09,0xf5,
0x0e,0x06,0x6e,0x28,0x30,0xd8,0x38,0xdd,0x00,0x00,0x00,0x11,0x04,0xe7,0x06,0x00,
0x00,0xe6,0x9c,0x04,0xfa,0x01,0x00,0x00,0x21,0x02,0x00,0xf5,0x29,0xb4,0x04,0x8b,
0x34,0x1c,0x7d,0x08,0x36,0x62,0x57,0x07,0x16,0x30,0x10,0x3f,0x03,0x2b,0x19,0x07,
0x16,0x96,0x32,0x12,0x47,0x07,0x16,0x00,0x1a,0x08,0x10,0x48,0x44,0x2f,0x44,0x3a,
0xad,0x01,0x07,0x18,0xa4,0x17,0x07,0x0e,0x00,0x07,0x08,0x10,0x2f,0x38,0x2b,0x59,
0x07,0x16,0x39,0x60,0x69,0x2f,0x12,0x45,0x07,0x16,0x00,0x1b,0x0a,0x10,0x3a,0x0a,
0x67,0x44,0x4e,0x2b,0x30,0x43,0x2a,0x44,0x11,0x1a,0x9a,0x31,0x30,0x2b,0x2a,0x44,
0x11,0x1a,0xa0,0x61,0x07,0x0e,0x00,0x0e,0x08,0x10,0x2b,0x19,0x07,0x18,0x5c,0x8e,
0x01,0x64,0x8b,0x01,0x5d,0x1a,0x48,0x2a,0x7c,0x59,0x07,0x16,0x7d,0x19,0x07,0x18,
0x6b,0xa6,0x01,0x00,0x1a,0x08,0xc1,0x01,0x07,0x0e,0x2d,0x11,0x07,0x16,0x39,0x5a,
0x00,0x38,0xce,0x00,0x00,0x00,0x11,0xc5,0x00,0x21,0x01,0x00,0x28,0xb4,0x04,0x8a,
0x34,0x07,0x02,0x03,0x1a,0x00,0x0c,0x42,0x0b,0x01,0x00,0x04,0x00,0x04,0x03,0x04,
0x04,0x01,0x0c,0x04,0xbe,0x19,0x00,0x01,0x40,0x00,0xe8,0x06,0x00,0x01,0x40,0x03,
0x66,0x00,0x01,0x40,0x01,0xd0,0x1b,0x00,0x01,0x40,0x02,0x8e,0x19,0x04,0x00,0x86,
0x19,0x00,0x00,0xa2,0x04,0x00,0x01,0x88,0x19,0x01,0x00,0x0c,0x43,0x0a,0x01,0x00,
0x02,0x0c,0x02,0x08,0x00,0x08,0x00,0xaa,0x06,0x0e,0x94,0x02,0x00,0x01,0x00,0x96,
0x02,0x00,0x01,0x00,0x9e,0x19,0x00,0x00,0x00,0xd2,0x1b,0x00,0x01,0x00,0xd4,0x1b,
0x00,0x02,0x00,0x88,0x1a,0x00,0x03,0x00,0xd6,0x1b,0x00,0x04,0x00,0xd0,0x05,0x00,
0x05,0x00,0xb0,0x04,0x0e,0x00,0x03,0xbc,0x04,0x00,0x06,0x00,0xb0,0x04,0x18,0x00,
0x03,0xd6,0x19,0x00,0x08,0x00,0x86,0x1a,0x00,0x0a,0x00,0xb0,0x04,0x24,0x00,0x03,
0xbe,0x19,0x00,0x01,0x66,0x02,0x01,0xd0,0x1b,0x03,0x01,0x8e,0x19,0x00,0x02,0xe8,
0x06,0x01,0x01,0x86,0x19,0x01,0x02,0xa2,0x04,0x02,0x02,0x88,0x19,0x03,0x02,0xe3,
0x96,0x04,0x4c,0x00,0x00,0x00,0xad,0xf0,0x04,0xe3,0xf2,0x07,0xe3,0x40,0x3a,0x00,
0x00,0x00,0xcf,0xe4,0x96,0x04,0x4a,0x00,0x00,0x00,0xae,0x11,0xf1,0x0f,0x0e,0xe4,
0xba,0xa5,0x11,0xf1,0x08,0x0e,0xe4,0xc2,0x08,0x9b,0xba,0xae,0xf0,0x17,0xd8,0x38,
0xdd,0x00,0x00,0x00,0x11,0x04,0xec,0x06,0x00,0x00,0x04,0x59,0x06,0x00,0x00,0x21,
0x02,0x00,0xf5,0x29,0xe5,0x95,0xf0,0x0c,0xe6,0x5d,0x04,0x00,0x04,0xb7,0x06,0x00,
0x00,0xf6,0x0e,0xcb,0x04,0xed,0x06,0x00,0x00,0xad,0x68,0xf3,0x00,0x00,0x00,0x5d,
0x05,0x00,0xe3,0x40,0xe9,0x06,0x00,0x00,0xf5,0xd0,0xe3,0x40,0xea,0x06,0x00,0x00,
0xd1,0xe3,0x40,0x33,0x02,0x00,0x00,0xf0,0x25,0xe3,0x40,0x33,0x02,0x00,0x00,0x96,
0x04,0x4c,0x00,0x00,0x00,0xad,0xf0,0x09,0xe3,0x40,0x33,0x02,0x00,0x00,0xf2,0x0f,
0xe3,0x40,0x33,0x02,0x00,0x00,0x40,0x3a,0x00,0x00,0x00,0xf2,0x02,0x06,0xd6,0x95,
0xf0,0x12,0xd8,0x38,0xda,0x00,0x00,0x00,0x11,0x04,0xee,0x06,0x00,0x00,0x21,0x01,
0x00,0xf5,0x29,0x38,0xa1,0x00,0x00,0x00,0x41,0x52,0x02,0x00,0x00,0xcd,0x24,0x01,
0x00,0x95,0x11,0xf1,0x05,0x0e,0xcd,0xbb,0xa5,0xf0,0x17,0xd8,0x38,0xdd,0x00,0x00,
0x00,0x11,0x04,0xef,0x06,0x00,0x00,0x04,0x59,0x06,0x00,0x00,0x21,0x02,0x00,0xf5,
0x29,0x5d,0x06,0x00,0x40,0xf0,0x06,0x00,0x00,0xfb,0xf1,0x17,0xd8,0x38,0xdd,0x00,
0x00,0x00,0x11,0x04,0x64,0x06,0x00,0x00,0x04,0xfa,0x01,0x00,0x00,0x21,0x02,0x00,
0xf5,0x29,0x6b,0x3c,0x00,0x00,0x00,0x38,0xa6,0x00,0x00,0x00,0x41,0xba,0x06,0x00,
0x00,0xe4,0xc2,0x08,0x9a,0x24,0x01,0x00,0xc8,0x04,0x5d,0x06,0x00,0x41,0xf0,0x06,
0x00,0x00,0x5d,0x04,0x00,0x40,0xd9,0x03,0x00,0x00,0xcc,0xcd,0xce,0xc7,0x04,0x24,
0x05,0x00,0xc8,0x05,0xd7,0x5d,0x07,0x00,0xc7,0x05,0xf5,0xf5,0x0e,0x0e,0x29,0xc8,
0x06,0x6b,0x0b,0x00,0x00,0x00,0xd8,0xc7,0x06,0xf5,0x0e,0x0e,0x29,0x30,0xcb,0x04,
0xf1,0x06,0x00,0x00,0xad,0x68,0xf3,0x00,0x00,0x00,0xe3,0x40,0xe9,0x06,0x00,0x00,
0xf0,0x0d,0x5d,0x05,0x00,0xe3,0x40,0xe9,0x06,0x00,0x00,0xf5,0xf2,0x0b,0x38,0xb1,
0x00,0x00,0x00,0x11,0xba,0x21,0x01,0x00,0xd0,0xe3,0x40,0x1e,0x01,0x00,0x00,0xf0,
0x0d,0x5d,0x05,0x00,0xe3,0x40,0x1e,0x01,0x00,0x00,0xf5,0xf2,0x0b,0x38,0xb1,0x00,
0x00,0x00,0x11,0xba,0x21,0x01,0x00,0xc8,0x07,0xe3,0x40,0x33,0x02,0x00,0x00,0xf0,
0x25,0xe3,0x40,0x33,0x02,0x00,0x00,0x96,0x04,0x4c,0x00,0x00,0x00,0xad,0xf0,0x09,
0xe3,0x40,0x33,0x02,0x00,0x00,0xf2,0x0f,0xe3,0x40,0x33,0x02,0x00,0x00,0x40,0x3a,
0x00,0x00,0x00,0xf2,0x02,0x06,0xd6,0x95,0xf0,0x12,0xd8,0x38,0xda,0x00,0x00,0x00,
0x11,0x04,0xf2,0x06,0x00,0x00,0x21,0x01,0x00,0xf5,0x29,0x5d,0x06,0x00,0x40,0xf3,
0x06,0x00,0x00,0xfb,0xf1,0x17,0xd8,0x38,0xdd,0x00,0x00,0x00,0x11,0x04,0x64,0x06,
0x00,0x00,0x04,0xfa,0x01,0x00,0x00,0x21,0x02,0x00,0xf5,0x29,0x6b,0x3d,0x00,0x00,
0x00,0x38,0xa6,0x00,0x00,0x00,0x41,0xba,0x06,0x00,0x00,0xe4,0xc2,0x08,0x9a,0x24,
0x01,0x00,0xc8,0x04,0x5d,0x06,0x00,0x41,0xf3,0x06,0x00,0x00,0xce,0x5d,0x04,0x00,
0x40,0xd9,0x03,0x00,0x00,0xcc,0xc7,0x07,0xc7,0x04,0x24,0x05,0x00,0xc8,0x05,0xd7,
0x5d,0x07,0x00,0xc7,0x05,0xf5,0xf5,0x0e,0x0e,0x29,0xc8,0x08,0x6b,0x0b,0x00,0x00,
0x00,0xd8,0xc7,0x08,0xf5,0x0e,0x0e,0x29,0x30,0xcb,0x04,0x70,0x06,0x00,0x00,0xad,
0x68,0xc0,0x00,0x00,0x00,0x5d,0x04,0x00,0x40,0x6c,0x01,0x00,0x00,0x04,0x2a,0x00,
0x00,0x00,0xae,0xf0,0x17,0xd8,0x38,0xdd,0x00,0x00,0x00,0x11,0x04,0xf4,0x06,0x00,
0x00,0x04,0xff,0x01,0x00,0x00,0x21,0x02,0x00,0xf5,0x29,0xe3,0x40,0x2c,0x00,0x00,
0x00,0xc9,0x09,0x95,0x11,0xf1,0x0f,0x0e,0xc7,0x09,0x40,0x6c,0x01,0x00,0x00,0x04,
0x2c,0x00,0x00,0x00,0xae,0xf0,0x12,0xd8,0x38,0xda,0x00,0x00,0x00,0x11,0x04,0xf5,
0x06,0x00,0x00,0x21,0x01,0x00,0xf5,0x29,0x5d,0x06,0x00,0x40,0xf6,0x06,0x00,0x00,
0xfb,0xf1,0x17,0xd8,0x38,0xdd,0x00,0x00,0x00,0x11,0x04,0x64,0x06,0x00,0x00,0x04,
0xfa,0x01,0x00,0x00,0x21,0x02,0x00,0xf5,0x29,0x6b,0x38,0x00,0x00,0x00,0x5d,0x06,
0x00,0x41,0xf6,0x06,0x00,0x00,0x5d,0x04,0x00,0x40,0x5f,0x06,0x00,0x00,0x40,0x71,
0x06,0x00,0x00,0x5d,0x04,0x00,0x40,0xd9,0x03,0x00,0x00,0xc7,0x09,0x40,0xd9,0x03,
0x00,0x00,0x24,0x03,0x00,0xc8,0x0a,0xd7,0x5d,0x07,0x00,0xc7,0x0a,0xf5,0xf5,0x0e,
0x0e,0x29,0xc8,0x0b,0x6b,0x0b,0x00,0x00,0x00,0xd8,0xc7,0x0b,0xf5,0x0e,0x0e,0x29,
0x30,0xd8,0x38,0xdd,0x00,0x00,0x00,0x11,0x04,0x8d,0x06,0x00,0x00,0xcb,0x9c,0x04,
0xfa,0x01,0x00,0x00,0x21,0x02,0x00,0xf5,0x29,0xb4,0x04,0xcc,0x34,0x1c,0x94,0x01,
0x08,0x26,0x67,0x1b,0x3e,0x2a,0x25,0x1c,0x11,0x0c,0x17,0x79,0x07,0x16,0x82,0x06,
0x07,0x16,0x3a,0x13,0x49,0x12,0x95,0x44,0xb3,0x6f,0x07,0x16,0x87,0x12,0x34,0x38,
0x17,0x5f,0x07,0x16,0x96,0x28,0x12,0x3d,0x07,0x16,0x00,0x24,0x08,0x16,0x07,0x12,
0x53,0x00,0x5d,0x3d,0x07,0x10,0x11,0x1c,0x4a,0x2b,0x07,0x0e,0x00,0x08,0x08,0x0c,
0x71,0x34,0x2f,0x2c,0x71,0x2b,0x2f,0x2c,0x85,0x09,0xb3,0x6f,0x07,0x16,0x7d,0x24,
0x12,0x39,0x07,0x16,0x00,0x24,0x08,0x16,0x07,0x12,0x53,0x03,0x62,0x39,0x07,0x10,
0x11,0x1c,0x4a,0x2b,0x07,0x0e,0x00,0x08,0x08,0x0c,0x62,0x04,0x2b,0x1d,0x07,0x16,
0x00,0x29,0x08,0x18,0x2b,0x2d,0x07,0x16,0x7d,0x24,0x12,0x39,0x07,0x16,0x00,0x22,
0x08,0x24,0xa8,0x39,0x07,0x10,0x11,0x1c,0x4a,0x2b,0x07,0x0e,0x00,0x07,0x08,0x15,
0x07,0x16,0x39,0x52,0x00,0x38,0xce,0x00,0x00,0x00,0x11,0xc5,0x00,0x21,0x01,0x00,
0x28,0xb4,0x04,0xcb,0x34,0x07,0x02,0x03,0x1a,0x00,0x0c,0x42,0x0b,0x01,0x00,0x05,
0x02,0x05,0x03,0x06,0x02,0x01,0x10,0x07,0xbe,0x19,0x00,0x01,0x40,0x05,0xe8,0x06,
0x00,0x01,0x40,0x03,0xee,0x1b,0x00,0x01,0x40,0x00,0xc0,0x19,0x00,0x01,0x40,0x01,
0xcc,0x19,0x00,0x01,0x40,0x02,0xba,0x07,0x00,0x00,0x40,0x04,0x10,0x00,0x01,0x00,
0x98,0x19,0x0b,0x10,0x8e,0x19,0x04,0x00,0x0c,0x43,0x0a,0x01,0x00,0x02,0x01,0x02,
0x06,0x01,0x08,0x01,0x45,0x03,0x94,0x02,0x00,0x01,0x40,0x00,0x96,0x02,0x00,0x01,
0x00,0xf0,0x1b,0x00,0x00,0x00,0xee,0x1b,0x02,0x01,0x98,0x19,0x00,0x12,0xc0,0x19,
0x03,0x01,0xcc,0x19,0x04,0x01,0x8e,0x19,0x01,0x02,0xe8,0x06,0x01,0x01,0xba,0x07,
0x00,0x00,0xbe,0x19,0x00,0x01,0x0c,0x43,0x0a,0x01,0x00,0x01,0x02,0x01,0x08,0x00,
0x05,0x00,0x3a,0x03,0xf2,0x1b,0x00,0x01,0x00,0xe8,0x04,0x00,0x00,0x00,0x9e,0x19,
0x00,0x01,0x00,0xee,0x1b,0x00,0x02,0x94,0x02,0x00,0x01,0x98,0x19,0x01,0x12,0xc0,
0x19,0x02,0x02,0xcc,0x19,0x03,0x02,0x38,0xb1,0x00,0x00,0x00,0x11,0xd7,0x21,0x01,
0x00,0xcf,0xe3,0x96,0x04,0x4c,0x00,0x00,0x00,0xad,0xf0,0x04,0xe3,0xf2,0x07,0xe3,
0x40,0x3a,0x00,0x00,0x00,0xd0,0xe4,0x64,0x02,0x00,0x11,0x04,0x83,0x06,0x00,0x00,
0x0b,0xcc,0x4b,0x3a,0x00,0x00,0x00,0xe6,0x5d,0x04,0x00,0xcb,0x21,0x05,0x00,0xf5,
0x29,0xb4,0x04,0x9f,0x35,0x42,0x08,0x03,0x4b,0x3f,0x34,0x62,0x51,0x07,0x18,0x00,
0x5d,0x04,0x00,0x5d,0x05,0x00,0x04,0xb6,0x06,0x00,0x00,0xf6,0x0e,0xe3,0x96,0x04,
0x4c,0x00,0x00,0x00,0xad,0xf0,0x06,0xc3,0x00,0x01,0xf2,0x0a,0xe3,0xef,0x11,0xf1,
0x05,0x0e,0xc3,0x00,0x01,0xcf,0x5d,0x06,0x00,0x41,0xb7,0x06,0x00,0x00,0x5d,0x07,
0x00,0x5d,0x05,0x00,0xcb,0x0a,0x24,0x04,0x00,0x41,0x89,0x00,0x00,0x00,0xc5,0x00,
0xd8,0x24,0x02,0x00,0x29,0xb4,0x04,0x9c,0x35,0x1c,0x0c,0x03,0x21,0x11,0x16,0x3a,
0x40,0x7b,0x55,0x2a,0x20,0x52,0x4e,0x00,0x08,0xd0,0xcc,0xcf,0x38,0xce,0x00,0x00,
0x00,0x11,0xc5,0x00,0x21,0x01,0x00,0x28,0xb4,0x04,0x9a,0x35,0x07,0x02,0x18,0x1a,
0x00,0xc5,0x00,0xcf,0xc5,0x01,0xd0,0xc5,0x02,0xd2,0xc5,0x03,0xc8,0x04,0xc5,0x04,
0xc8,0x05,0xc5,0x05,0xc8,0x07,0xc5,0x06,0xc8,0x08,0x60,0x0e,0x00,0x60,0x0b,0x00,
0x0b,0x04,0x86,0x06,0x00,0x00,0x04,0x91,0x06,0x00,0x00,0x26,0x02,0x00,0x4b,0x8a,
0x06,0x00,0x00,0x04,0x9a,0x06,0x00,0x00,0x04,0xa3,0x06,0x00,0x00,0x04,0xb8,0x06,
0x00,0x00,0x04,0xb9,0x06,0x00,0x00,0x26,0x04,0x00,0x4b,0x9e,0x06,0x00,0x00,0x04,
0x9a,0x06,0x00,0x00,0x04,0xa3,0x06,0x00,0x00,0x04,0xb8,0x06,0x00,0x00,0x04,0xb9,
0x06,0x00,0x00,0x26,0x04,0x00,0x4b,0x9f,0x06,0x00,0x00,0x04,0x9a,0x06,0x00,0x00,
0x04,0xa3,0x06,0x00,0x00,0x04,0xb8,0x06,0x00,0x00,0x04,0xb9,0x06,0x00,0x00,0x26,
0x04,0x00,0x4b,0xa1,0x06,0x00,0x00,0x04,0xb8,0x06,0x00,0x00,0x04,0xb9,0x06,0x00,
0x00,0x26,0x02,0x00,0x4b,0xc7,0x06,0x00,0x00,0x04,0xb7,0x06,0x00,0x00,0x04,0xb6,
0x06,0x00,0x00,0x26,0x02,0x00,0x4b,0xed,0x06,0x00,0x00,0x04,0xb7,0x06,0x00,0x00,
0x04,0xb6,0x06,0x00,0x00,0x26,0x02,0x00,0x4b,0xf1,0x06,0x00,0x00,0x04,0x86,0x06,
0x00,0x00,0x04,0x91,0x06,0x00,0x00,0x26,0x02,0x00,0x4b,0x6f,0x06,0x00,0x00,0x04,
0xb7,0x06,0x00,0x00,0x04,0xb6,0x06,0x00,0x00,0x26,0x02,0x00,0x4b,0x70,0x06,0x00,
0x00,0x04,0x9a,0x06,0x00,0x00,0x04,0xa3,0x06,0x00,0x00,0x04,0xb8,0x06,0x00,0x00,
0x04,0xb9,0x06,0x00,0x00,0x26,0x04,0x00,0x4b,0x7c,0x06,0x00,0x00,0x04,0x86,0x06,
0x00,0x00,0x04,0x91,0x06,0x00,0x00,0x26,0x02,0x00,0x4b,0x7d,0x06,0x00,0x00,0xd1,
0x04,0x86,0x02,0x00,0x00,0xc8,0x06,0x60,0x09,0x00,0x06,0x60,0x0a,0x00,0xc4,0x07,
0x55,0x4c,0x06,0x00,0x00,0x00,0xc5,0x08,0x53,0x6c,0x01,0x00,0x00,0x01,0xc5,0x09,
0x53,0x5f,0x06,0x00,0x00,0x01,0xc5,0x0a,0x53,0x60,0x06,0x00,0x00,0x01,0xc5,0x0b,
0x53,0x50,0x06,0x00,0x00,0x01,0x06,0xc8,0x0a,0x0e,0xc9,0x09,0x67,0x0a,0x00,0xc8,
0x0b,0x60,0x0c,0x00,0x06,0x60,0x0d,0x00,0xc4,0x0c,0x55,0x4d,0x06,0x00,0x00,0x00,
0xc5,0x0d,0x53,0x5f,0x04,0x00,0x00,0x00,0xc5,0x0e,0x53,0xfa,0x06,0x00,0x00,0x00,
0xc5,0x0f,0x53,0x86,0x06,0x00,0x00,0x00,0xc5,0x10,0x53,0x91,0x06,0x00,0x00,0x00,
0xc5,0x11,0x53,0x9a,0x06,0x00,0x00,0x00,0xc5,0x12,0x53,0xa3,0x06,0x00,0x00,0x00,
0xc5,0x13,0x53,0xfb,0x06,0x00,0x00,0x00,0xc5,0x14,0x53,0xfc,0x06,0x00,0x00,0x00,
0xc5,0x15,0x53,0xb8,0x06,0x00,0x00,0x00,0xc5,0x16,0x53,0xb9,0x06,0x00,0x00,0x00,
0xc5,0x17,0x53,0xb7,0x06,0x00,0x00,0x00,0xc5,0x18,0x53,0xb6,0x06,0x00,0x00,0x00,
0x06,0xc8,0x0d,0x0e,0xc9,0x0c,0x67,0x0d,0x00,0xc8,0x0e,0x38,0x95,0x00,0x00,0x00,
0x40,0xc1,0x03,0x00,0x00,0x95,0xf0,0x0c,0x38,0x95,0x00,0x00,0x00,0x0b,0x42,0xc1,
0x03,0x00,0x00,0x38,0x95,0x00,0x00,0x00,0x40,0xc1,0x03,0x00,0x00,0x61,0x0e,0x00,
0x11,0x21,0x00,0x00,0x42,0xb4,0x03,0x00,0x00,0x38,0x95,0x00,0x00,0x00,0x61,0x0b,
0x00,0x42,0x4c,0x06,0x00,0x00,0x38,0x95,0x00,0x00,0x00,0x61,0x0e,0x00,0x42,0x4d,
0x06,0x00,0x00,0x29,0xb4,0x04,0xe5,0x2e,0x03,0x0e,0x00,0xd7,0x03,0x86,0x0d,0x08,
0x3b,0x03,0x34,0x3e,0x3f,0x3d,0x44,0x00,0x00,0x0c,0x43,0x0a,0x00,0x9c,0x04,0x00,
0x0a,0x00,0x09,0x08,0x00,0x0a,0x93,0x01,0x0a,0xac,0x0d,0x00,0x00,0x40,0x00,0xfa,
0x1b,0x00,0x01,0x40,0x01,0xfc,0x1b,0x00,0x02,0x40,0x04,0xfe,0x1b,0x00,0x03,0x40,
0x02,0x80,0x1c,0x00,0x04,0x40,0x06,0x82,0x1c,0x00,0x05,0x40,0x05,0x84,0x1c,0x00,
0x06,0x40,0x03,0x86,0x1c,0x00,0x07,0x00,0x88,0x1c,0x00,0x08,0x40,0x07,0x8a,0x1c,
0x00,0x09,0x00,0x0c,0x43,0x0a,0x00,0x8c,0x1c,0x02,0x06,0x02,0x04,0x00,0x01,0x01,
0xd0,0x02,0x08,0x88,0x01,0x00,0x01,0x00,0xc6,0x04,0x00,0x01,0x00,0x8e,0x1c,0x00,
0x00,0x00,0xcc,0x05,0x00,0x01,0x00,0xb0,0x13,0x00,0x02,0x00,0x90,0x1c,0x00,0x03,
0x00,0x92,0x1c,0x00,0x04,0x00,0xd0,0x05,0x00,0x05,0x00,0xac,0x0d,0x00,0x00,0x0c,
0x43,0x0a,0x00,0x00,0x01,0x00,0x01,0x02,0x00,0x00,0x00,0x34,0x01,0x94,0x1c,0x00,
0x01,0x00,0xd7,0x38,0xad,0x00,0x00,0x00,0xa9,0xf0,0x15,0xd7,0x40,0x0b,0x07,0x00,
0x00,0x95,0xf0,0x22,0xd7,0x41,0xf4,0x03,0x00,0x00,0x24,0x00,0x00,0x0e,0x29,0xd7,
0x40,0xe5,0x03,0x00,0x00,0x96,0x04,0x4b,0x00,0x00,0x00,0xad,0xf0,0x08,0xd7,0x0a,
0x42,0xe5,0x03,0x00,0x00,0x29,0xb4,0x04,0xcb,0x35,0x1d,0x0a,0x08,0x00,0x58,0x04,
0x20,0x06,0x3a,0x18,0x30,0x41,0x00,0x07,0xcf,0xd8,0x68,0xfd,0x00,0x00,0x00,0xd8,
0x40,0xf4,0x03,0x00,0x00,0xf8,0x69,0xf1,0x00,0x00,0x00,0xd8,0x40,0xf4,0x03,0x00,
0x00,0x07,0xae,0x68,0xe4,0x00,0x00,0x00,0x38,0x9f,0x00,0x00,0x00,0x41,0xe7,0x01,
0x00,0x00,0xd8,0x40,0xf4,0x03,0x00,0x00,0x24,0x01,0x00,0x95,0xf0,0x15,0x38,0xdd,
0x00,0x00,0x00,0x11,0x04,0x0c,0x07,0x00,0x00,0x04,0x07,0x02,0x00,0x00,0x21,0x02,
0x00,0x30,0x38,0xc0,0x00,0x00,0x00,0x11,0x21,0x00,0x00,0xcf,0xba,0xd0,0xcc,0xd8,
0x40,0xf4,0x03,0x00,0x00,0xef,0xa5,0x68,0xa0,0x00,0x00,0x00,0xd8,0x40,0xf4,0x03,
0x00,0x00,0xcc,0x46,0xd1,0xcb,0x41,0x6b,0x00,0x00,0x00,0xcd,0x24,0x01,0x00,0xf0,
0x15,0x38,0xdd,0x00,0x00,0x00,0x11,0x04,0x0d,0x07,0x00,0x00,0x04,0x07,0x02,0x00,
0x00,0x21,0x02,0x00,0x30,0x38,0x95,0x00,0x00,0x00,0x40,0x0e,0x04,0x00,0x00,0xfb,
0x11,0xf0,0x0e,0x0e,0xcd,0x38,0x95,0x00,0x00,0x00,0x40,0x0e,0x04,0x00,0x00,0xa9,
0xd2,0xcd,0x38,0xad,0x00,0x00,0x00,0xa9,0x95,0xf0,0x19,0xce,0x95,0xf0,0x15,0x38,
0xdd,0x00,0x00,0x00,0x11,0x04,0x0e,0x07,0x00,0x00,0x04,0x07,0x02,0x00,0x00,0x21,
0x02,0x00,0x30,0xcd,0x38,0xad,0x00,0x00,0x00,0xa9,0xf0,0x1d,0xcd,0x40,0x0b,0x07,
0x00,0x00,0xf0,0x15,0x38,0xdd,0x00,0x00,0x00,0x11,0x04,0x0f,0x07,0x00,0x00,0x04,
0x07,0x02,0x00,0x00,0x21,0x02,0x00,0x30,0xcb,0x41,0x70,0x00,0x00,0x00,0xcd,0x24,
0x01,0x00,0x0e,0x92,0x01,0xf3,0x58,0xff,0xd8,0xf0,0x20,0xd8,0x96,0x04,0x4d,0x00,
0x00,0x00,0xad,0xf0,0x16,0x0b,0xd8,0x40,0xf4,0x03,0x00,0x00,0x4b,0xf4,0x03,0x00,
0x00,0xcb,0x4b,0x10,0x07,0x00,0x00,0xdc,0xf2,0x09,0x0b,0xcb,0x4b,0x10,0x07,0x00,
0x00,0xdc,0x38,0xbf,0x00,0x00,0x00,0x11,0x21,0x00,0x00,0xc8,0x04,0xe3,0xd7,0xc7,
0x04,0xd8,0xf7,0xc8,0x05,0xcb,0xf0,0x0d,0xcb,0x41,0x56,0x01,0x00,0x00,0xc5,0x00,
0x24,0x01,0x00,0x0e,0xc7,0x05,0x28,0xb4,0x04,0xb1,0x35,0x22,0x2e,0x4a,0x12,0x3e,
0x3e,0x58,0x5b,0x3f,0x0d,0x67,0x2c,0x44,0x1b,0x90,0x04,0x21,0x0f,0x99,0x46,0x20,
0x36,0x44,0x6d,0x44,0x0d,0x6c,0x0a,0x53,0x09,0x67,0x17,0x20,0x20,0x4b,0x1c,0x30,
0x3f,0x6d,0x00,0x2c,0x3a,0x3f,0x17,0x36,0x21,0x20,0x28,0x00,0x0c,0x43,0x0a,0x00,
0xac,0x0d,0x03,0x0c,0x03,0x09,0x03,0x02,0x02,0xa8,0x0b,0x0f,0x88,0x01,0x00,0x01,
0x00,0x92,0x1c,0x00,0x01,0x40,0x01,0xc6,0x04,0x00,0x01,0x40,0x02,0xd8,0x05,0x00,
0x00,0x00,0xa2,0x1c,0x00,0x01,0x00,0xa4,0x1c,0x00,0x02,0x00,0x82,0x06,0x00,0x03,
0x00,0xd0,0x05,0x00,0x04,0x40,0x00,0xa6,0x1c,0x00,0x05,0x00,0x88,0x10,0x00,0x06,
0x00,0xa8,0x1c,0x00,0x07,0x00,0xa0,0x0b,0x00,0x08,0x00,0xcc,0x05,0x00,0x09,0x00,
0xaa,0x1c,0x00,0x0a,0x00,0x62,0x00,0x0b,0x00,0xac,0x0d,0x00,0x00,0xfa,0x1b,0x01,
0x00,0x0c,0x43,0x0a,0x00,0x00,0x02,0x00,0x02,0x07,0x00,0x04,0x00,0x14,0x02,0xba,
0x09,0x00,0x01,0x00,0xd0,0x0e,0x00,0x01,0x00,0xd0,0x05,0x04,0x00,0xac,0x0d,0x00,
0x02,0x92,0x1c,0x01,0x01,0xc6,0x04,0x02,0x01,0xe3,0x41,0x46,0x00,0x00,0x00,0xe4,
0xd8,0xe5,0xe6,0xf7,0xe4,0xd7,0xe5,0xe6,0xf7,0x24,0x02,0x00,0x29,0xb4,0x04,0x80,
0x36,0x17,0x08,0x03,0x17,0x20,0x16,0x07,0x0c,0x1b,0x32,0x00,0x0c,0x43,0x0a,0x00,
0x00,0x01,0x00,0x01,0x06,0x00,0x04,0x00,0x0f,0x01,0xba,0x09,0x00,0x01,0x00,0xd0,
0x05,0x04,0x00,0xac,0x0d,0x00,0x02,0x92,0x1c,0x01,0x01,0xc6,0x04,0x02,0x01,0xe3,
0x41,0x70,0x00,0x00,0x00,0xe4,0xd7,0xe5,0xe6,0xf7,0x24,0x01,0x00,0x29,0xb4,0x04,
0x88,0x36,0x17,0x06,0x03,0x17,0x20,0x16,0x07,0x0c,0x00,0xd7,0xf9,0x11,0xf1,0x04,
0x0e,0xd7,0xf8,0xf0,0x03,0xd7,0x28,0xd7,0x96,0xd3,0x04,0x4b,0x00,0x00,0x00,0xad,
0x11,0xf1,0x1f,0x0e,0xcb,0x04,0x4a,0x00,0x00,0x00,0xad,0x11,0xf1,0x14,0x0e,0xcb,
0x04,0x4c,0x00,0x00,0x00,0xad,0x11,0xf1,0x09,0x0e,0xcb,0x04,0x96,0x00,0x00,0x00,
0xad,0xf0,0x03,0xd7,0x28,0xcb,0x04,0x4e,0x00,0x00,0x00,0xad,0xf0,0x15,0x38,0xdd,
0x00,0x00,0x00,0x11,0x04,0x16,0x07,0x00,0x00,0x04,0x07,0x02,0x00,0x00,0x21,0x02,
0x00,0x30,0xd7,0x96,0x04,0x4d,0x00,0x00,0x00,0xad,0x11,0xf1,0x04,0x0e,0xd7,0xfb,
0xf0,0x17,0xd8,0x41,0x6b,0x00,0x00,0x00,0xd7,0x24,0x01,0x00,0xf0,0x0b,0xd8,0x41,
0x45,0x00,0x00,0x00,0xd7,0x25,0x01,0x00,0xd7,0xfb,0xf0,0x15,0x38,0xdd,0x00,0x00,
0x00,0x11,0x04,0x17,0x07,0x00,0x00,0x04,0x07,0x02,0x00,0x00,0x21,0x02,0x00,0x30,
0xd7,0x38,0xa8,0x00,0x00,0x00,0xa9,0xf0,0x14,0x38,0xa8,0x00,0x00,0x00,0x11,0xd7,
0x41,0x18,0x07,0x00,0x00,0x24,0x00,0x00,0x21,0x01,0x00,0x28,0xd7,0x38,0xac,0x00,
0x00,0x00,0xa9,0xf0,0x24,0x38,0xac,0x00,0x00,0x00,0x11,0xd7,0x40,0x74,0x00,0x00,
0x00,0xd7,0x40,0x75,0x00,0x00,0x00,0x21,0x02,0x00,0xd4,0xd7,0x40,0x5d,0x00,0x00,
0x00,0x42,0x5d,0x00,0x00,0x00,0xcc,0x28,0xd7,0x38,0xa0,0x00,0x00,0x00,0xa9,0x68,
0xbe,0x00,0x00,0x00,0xd7,0x40,0x40,0x00,0x00,0x00,0xd5,0x38,0xa0,0x00,0x00,0x00,
0xad,0x11,0xf1,0x40,0x0e,0xcd,0x38,0xda,0x00,0x00,0x00,0xad,0x11,0xf1,0x35,0x0e,
0xcd,0x38,0xd7,0x00,0x00,0x00,0xad,0x11,0xf1,0x2a,0x0e,0xcd,0x38,0xd9,0x00,0x00,
0x00,0xad,0x11,0xf1,0x1f,0x0e,0xcd,0x38,0xdb,0x00,0x00,0x00,0xad,0x11,0xf1,0x14,
0x0e,0xcd,0x38,0xd8,0x00,0x00,0x00,0xad,0x11,0xf1,0x09,0x0e,0xcd,0x38,0xd6,0x00,
0x00,0x00,0xad,0xf0,0x1a,0xcd,0x11,0xd7,0x40,0x34,0x00,0x00,0x00,0x21,0x01,0x00,
0xd6,0xd7,0x40,0x39,0x00,0x00,0x00,0x42,0x39,0x00,0x00,0x00,0xce,0x28,0x37,0xdd,
0x00,0x00,0x00,0xfb,0xf0,0x20,0xd7,0x38,0xdd,0x00,0x00,0x00,0xa9,0xf0,0x17,0x38,
0xdd,0x00,0x00,0x00,0x11,0xd7,0x40,0x34,0x00,0x00,0x00,0xd7,0x40,0x3a,0x00,0x00,
0x00,0x21,0x02,0x00,0x28,0x38,0xa0,0x00,0x00,0x00,0x11,0xd7,0x40,0x34,0x00,0x00,
0x00,0x21,0x01,0x00,0xd6,0xd7,0x40,0x3a,0x00,0x00,0x00,0x42,0x3a,0x00,0x00,0x00,
0xce,0xd7,0x40,0x39,0x00,0x00,0x00,0x42,0x39,0x00,0x00,0x00,0xce,0x28,0xd7,0x38,
0xbf,0x00,0x00,0x00,0xa9,0xf0,0x28,0x38,0xbf,0x00,0x00,0x00,0x11,0x21,0x00,0x00,
0xc8,0x04,0xd8,0x41,0x46,0x00,0x00,0x00,0xd7,0xc7,0x04,0x24,0x02,0x00,0x0e,0xd7,
0x41,0x56,0x01,0x00,0x00,0xc5,0x00,0x24,0x01,0x00,0x0e,0xc7,0x04,0x28,0xd7,0x38,
0xc0,0x00,0x00,0x00,0xa9,0xf0,0x28,0x38,0xc0,0x00,0x00,0x00,0x11,0x21,0x00,0x00,
0xc8,0x04,0xd8,0x41,0x46,0x00,0x00,0x00,0xd7,0xc7,0x04,0x24,0x02,0x00,0x0e,0xd7,
0x41,0x56,0x01,0x00,0x00,0xc5,0x01,0x24,0x01,0x00,0x0e,0xc7,0x04,0x28,0x38,0x95,
0x00,0x00,0x00,0x40,0x0e,0x04,0x00,0x00,0xfb,0x68,0xd1,0x00,0x00,0x00,0xd7,0x38,
0x95,0x00,0x00,0x00,0x40,0x0e,0x04,0x00,0x00,0xa9,0x68,0xc0,0x00,0x00,0x00,0xd9,
0x11,0xf0,0x08,0x0e,0xd9,0x40,0x10,0x07,0x00,0x00,0xc9,0x05,0x68,0x9a,0x00,0x00,
0x00,0xc7,0x05,0x41,0x6b,0x00,0x00,0x00,0xd7,0x24,0x01,0x00,0x68,0x8a,0x00,0x00,
0x00,0xc7,0x05,0x41,0x09,0x00,0x00,0x00,0xd7,0x24,0x01,0x00,0x0e,0x38,0x95,0x00,
0x00,0x00,0x40,0x12,0x04,0x00,0x00,0xf0,0x61,0xd7,0x40,0xe2,0x03,0x00,0x00,0xc8,
0x06,0xd7,0x0a,0x42,0xe5,0x03,0x00,0x00,0x38,0x95,0x00,0x00,0x00,0x41,0x12,0x04,
0x00,0x00,0x0b,0xd7,0x40,0xd7,0x03,0x00,0x00,0x4b,0xd8,0x03,0x00,0x00,0xd7,0x40,
0xe1,0x03,0x00,0x00,0x4b,0xe0,0x03,0x00,0x00,0x04,0xe3,0x03,0x00,0x00,0x4b,0x06,
0x04,0x00,0x00,0x24,0x01,0x00,0xc8,0x07,0xc7,0x06,0xf0,0x0e,0xc7,0x07,0xf0,0x0a,
0xc7,0x07,0xc7,0x06,0x42,0xe2,0x03,0x00,0x00,0xd8,0x41,0x46,0x00,0x00,0x00,0xd7,
0xc7,0x07,0x24,0x02,0x00,0x0e,0xc7,0x07,0x28,0xd8,0x41,0x46,0x00,0x00,0x00,0xd7,
0xd7,0x24,0x02,0x00,0x0e,0xd7,0x28,0x38,0xdd,0x00,0x00,0x00,0x11,0x04,0x19,0x07,
0x00,0x00,0x04,0x07,0x02,0x00,0x00,0x21,0x02,0x00,0x30,0xd7,0x38,0xad,0x00,0x00,
0x00,0xa9,0xf0,0x52,0xd9,0x11,0xf0,0x08,0x0e,0xd9,0x40,0x10,0x07,0x00,0x00,0xc9,
0x05,0xf0,0x27,0xc7,0x05,0x41,0x6b,0x00,0x00,0x00,0xd7,0x24,0x01,0x00,0xf0,0x1a,
0xc7,0x05,0x41,0x09,0x00,0x00,0x00,0xd7,0x24,0x01,0x00,0x0e,0xd7,0x41,0xf4,0x03,
0x00,0x00,0x24,0x00,0x00,0xc8,0x04,0xf2,0x0d,0xd7,0x41,0xc3,0x01,0x00,0x00,0xba,
0x24,0x01,0x00,0xc8,0x04,0xd8,0x41,0x46,0x00,0x00,0x00,0xd7,0xc7,0x04,0x24,0x02,
0x00,0x0e,0xc7,0x04,0x28,0xd7,0x38,0xbb,0x00,0x00,0x00,0xa9,0xf0,0x25,0xe3,0xd7,
0x40,0xcd,0x02,0x00,0x00,0xd8,0xd9,0xf7,0xc8,0x08,0x38,0xbb,0x00,0x00,0x00,0x11,
0xc7,0x08,0xd7,0x40,0xce,0x02,0x00,0x00,0xd7,0x40,0xcf,0x02,0x00,0x00,0x21,0x03,
0x00,0x28,0xd7,0x38,0xb0,0x00,0x00,0x00,0xa9,0xf0,0x0c,0xe4,0xd7,0x38,0xb0,0x00,
0x00,0x00,0xd8,0x23,0x03,0x00,0xd7,0x38,0xb1,0x00,0x00,0x00,0xa9,0xf0,0x0c,0xe4,
0xd7,0x38,0xb1,0x00,0x00,0x00,0xd8,0x23,0x03,0x00,0xd7,0x38,0xaf,0x00,0x00,0x00,
0xa9,0xf0,0x0c,0xe4,0xd7,0x38,0xaf,0x00,0x00,0x00,0xd8,0x23,0x03,0x00,0xd7,0x38,
0xb2,0x00,0x00,0x00,0xa9,0xf0,0x0c,0xe4,0xd7,0x38,0xb2,0x00,0x00,0x00,0xd8,0x23,
0x03,0x00,0xd7,0x38,0xb3,0x00,0x00,0x00,0xa9,0xf0,0x0c,0xe4,0xd7,0x38,0xb3,0x00,
0x00,0x00,0xd8,0x23,0x03,0x00,0xd7,0x38,0xb4,0x00,0x00,0x00,0xa9,0xf0,0x0c,0xe4,
0xd7,0x38,0xb4,0x00,0x00,0x00,0xd8,0x23,0x03,0x00,0xd7,0x38,0xb5,0x00,0x00,0x00,
0xa9,0xf0,0x0c,0xe4,0xd7,0x38,0xb5,0x00,0x00,0x00,0xd8,0x23,0x03,0x00,0xd7,0x38,
0xb9,0x00,0x00,0x00,0xa9,0xf0,0x0c,0xe4,0xd7,0x38,0xb9,0x00,0x00,0x00,0xd8,0x23,
0x03,0x00,0xd7,0x38,0xba,0x00,0x00,0x00,0xa9,0xf0,0x0c,0xe4,0xd7,0x38,0xba,0x00,
0x00,0x00,0xd8,0x23,0x03,0x00,0x37,0xb6,0x00,0x00,0x00,0xfa,0xf1,0x15,0xd7,0x38,
0xb6,0x00,0x00,0x00,0xa9,0xf0,0x0c,0xe4,0xd7,0x38,0xb6,0x00,0x00,0x00,0xd8,0x23,
0x03,0x00,0x37,0xb7,0x00,0x00,0x00,0xfa,0xf1,0x15,0xd7,0x38,0xb7,0x00,0x00,0x00,
0xa9,0xf0,0x0c,0xe4,0xd7,0x38,0xb7,0x00,0x00,0x00,0xd8,0x23,0x03,0x00,0x37,0xd1,
0x02,0x00,0x00,0xfa,0xf1,0x24,0xd7,0x38,0xd1,0x02,0x00,0x00,0xa9,0xf0,0x1b,0x38,
0xd1,0x02,0x00,0x00,0x11,0xd7,0x26,0x01,0x00,0x0b,0xd7,0x40,0x6c,0x01,0x00,0x00,
0x4b,0x6c,0x01,0x00,0x00,0x21,0x02,0x00,0x28,0x37,0x00,0x06,0x00,0x00,0xfa,0xf1,
0x35,0xd7,0x38,0x00,0x06,0x00,0x00,0xa9,0xf0,0x2c,0x38,0x00,0x06,0x00,0x00,0x11,
0xd7,0x26,0x01,0x00,0xd7,0x40,0x3a,0x00,0x00,0x00,0x0b,0xd7,0x40,0x6c,0x01,0x00,
0x00,0x4b,0x6c,0x01,0x00,0x00,0xd7,0x40,0xf9,0x05,0x00,0x00,0x4b,0xf9,0x05,0x00,
0x00,0x21,0x03,0x00,0x28,0x38,0x9f,0x00,0x00,0x00,0x41,0xe7,0x01,0x00,0x00,0xd7,
0x24,0x01,0x00,0xf0,0x3d,0x26,0x00,0x00,0xc8,0x04,0xd8,0x41,0x46,0x00,0x00,0x00,
0xd7,0xc7,0x04,0x24,0x02,0x00,0x0e,0xba,0xc8,0x09,0xc7,0x09,0xd7,0xef,0xa5,0xf0,
0x1e,0xc7,0x04,0xc7,0x09,0x1b,0x11,0xaf,0xf1,0x04,0x1b,0x71,0x1b,0x1b,0xe3,0xd7,
0xc7,0x09,0x46,0xd8,0xd9,0xf7,0x1b,0x71,0x1b,0x48,0x92,0x09,0xf2,0xdd,0xc7,0x04,
0x28,0x38,0x9e,0x00,0x00,0x00,0x41,0x67,0x00,0x00,0x00,0xd7,0x24,0x01,0x00,0xc9,
0x0a,0x38,0x9e,0x00,0x00,0x00,0x40,0x3f,0x00,0x00,0x00,0xad,0x11,0xf1,0x05,0x0e,
0xc7,0x0a,0xf9,0xf0,0x6b,0x0b,0xc8,0x04,0xd8,0x41,0x46,0x00,0x00,0x00,0xd7,0xc7,
0x04,0x24,0x02,0x00,0x0e,0x38,0x9e,0x00,0x00,0x00,0x41,0x31,0x00,0x00,0x00,0xd7,
0x24,0x01,0x00,0xc8,0x0b,0xba,0xc8,0x09,0xc7,0x09,0xc7,0x0b,0xef,0xa5,0xf0,0x3d,
0x38,0x9e,0x00,0x00,0x00,0x41,0x6d,0x00,0x00,0x00,0xc7,0x04,0xc7,0x0b,0xc7,0x09,
0x46,0x0b,0xe3,0xd7,0xc7,0x0b,0xc7,0x09,0x46,0x46,0xd8,0xd9,0xf7,0x4b,0x44,0x00,
0x00,0x00,0x0a,0x4b,0x42,0x00,0x00,0x00,0x0a,0x4b,0x43,0x00,0x00,0x00,0x0a,0x4b,
0x41,0x00,0x00,0x00,0x24,0x03,0x00,0x0e,0x92,0x09,0xf2,0xbd,0xc7,0x04,0x28,0x38,
0xdd,0x00,0x00,0x00,0x11,0x04,0x1a,0x07,0x00,0x00,0x04,0x07,0x02,0x00,0x00,0x21,
0x02,0x00,0x30,0xb4,0x04,0xd5,0x35,0x05,0xfd,0x01,0x08,0x20,0x20,0x24,0x2c,0x25,
0x39,0x2c,0x39,0x2a,0x39,0x2a,0x3c,0x7f,0x2b,0x01,0x6d,0x12,0x3e,0x3a,0x30,0x45,
0x3f,0x0a,0x1e,0x02,0x12,0x11,0x6d,0x12,0x2b,0x0f,0x3e,0x16,0x2c,0x05,0x2b,0x03,
0x6c,0x21,0x50,0x26,0x5e,0x0b,0x39,0x24,0x39,0x2c,0x39,0x2e,0x39,0x30,0x39,0x2a,
0x39,0x36,0x2b,0x87,0x02,0x3a,0x1b,0x64,0x34,0x16,0x3e,0x2b,0x5b,0x72,0x02,0x4e,
0x1b,0x3f,0x00,0x50,0x26,0x2b,0x1c,0x3a,0x41,0x20,0x12,0x26,0x11,0x20,0x1c,0x00,
0x0a,0x0a,0x0a,0x2b,0x1c,0x3a,0x41,0x20,0x12,0x26,0x11,0x20,0x1c,0x00,0x13,0x0a,
0x2c,0x25,0x3e,0xd1,0x63,0x30,0x1d,0x25,0x14,0x82,0x0f,0x59,0x04,0xea,0x1c,0x30,
0x1f,0x20,0x12,0x37,0x15,0x20,0x12,0x2d,0x01,0x6d,0x12,0x9b,0x03,0x21,0x1d,0x25,
0x14,0x1c,0x13,0x20,0x1e,0x27,0x1d,0x20,0x1e,0x22,0x21,0x20,0x12,0x3c,0x14,0x30,
0x05,0x3a,0x09,0x81,0x10,0x2f,0x44,0x3a,0x43,0x2f,0x46,0x3a,0x45,0x2f,0x54,0x3a,
0x53,0x2f,0x46,0x3a,0x45,0x2f,0x48,0x3a,0x47,0x2f,0x46,0x3a,0x45,0x2f,0x48,0x3a,
0x47,0x2f,0x4a,0x3a,0x49,0x2f,0x4a,0x4e,0x39,0x16,0x40,0x30,0x47,0x4e,0x0a,0x16,
0x40,0x30,0x49,0x4e,0x09,0x16,0x40,0x2b,0x4d,0x9f,0x0e,0x16,0x40,0x2b,0x4d,0x00,
0x35,0x04,0x0a,0x3b,0x1f,0x20,0x12,0x3f,0x16,0x1c,0x23,0x48,0x24,0x00,0x1c,0x08,
0x18,0x21,0x27,0x57,0x3c,0x22,0x53,0x20,0x12,0x58,0x1c,0x3a,0x05,0x21,0x23,0x34,
0x2c,0x30,0x0d,0x00,0x2c,0x10,0x11,0x00,0x0c,0x43,0x0a,0x00,0xfa,0x1b,0x03,0x01,
0x03,0x04,0x00,0x00,0x00,0x15,0x04,0x88,0x01,0x00,0x01,0x00,0xa4,0x1c,0x00,0x01,
0x00,0x92,0x1c,0x00,0x01,0x00,0xd0,0x05,0x00,0x00,0x00,0xd8,0x11,0xd7,0x21,0x01,
0x00,0xcf,0xd9,0x41,0x46,0x00,0x00,0x00,0xd7,0xcb,0x24,0x02,0x00,0x0e,0xcb,0x28,
0xb4,0x04,0xdc,0x36,0x05,0x06,0x03,0x26,0x26,0x21,0x20,0x12,0x00,0x0c,0x43,0x0a,
0x00,0xfe,0x1b,0x01,0x05,0x01,0x08,0x00,0x00,0x00,0xe8,0x01,0x06,0xba,0x11,0x00,
0x01,0x00,0xce,0x0a,0x00,0x00,0x00,0xcc,0x05,0x00,0x01,0x00,0xb2,0x08,0x00,0x02,
0x00,0xba,0x19,0x00,0x03,0x00,0xa8,0x0e,0x00,0x04,0x00,0x26,0x00,0x00,0xcf,0xba,
0xd0,0xcc,0xd7,0xef,0xa5,0x68,0xdb,0x00,0x00,0x00,0xd7,0x41,0x1b,0x02,0x00,0x00,
0xcc,0x24,0x01,0x00,0xd5,0xc3,0x80,0x00,0xa5,0xf0,0x0f,0xcb,0x41,0x52,0x01,0x00,
0x00,0xcd,0x24,0x01,0x00,0x0e,0xf3,0xb5,0x00,0xcd,0xc3,0x00,0x08,0xa5,0xf0,0x1d,
0xcb,0x41,0x52,0x01,0x00,0x00,0xc3,0xc0,0x00,0xcd,0xc0,0x9f,0xa3,0xc3,0x80,0x00,
0xcd,0xc2,0x3f,0xa1,0xa3,0x24,0x02,0x00,0x0e,0xf3,0x92,0x00,0xcd,0x01,0x00,0xd8,
0x00,0x00,0xa5,0x11,0xf1,0x09,0x0e,0xcd,0x01,0x00,0xe0,0x00,0x00,0xa8,0xf0,0x27,
0xcb,0x41,0x52,0x01,0x00,0x00,0xc3,0xe0,0x00,0xcd,0xc2,0x0c,0x9f,0xa3,0xc3,0x80,
0x00,0xcd,0xc0,0x9f,0xc2,0x3f,0xa1,0xa3,0xc3,0x80,0x00,0xcd,0xc2,0x3f,0xa1,0xa3,
0x24,0x03,0x00,0x0e,0xf2,0x57,0xd7,0x41,0x1b,0x02,0x00,0x00,0xcc,0x8e,0xd4,0x24,
0x01,0x00,0xd2,0x01,0x00,0x00,0x01,0x00,0xcd,0xc3,0xff,0x03,0xa1,0xc2,0x0a,0x9e,
0x9c,0xce,0xc3,0xff,0x03,0xa1,0x9c,0xc8,0x04,0xcb,0x41,0x52,0x01,0x00,0x00,0xc3,
0xf0,0x00,0xc7,0x04,0xc2,0x12,0x9f,0xa3,0xc3,0x80,0x00,0xc7,0x04,0xc2,0x0c,0x9f,
0xc2,0x3f,0xa1,0xa3,0xc3,0x80,0x00,0xc7,0x04,0xc0,0x9f,0xc2,0x3f,0xa1,0xa3,0xc3,
0x80,0x00,0xc7,0x04,0xc2,0x3f,0xa1,0xa3,0x24,0x04,0x00,0x0e,0x92,0x01,0xf3,0x22,
0xff,0xcb,0x28,0xb4,0x04,0xed,0x36,0x05,0x52,0x27,0x2c,0x49,0x06,0x1c,0x19,0x21,
0x0b,0x20,0x12,0x30,0x08,0x21,0x19,0x20,0x08,0x11,0x16,0x07,0x0a,0x20,0x12,0x07,
0x08,0x3f,0x27,0x39,0x1c,0x2b,0x35,0x20,0x08,0x11,0x16,0x07,0x0a,0x25,0x14,0x07,
0x0a,0x0c,0x08,0x25,0x14,0x07,0x08,0x54,0x53,0x3f,0x0c,0x07,0x0c,0x16,0x12,0x16,
0x0c,0x07,0x0c,0x26,0x57,0x21,0x04,0x11,0x0c,0x0c,0x0c,0x26,0x0b,0x0c,0x0c,0x11,
0x0a,0x26,0x15,0x0c,0x0c,0x0c,0x08,0x26,0x13,0x0c,0x0a,0x00,0x0c,0x43,0x0a,0x00,
0x80,0x1c,0x03,0x0b,0x03,0x07,0x00,0x00,0x00,0xa7,0x03,0x0e,0x98,0x0b,0x00,0x01,
0x00,0xce,0x04,0x00,0x01,0x00,0xf0,0x09,0x00,0x01,0x00,0xb6,0x1c,0x00,0x00,0x00,
0xce,0x0a,0x00,0x01,0x00,0xcc,0x05,0x00,0x02,0x00,0xc4,0x05,0x00,0x03,0x00,0xd4,
0x05,0x00,0x04,0x00,0xa8,0x0e,0x00,0x05,0x00,0x8c,0x12,0x00,0x06,0x00,0xb2,0x02,
0x00,0x07,0x00,0xdc,0x0a,0x00,0x08,0x00,0x86,0x0c,0x00,0x09,0x00,0xea,0x1a,0x00,
0x0a,0x00,0x01,0xfd,0xff,0x00,0x00,0xcf,0xc6,0xd0,0xd8,0xd1,0xd8,0xd9,0x9c,0xd2,
0xcd,0xce,0xa5,0x68,0x93,0x01,0x00,0x00,0xd7,0xcd,0x46,0xc9,0x04,0xc3,0x80,0x00,
0xa5,0xf0,0x0a,0xc7,0x04,0xc8,0x05,0xbb,0xc8,0x06,0xf2,0x6b,0xc7,0x04,0xc3,0xc2,
0x00,0xa8,0xf0,0x15,0xc7,0x04,0xc3,0xdf,0x00,0xa6,0xf0,0x0d,0xc7,0x04,0xc2,0x1f,
0xa1,0xc8,0x05,0xbc,0xc8,0x06,0xf2,0x4f,0xc7,0x04,0xc3,0xe0,0x00,0xa8,0xf0,0x15,
0xc7,0x04,0xc3,0xef,0x00,0xa6,0xf0,0x0d,0xc7,0x04,0xc2,0x0f,0xa1,0xc8,0x05,0xbd,
0xc8,0x06,0xf2,0x33,0xc7,0x04,0xc3,0xf0,0x00,0xa8,0xf0,0x14,0xc7,0x04,0xc3,0xf4,
0x00,0xa6,0xf0,0x0c,0xc7,0x04,0xc1,0xa1,0xc8,0x05,0xbe,0xc8,0x06,0xf2,0x18,0xcc,
0x38,0xa2,0x00,0x00,0x00,0x41,0x85,0x02,0x00,0x00,0xcb,0x24,0x01,0x00,0x9c,0xd0,
0xbb,0x93,0x02,0xf3,0x7c,0xff,0xcd,0xc7,0x06,0x9c,0xce,0xa6,0xc8,0x07,0xbb,0xc8,
0x08,0xc7,0x07,0xf0,0x35,0xc7,0x08,0xc7,0x06,0xa5,0xf0,0x2e,0xd7,0xcd,0xc7,0x08,
0x9c,0x46,0xc9,0x09,0xc3,0x80,0x00,0xa5,0x11,0xf1,0x08,0x0e,0xc7,0x09,0xc3,0xbf,
0x00,0xa7,0xf0,0x06,0x09,0xc8,0x07,0xf2,0x0d,0xc7,0x05,0xc0,0x9e,0xc7,0x09,0xc2,
0x3f,0xa1,0xa3,0xc8,0x05,0x92,0x08,0xf2,0xc9,0xc7,0x07,0xf0,0x28,0xc7,0x06,0xbd,
0xad,0xf0,0x22,0xc7,0x05,0xc3,0x00,0x08,0xa5,0x11,0xf1,0x14,0x0e,0xc7,0x05,0x01,
0x00,0xd8,0x00,0x00,0xa8,0xf0,0x0e,0xc7,0x05,0x01,0xff,0xdf,0x00,0x00,0xa6,0xf0,
0x04,0x09,0xc8,0x07,0xc7,0x07,0xf0,0x20,0xc7,0x06,0xbe,0xad,0xf0,0x1a,0xc7,0x05,
0x01,0x00,0x00,0x01,0x00,0xa5,0x11,0xf1,0x0a,0x0e,0xc7,0x05,0x01,0xff,0xff,0x10,
0x00,0xa7,0xf0,0x04,0x09,0xc8,0x07,0xc7,0x07,0x95,0xf0,0x18,0xcc,0x38,0xa2,0x00,
0x00,0x00,0x41,0x85,0x02,0x00,0x00,0xcb,0x24,0x01,0x00,0x9c,0xd0,0xbb,0x93,0x02,
0xf3,0xcf,0xfe,0xc7,0x05,0x01,0x00,0x00,0x01,0x00,0xa5,0xf0,0x15,0xcc,0x38,0xa2,
0x00,0x00,0x00,0x41,0x85,0x02,0x00,0x00,0xc7,0x05,0x24,0x01,0x00,0x9c,0xd0,0xf2,
0x40,0xc7,0x05,0x01,0x00,0x00,0x01,0x00,0x9d,0xc8,0x0a,0xcc,0x38,0xa2,0x00,0x00,
0x00,0x41,0x85,0x02,0x00,0x00,0x01,0x00,0xd8,0x00,0x00,0xc7,0x0a,0xc2,0x0a,0x9f,
0x9c,0x24,0x01,0x00,0x38,0xa2,0x00,0x00,0x00,0x41,0x85,0x02,0x00,0x00,0x01,0x00,
0xdc,0x00,0x00,0xc7,0x0a,0xc3,0xff,0x03,0xa1,0x9c,0x24,0x01,0x00,0x9c,0x9c,0xd0,
0xc7,0x06,0x93,0x02,0xf3,0x6b,0xfe,0xcc,0x28,0xb4,0x04,0x84,0x37,0x05,0x77,0x3c,
0x3e,0x17,0x23,0x41,0x01,0x21,0x0b,0x17,0x00,0x26,0x1c,0x2a,0x18,0x21,0x33,0x0c,
0x12,0x1c,0x11,0x26,0x1c,0x2a,0x18,0x21,0x33,0x0c,0x12,0x1c,0x11,0x26,0x1c,0x2a,
0x18,0x21,0x33,0x0c,0x12,0x17,0x11,0x1d,0x00,0x39,0x36,0x21,0x35,0x28,0x16,0x11,
0x0a,0x44,0x10,0x26,0x0f,0x21,0x0d,0x34,0x18,0x20,0x0a,0x1c,0x29,0x0c,0x16,0x0c,
0x08,0x0c,0x0a,0x54,0x15,0x20,0x16,0x34,0x1c,0x34,0x1e,0x2a,0x10,0x30,0x5f,0x20,
0x16,0x3e,0x1c,0x2a,0x14,0x2c,0x61,0x39,0x36,0x21,0x35,0x2d,0x0e,0x2b,0x0d,0x39,
0x36,0x3b,0x1b,0x2b,0x19,0x39,0x1c,0x1b,0x2a,0x0c,0x0c,0x25,0x0e,0x34,0x0e,0x1b,
0x2a,0x0c,0x0a,0x3b,0xa5,0x01,0x00,0x0c,0x43,0x0a,0x00,0x82,0x1c,0x00,0x01,0x00,
0x02,0x01,0x00,0x05,0x42,0x01,0x8a,0x0c,0x00,0x00,0x40,0x00,0x0c,0x43,0x0a,0x00,
0x00,0x01,0x00,0x01,0x04,0x00,0x01,0x00,0x0f,0x01,0xd4,0x05,0x00,0x01,0x00,0x8a,
0x0c,0x00,0x00,0xe3,0x41,0x52,0x01,0x00,0x00,0xd7,0xc3,0xff,0x00,0xa1,0x24,0x01,
0x00,0x29,0xb4,0x04,0xb6,0x37,0x0d,0x06,0x03,0x03,0x20,0x16,0x07,0x08,0x00,0x0c,
0x43,0x0a,0x00,0x00,0x01,0x00,0x01,0x07,0x00,0x01,0x00,0x27,0x01,0xba,0x09,0x00,
0x01,0x00,0x8a,0x0c,0x00,0x00,0xe3,0x41,0x52,0x01,0x00,0x00,0xd7,0xc3,0xff,0x00,
0xa1,0xd7,0xc2,0x08,0xa0,0xc3,0xff,0x00,0xa1,0xd7,0xc2,0x10,0xa0,0xc3,0xff,0x00,
0xa1,0xd7,0xc2,0x18,0xa0,0xc3,0xff,0x00,0xa1,0x24,0x04,0x00,0x29,0xb4,0x04,0xb9,
0x37,0x0e,0x12,0x03,0x05,0x20,0x16,0x07,0x08,0x1b,0x16,0x11,0x08,0x1b,0x16,0x11,
0x0a,0x1b,0x16,0x11,0x0a,0x00,0x0c,0x43,0x0a,0x00,0x00,0x01,0x04,0x01,0x04,0x00,
0x01,0x00,0x4c,0x05,0xba,0x09,0x00,0x01,0x00,0xee,0x0e,0x00,0x00,0x00,0xb2,0x13,
0x00,0x01,0x00,0xea,0x1a,0x00,0x02,0x00,0xcc,0x05,0x00,0x03,0x00,0x8a,0x0c,0x00,
0x00,0x38,0xad,0x00,0x00,0x00,0x11,0xc2,0x08,0x21,0x01,0x00,0xcf,0x38,0xba,0x00,
0x00,0x00,0x11,0xcb,0x21,0x01,0x00,0xd0,0x38,0xb1,0x00,0x00,0x00,0x11,0xcb,0x21,
0x01,0x00,0xd1,0xcc,0xba,0x1b,0x11,0xaf,0xf1,0x04,0x1b,0x71,0x1b,0x1b,0xd7,0x1b,
0x71,0x1b,0x48,0xba,0xd2,0xce,0xc2,0x08,0xa5,0xf0,0x12,0xe3,0x41,0x52,0x01,0x00,
0x00,0xcd,0xce,0x46,0x24,0x01,0x00,0x0e,0x92,0x03,0xf2,0xea,0x29,0xb4,0x04,0xbc,
0x37,0x0e,0x0e,0x03,0x14,0x3e,0x30,0x39,0x34,0x3a,0x7d,0x62,0x28,0x1b,0x10,0x20,
0x16,0x00,0x0c,0x43,0x0a,0x00,0x00,0x01,0x01,0x01,0x04,0x00,0x01,0x00,0x1a,0x02,
0x98,0x0b,0x00,0x01,0x00,0xcc,0x05,0x00,0x00,0x00,0x8a,0x0c,0x00,0x00,0xba,0xcf,
0xcb,0xd7,0xef,0xa5,0xf0,0x12,0xe3,0x41,0x52,0x01,0x00,0x00,0xd7,0xcb,0x46,0x24,
0x01,0x00,0x0e,0x92,0x00,0xf2,0xea,0x29,0xb4,0x04,0xc1,0x37,0x0e,0x06,0x12,0x22,
0x1b,0x20,0x20,0x16,0x00,0x0c,0x43,0x0a,0x00,0x00,0x00,0x00,0x00,0x03,0x00,0x01,
0x00,0x10,0x00,0x8a,0x0c,0x00,0x00,0x38,0xb1,0x00,0x00,0x00,0x11,0xe3,0x21,0x01,
0x00,0x40,0xcd,0x02,0x00,0x00,0x28,0xb4,0x04,0xc4,0x37,0x0f,0x02,0x03,0x0e,0x00,
0x26,0x00,0x00,0xcf,0x0b,0xc5,0x00,0x4c,0xcc,0x02,0x00,0x00,0x4b,0xcc,0x02,0x00,
0x00,0xc5,0x01,0x4c,0x1c,0x07,0x00,0x00,0x4b,0x1c,0x07,0x00,0x00,0xc5,0x02,0x4c,
0x1d,0x07,0x00,0x00,0x4b,0x1d,0x07,0x00,0x00,0xc5,0x03,0x4c,0x78,0x00,0x00,0x00,
0x4b,0x78,0x00,0x00,0x00,0xc5,0x04,0x4c,0x71,0x00,0x00,0x00,0x4b,0x71,0x00,0x00,
0x00,0x28,0xb4,0x04,0xb3,0x37,0x05,0x00,0x00,0x0c,0x43,0x0a,0x00,0x84,0x1c,0x02,
0x02,0x02,0x04,0x00,0x01,0x00,0x2f,0x04,0x8a,0x0c,0x00,0x01,0x00,0xba,0x11,0x00,
0x01,0x00,0xea,0x1a,0x00,0x00,0x00,0xcc,0x05,0x00,0x01,0x00,0xfe,0x1b,0x03,0x00,
0xe3,0x38,0xa2,0x00,0x00,0x00,0xd8,0xf5,0xf5,0xcf,0xd7,0x41,0x1c,0x07,0x00,0x00,
0xcb,0xef,0x24,0x01,0x00,0x0e,0xba,0xd0,0xcc,0xcb,0xef,0xa5,0xf0,0x11,0xd7,0x41,
0xcc,0x02,0x00,0x00,0xca,0x46,0x24,0x01,0x00,0x0e,0x92,0x01,0xf2,0xeb,0x29,0xb4,
0x04,0xc9,0x37,0x05,0x0e,0x08,0x2a,0x1b,0x0e,0x17,0x33,0x20,0x14,0x30,0x14,0x1b,
0x1e,0x20,0x12,0x00,0x0c,0x43,0x0a,0x00,0x86,0x1c,0x02,0x08,0x02,0x04,0x05,0x03,
0x02,0x96,0x02,0x0a,0x88,0x01,0x00,0x01,0x00,0xe8,0x0f,0x00,0x01,0x00,0x8e,0x1c,
0x00,0x00,0x40,0x04,0xcc,0x05,0x00,0x01,0x00,0xb0,0x13,0x00,0x02,0x00,0x90,0x1c,
0x00,0x03,0x00,0xbc,0x1c,0x00,0x04,0x40,0x02,0xe4,0x01,0x00,0x05,0x40,0x03,0x8a,
0x0c,0x00,0x06,0x40,0x01,0xbe,0x1c,0x00,0x07,0x40,0x00,0x84,0x1c,0x06,0x00,0xfc,
0x1b,0x02,0x00,0x82,0x1c,0x05,0x00,0x0c,0x43,0x0a,0x00,0xbe,0x1c,0x01,0x09,0x01,
0x05,0x00,0x07,0x03,0x9c,0x0d,0x0a,0xba,0x09,0x00,0x01,0x00,0x94,0x1c,0x00,0x00,
0x00,0xc0,0x1c,0x00,0x01,0x00,0xc2,0x1c,0x00,0x02,0x00,0xc4,0x1c,0x00,0x03,0x00,
0xee,0x09,0x00,0x04,0x00,0xc6,0x1c,0x00,0x05,0x00,0xc8,0x1c,0x00,0x06,0x00,0x62,
0x00,0x07,0x00,0xb0,0x04,0x38,0x00,0x03,0xbe,0x1c,0x07,0x00,0x8a,0x0c,0x06,0x00,
0x84,0x1c,0x00,0x02,0xbc,0x1c,0x04,0x00,0xe4,0x01,0x05,0x00,0x8e,0x1c,0x00,0x00,
0xfc,0x1b,0x01,0x02,0x06,0x00,0x00,0x00,0x00,0x00,0x00,0xe0,0x41,0x0c,0x43,0x0a,
0x00,0x00,0x02,0x00,0x02,0x02,0x00,0x01,0x00,0x08,0x02,0xce,0x14,0x00,0x01,0x00,
0xe8,0x06,0x00,0x01,0x00,0xbe,0x1c,0x00,0x02,0xe3,0xd8,0xf5,0x0e,0xe3,0xd7,0xf5,
0x29,0xb4,0x04,0xba,0x38,0x15,0x08,0x03,0x0f,0x07,0x04,0x12,0x03,0x07,0x04,0x00,
0x0c,0x43,0x0a,0x00,0x00,0x01,0x00,0x01,0x02,0x00,0x01,0x00,0x04,0x01,0xce,0x14,
0x00,0x01,0x00,0xbe,0x1c,0x00,0x02,0xe3,0xd7,0xf5,0x29,0xb4,0x04,0xc4,0x38,0x15,
0x04,0x03,0x0f,0x07,0x04,0x00,0xd7,0xf9,0xf0,0x0c,0xe4,0x41,0xcc,0x02,0x00,0x00,
0xbb,0x24,0x01,0x00,0x29,0xd7,0xf8,0xf0,0x0c,0xe4,0x41,0xcc,0x02,0x00,0x00,0xbc,
0x24,0x01,0x00,0x29,0xd7,0x96,0xd3,0x04,0x4b,0x00,0x00,0x00,0xad,0xf0,0x12,0xe4,
0x41,0xcc,0x02,0x00,0x00,0xd7,0xf0,0x04,0xbd,0xf2,0x02,0xbe,0x24,0x01,0x00,0x29,
0xcb,0x04,0x4a,0x00,0x00,0x00,0xad,0xf0,0x64,0x38,0xa1,0x00,0x00,0x00,0x41,0x52,
0x02,0x00,0x00,0xd7,0x24,0x01,0x00,0xf0,0x3d,0x38,0x9e,0x00,0x00,0x00,0x41,0x25,
0x07,0x00,0x00,0xd7,0xba,0x8b,0x24,0x02,0x00,0x95,0xf0,0x2a,0xd7,0xc4,0x00,0x8b,
0xa8,0xf0,0x23,0xd7,0x01,0xff,0xff,0xff,0x7f,0xa6,0xf0,0x1a,0xe4,0x41,0xcc,0x02,
0x00,0x00,0xbf,0x24,0x01,0x00,0x0e,0xe4,0x41,0x1c,0x07,0x00,0x00,0xd7,0xba,0xa0,
0x24,0x01,0x00,0x0e,0x29,0xe4,0x41,0xcc,0x02,0x00,0x00,0xc0,0x24,0x01,0x00,0x0e,
0xe4,0x41,0x1d,0x07,0x00,0x00,0xd7,0x24,0x01,0x00,0x0e,0x29,0xcb,0x04,0x4c,0x00,
0x00,0x00,0xad,0xf0,0x11,0xe4,0x41,0xcc,0x02,0x00,0x00,0xc1,0x24,0x01,0x00,0x0e,
0xe5,0xe4,0xd7,0xf6,0x29,0xcb,0x04,0x96,0x00,0x00,0x00,0xad,0xf0,0x1a,0xe4,0x41,
0xcc,0x02,0x00,0x00,0xc2,0x1f,0x24,0x01,0x00,0x0e,0xe5,0xe4,0xd7,0x41,0x3b,0x00,
0x00,0x00,0x24,0x00,0x00,0xf6,0x29,0xcb,0x04,0x4e,0x00,0x00,0x00,0xad,0xf0,0x15,
0x38,0xdd,0x00,0x00,0x00,0x11,0x04,0x16,0x07,0x00,0x00,0x04,0x07,0x02,0x00,0x00,
0x21,0x02,0x00,0x30,0xcb,0x04,0x1b,0x00,0x00,0x00,0xad,0xf0,0x15,0x38,0xdd,0x00,
0x00,0x00,0x11,0x04,0x17,0x07,0x00,0x00,0x04,0x07,0x02,0x00,0x00,0x21,0x02,0x00,
0x30,0xe6,0x41,0x6b,0x00,0x00,0x00,0xd7,0x24,0x01,0x00,0xf0,0x21,0xe4,0x41,0xcc,
0x02,0x00,0x00,0xc2,0x1e,0x24,0x01,0x00,0x0e,0xe4,0x41,0x1c,0x07,0x00,0x00,0xe6,
0x41,0x45,0x00,0x00,0x00,0xd7,0x24,0x01,0x00,0x24,0x01,0x00,0x29,0xd7,0x38,0xa8,
0x00,0x00,0x00,0xa9,0xf0,0x32,0xe6,0x41,0x46,0x00,0x00,0x00,0xd7,0x5d,0x04,0x00,
0x90,0x5e,0x04,0x00,0x24,0x02,0x00,0x0e,0xe4,0x41,0xcc,0x02,0x00,0x00,0xc2,0x08,
0x24,0x01,0x00,0x0e,0xe4,0x41,0x1d,0x07,0x00,0x00,0xd7,0x41,0x18,0x07,0x00,0x00,
0x24,0x00,0x00,0x24,0x01,0x00,0x29,0xd7,0x38,0xac,0x00,0x00,0x00,0xa9,0xf0,0x33,
0xe6,0x41,0x46,0x00,0x00,0x00,0xd7,0x5d,0x04,0x00,0x90,0x5e,0x04,0x00,0x24,0x02,
0x00,0x0e,0xe4,0x41,0xcc,0x02,0x00,0x00,0xc2,0x09,0x24,0x01,0x00,0x0e,0xe5,0xe4,
0xd7,0x40,0x74,0x00,0x00,0x00,0xf6,0x0e,0xe5,0xe4,0xd7,0x40,0x75,0x00,0x00,0x00,
0xf6,0x29,0xd7,0x38,0xa0,0x00,0x00,0x00,0xa9,0xf0,0x41,0xe6,0x41,0x46,0x00,0x00,
0x00,0xd7,0x5d,0x04,0x00,0x90,0x5e,0x04,0x00,0x24,0x02,0x00,0x0e,0xe4,0x41,0xcc,
0x02,0x00,0x00,0xc2,0x0a,0x24,0x01,0x00,0x0e,0xe5,0xe4,0xd7,0x40,0x3a,0x00,0x00,
0x00,0x11,0xf1,0x07,0x0e,0x04,0xa0,0x00,0x00,0x00,0xf6,0x0e,0xe5,0xe4,0xd7,0x40,
0x34,0x00,0x00,0x00,0x11,0xf1,0x03,0x0e,0xc6,0xf6,0x29,0x37,0x00,0x06,0x00,0x00,
0xfa,0x69,0x9b,0x00,0x00,0x00,0xd7,0x38,0x00,0x06,0x00,0x00,0xa9,0x68,0x8f,0x00,
0x00,0x00,0xe6,0x41,0x46,0x00,0x00,0x00,0xd7,0x5d,0x04,0x00,0x90,0x5e,0x04,0x00,
0x24,0x02,0x00,0x0e,0xe4,0x41,0xcc,0x02,0x00,0x00,0xc2,0x1b,0x24,0x01,0x00,0x0e,
0xe5,0xe4,0xd7,0x40,0x3a,0x00,0x00,0x00,0xf6,0x0e,0xe5,0xe4,0xd7,0x40,0x6c,0x01,
0x00,0x00,0x11,0xf1,0x03,0x0e,0xc6,0xf6,0x0e,0xe4,0x41,0x1d,0x07,0x00,0x00,0xd7,
0x40,0xf9,0x05,0x00,0x00,0x24,0x01,0x00,0x0e,0xd7,0x40,0xb7,0x04,0x00,0x00,0xfb,
0xf0,0x0c,0xd7,0x41,0xb7,0x04,0x00,0x00,0x24,0x00,0x00,0xf2,0x02,0x07,0xd4,0x95,
0xf0,0x15,0x38,0xdd,0x00,0x00,0x00,0x11,0x04,0x26,0x07,0x00,0x00,0x04,0x07,0x02,
0x00,0x00,0x21,0x02,0x00,0x30,0xe4,0x41,0x1c,0x07,0x00,0x00,0xcc,0xef,0x24,0x01,
0x00,0x0e,0xe4,0x41,0x78,0x00,0x00,0x00,0xcc,0x24,0x01,0x00,0x29,0x37,0xd1,0x02,
0x00,0x00,0xfa,0xf1,0x7b,0xd7,0x38,0xd1,0x02,0x00,0x00,0xa9,0xf0,0x72,0xe6,0x41,
0x46,0x00,0x00,0x00,0xd7,0x5d,0x04,0x00,0x90,0x5e,0x04,0x00,0x24,0x02,0x00,0x0e,
0xe4,0x41,0xcc,0x02,0x00,0x00,0xc2,0x1a,0x24,0x01,0x00,0x0e,0xe5,0xe4,0xd7,0x40,
0x6c,0x01,0x00,0x00,0x11,0xf1,0x03,0x0e,0xc6,0xf6,0x0e,0xd7,0x40,0xb7,0x04,0x00,
0x00,0xfb,0xf0,0x0c,0xd7,0x41,0xb7,0x04,0x00,0x00,0x24,0x00,0x00,0xf2,0x02,0x07,
0xd5,0x95,0xf0,0x15,0x38,0xdd,0x00,0x00,0x00,0x11,0x04,0x27,0x07,0x00,0x00,0x04,
0x07,0x02,0x00,0x00,0x21,0x02,0x00,0x30,0xe4,0x41,0x1c,0x07,0x00,0x00,0xcd,0xef,
0x24,0x01,0x00,0x0e,0xe4,0x41,0x78,0x00,0x00,0x00,0xcd,0x24,0x01,0x00,0x29,0xd7,
0x38,0xbf,0x00,0x00,0x00,0xa9,0xf0,0x3b,0xe6,0x41,0x46,0x00,0x00,0x00,0xd7,0x5d,
0x04,0x00,0x90,0x5e,0x04,0x00,0x24,0x02,0x00,0x0e,0xe4,0x41,0xcc,0x02,0x00,0x00,
0xc2,0x0b,0x24,0x01,0x00,0x0e,0xe4,0x41,0x1c,0x07,0x00,0x00,0xd7,0x40,0x32,0x00,
0x00,0x00,0x24,0x01,0x00,0x0e,0xd7,0x41,0x56,0x01,0x00,0x00,0xc5,0x01,0x24,0x01,
0x00,0x29,0xd7,0x38,0xc0,0x00,0x00,0x00,0xa9,0xf0,0x3b,0xe6,0x41,0x46,0x00,0x00,
0x00,0xd7,0x5d,0x04,0x00,0x90,0x5e,0x04,0x00,0x24,0x02,0x00,0x0e,0xe4,0x41,0xcc,
0x02,0x00,0x00,0xc2,0x0c,0x24,0x01,0x00,0x0e,0xe4,0x41,0x1c,0x07,0x00,0x00,0xd7,
0x40,0x32,0x00,0x00,0x00,0x24,0x01,0x00,0x0e,0xd7,0x41,0x56,0x01,0x00,0x00,0xc5,
0x02,0x24,0x01,0x00,0x29,0x38,0x95,0x00,0x00,0x00,0x40,0x0e,0x04,0x00,0x00,0xfb,
0x68,0xaf,0x00,0x00,0x00,0xd7,0x38,0x95,0x00,0x00,0x00,0x40,0x0e,0x04,0x00,0x00,
0xa9,0x68,0x9e,0x00,0x00,0x00,0x5d,0x05,0x00,0x95,0x11,0xf1,0x0f,0x0e,0x5d,0x05,
0x00,0x41,0x6b,0x00,0x00,0x00,0xd7,0x24,0x01,0x00,0x95,0xf0,0x15,0x38,0xdd,0x00,
0x00,0x00,0x11,0x04,0x19,0x07,0x00,0x00,0x04,0x07,0x02,0x00,0x00,0x21,0x02,0x00,
0x30,0x5d,0x05,0x00,0x41,0x09,0x00,0x00,0x00,0xd7,0x24,0x01,0x00,0x0e,0xd7,0x0a,
0x42,0xe5,0x03,0x00,0x00,0xe6,0x41,0x46,0x00,0x00,0x00,0xd7,0x5d,0x04,0x00,0x90,
0x5e,0x04,0x00,0x24,0x02,0x00,0x0e,0xe4,0x41,0xcc,0x02,0x00,0x00,0xc2,0x20,0x24,
0x01,0x00,0x0e,0xe4,0x41,0x1c,0x07,0x00,0x00,0xd7,0x40,0xd7,0x03,0x00,0x00,0x11,
0xf1,0x03,0x0e,0xba,0x24,0x01,0x00,0x0e,0xe4,0x41,0x1c,0x07,0x00,0x00,0xd7,0x40,
0xe1,0x03,0x00,0x00,0x11,0xf1,0x03,0x0e,0xba,0x24,0x01,0x00,0x0e,0xe5,0xe4,0xd7,
0x40,0xe4,0x03,0x00,0x00,0x11,0xf1,0x07,0x0e,0x04,0xe3,0x03,0x00,0x00,0xf6,0x29,
0xd7,0x38,0xad,0x00,0x00,0x00,0xa9,0xf0,0x6c,0xe6,0x41,0x46,0x00,0x00,0x00,0xd7,
0x5d,0x04,0x00,0x90,0x5e,0x04,0x00,0x24,0x02,0x00,0x0e,0xe4,0x41,0xcc,0x02,0x00,
0x00,0xc2,0x0d,0x24,0x01,0x00,0x0e,0x38,0xb1,0x00,0x00,0x00,0x11,0xd7,0x21,0x01,
0x00,0xd2,0xe4,0x41,0x1c,0x07,0x00,0x00,0xce,0xef,0x24,0x01,0x00,0x0e,0xe4,0x41,
0x78,0x00,0x00,0x00,0xce,0x24,0x01,0x00,0x0e,0x5d,0x05,0x00,0xf0,0x26,0x5d,0x05,
0x00,0x41,0x6b,0x00,0x00,0x00,0xd7,0x24,0x01,0x00,0xf0,0x18,0x5d,0x05,0x00,0x41,
0x09,0x00,0x00,0x00,0xd7,0x24,0x01,0x00,0x0e,0xd7,0x41,0xf4,0x03,0x00,0x00,0x24,
0x00,0x00,0x0e,0x29,0xd7,0x38,0xbb,0x00,0x00,0x00,0xa9,0xf0,0x48,0xe6,0x41,0x46,
0x00,0x00,0x00,0xd7,0x5d,0x04,0x00,0x90,0x5e,0x04,0x00,0x24,0x02,0x00,0x0e,0xe4,
0x41,0xcc,0x02,0x00,0x00,0xc2,0x0e,0x24,0x01,0x00,0x0e,0xe3,0xd7,0x40,0xcd,0x02,
0x00,0x00,0xf5,0x0e,0xe4,0x41,0x1c,0x07,0x00,0x00,0xd7,0x40,0xce,0x02,0x00,0x00,
0x24,0x01,0x00,0x0e,0xe4,0x41,0x1c,0x07,0x00,0x00,0xd7,0x40,0xcf,0x02,0x00,0x00,
0x24,0x01,0x00,0x29,0xba,0xc8,0x04,0xc7,0x04,0x5d,0x06,0x00,0xef,0xa5,0xf0,0x66,
0xd7,0x5d,0x06,0x00,0xc7,0x04,0x46,0xa9,0xf0,0x58,0xe6,0x41,0x46,0x00,0x00,0x00,
0xd7,0x5d,0x04,0x00,0x90,0x5e,0x04,0x00,0x24,0x02,0x00,0x0e,0xe4,0x41,0xcc,0x02,
0x00,0x00,0xc2,0x0f,0xc7,0x04,0x9c,0x24,0x01,0x00,0x0e,0x38,0xb1,0x00,0x00,0x00,
0x11,0xd7,0x40,0xcd,0x02,0x00,0x00,0xd7,0x40,0xce,0x02,0x00,0x00,0xd7,0x40,0xcf,
0x02,0x00,0x00,0x21,0x03,0x00,0xc8,0x05,0xe4,0x41,0x1c,0x07,0x00,0x00,0xc7,0x05,
0xef,0x24,0x01,0x00,0x0e,0xe4,0x41,0x78,0x00,0x00,0x00,0xc7,0x05,0x24,0x01,0x00,
0x29,0x92,0x04,0xf2,0x93,0x38,0x9f,0x00,0x00,0x00,0x41,0xe7,0x01,0x00,0x00,0xd7,
0x24,0x01,0x00,0xf0,0x41,0xe6,0x41,0x46,0x00,0x00,0x00,0xd7,0x5d,0x04,0x00,0x90,
0x5e,0x04,0x00,0x24,0x02,0x00,0x0e,0xe4,0x41,0xcc,0x02,0x00,0x00,0xc2,0x1c,0x24,
0x01,0x00,0x0e,0xe4,0x41,0x1c,0x07,0x00,0x00,0xd7,0xef,0x24,0x01,0x00,0x0e,0xba,
0xc8,0x04,0xc7,0x04,0xd7,0xef,0xa5,0xf0,0x0c,0xe3,0xd7,0xc7,0x04,0x46,0xf5,0x0e,
0x92,0x04,0xf2,0xef,0x29,0x38,0x9e,0x00,0x00,0x00,0x41,0x67,0x00,0x00,0x00,0xd7,
0x24,0x01,0x00,0xc9,0x06,0x38,0x9e,0x00,0x00,0x00,0x40,0x3f,0x00,0x00,0x00,0xae,
0xf0,0x1b,0xc7,0x06,0x07,0xae,0xf0,0x15,0x38,0xdd,0x00,0x00,0x00,0x11,0x04,0x1a,
0x07,0x00,0x00,0x04,0x07,0x02,0x00,0x00,0x21,0x02,0x00,0x30,0xe6,0x41,0x46,0x00,
0x00,0x00,0xd7,0x5d,0x04,0x00,0x90,0x5e,0x04,0x00,0x24,0x02,0x00,0x0e,0xe4,0x41,
0xcc,0x02,0x00,0x00,0xc2,0x1d,0x24,0x01,0x00,0x0e,0x6b,0x17,0x00,0x00,0x00,0x38,
0x9e,0x00,0x00,0x00,0x41,0x31,0x00,0x00,0x00,0xd7,0x24,0x01,0x00,0xc8,0x07,0x0e,
0xf2,0x11,0xc8,0x08,0x6b,0x0c,0x00,0x00,0x00,0x26,0x00,0x00,0xc8,0x07,0x0e,0xf2,
0x02,0x30,0xe4,0x41,0x1c,0x07,0x00,0x00,0xc7,0x07,0xef,0x24,0x01,0x00,0x0e,0xba,
0xc8,0x04,0xc7,0x04,0xc7,0x07,0xef,0xa5,0xf0,0x18,0xe5,0xe4,0xc7,0x07,0xc7,0x04,
0x46,0xf6,0x0e,0xe3,0xd7,0xc7,0x07,0xc7,0x04,0x46,0x46,0xf5,0x0e,0x92,0x04,0xf2,
0xe2,0x29,0xb4,0x04,0xe3,0x37,0x07,0xa7,0x03,0x08,0x18,0x12,0x0f,0x20,0x0c,0x23,
0x04,0x12,0x0f,0x20,0x0c,0x00,0x08,0x08,0x06,0x2b,0x11,0x20,0x12,0x41,0x00,0x5d,
0x18,0x52,0x22,0x34,0x1e,0x25,0x28,0x2b,0x8d,0x01,0x20,0x0c,0x1c,0x0b,0x20,0x14,
0x07,0x0c,0x27,0x1f,0x20,0x0c,0x1c,0x0b,0x20,0x14,0x00,0x07,0x08,0x05,0x2b,0x11,
0x20,0x0c,0x1c,0x0b,0x07,0x1a,0x1e,0x07,0x2b,0x11,0x20,0x0c,0x21,0x0b,0x07,0x1a,
0x25,0x12,0x23,0x19,0x2a,0x28,0x6c,0x27,0x2a,0x2c,0x85,0x27,0x21,0x15,0x20,0x0c,
0x21,0x0b,0x20,0x14,0x20,0x12,0x32,0x07,0x2b,0x1d,0x20,0x12,0x3f,0x11,0x20,0x0c,
0x21,0x0b,0x20,0x14,0x20,0x04,0x2d,0x06,0x2b,0x1d,0x20,0x12,0x3f,0x11,0x20,0x0c,
0x21,0x0b,0x07,0x1a,0x30,0x19,0x07,0x1a,0x37,0x04,0x2b,0x1d,0x20,0x12,0x3f,0x11,
0x20,0x0c,0x21,0x0b,0x07,0x1a,0x5d,0x19,0x07,0x1a,0x64,0x0a,0x25,0x38,0x3a,0x5b,
0x20,0x12,0x3f,0x11,0x20,0x0c,0x21,0x0b,0x07,0x1a,0x30,0x19,0x07,0x1a,0x49,0x19,
0x20,0x14,0x53,0x34,0x2f,0x1e,0x35,0x37,0x67,0x2d,0x20,0x14,0x21,0x13,0x20,0x14,
0x37,0x10,0x16,0x38,0x2b,0x5b,0x20,0x12,0x3f,0x11,0x20,0x0c,0x21,0x0b,0x07,0x1a,
0x67,0x2e,0x2f,0x1e,0x35,0x37,0x67,0x2d,0x20,0x14,0x21,0x13,0x20,0x14,0x23,0x0a,
0x2b,0x1d,0x20,0x12,0x3f,0x11,0x20,0x0c,0x21,0x0b,0x20,0x14,0x35,0x13,0x20,0x14,
0x00,0x07,0x0c,0x0a,0x2b,0x1d,0x20,0x12,0x3f,0x11,0x20,0x0c,0x21,0x0b,0x20,0x14,
0x35,0x13,0x20,0x14,0x00,0x10,0x0a,0x34,0x25,0x36,0xa3,0x33,0x26,0x31,0x67,0x17,
0x2a,0x26,0x1c,0x25,0x26,0x00,0x20,0x12,0x3f,0x11,0x20,0x0c,0x21,0x0b,0x20,0x14,
0x4e,0x13,0x20,0x14,0x4e,0x13,0x07,0x1a,0x64,0x04,0x2b,0x1d,0x20,0x12,0x3f,0x11,
0x20,0x0c,0x21,0x10,0x3a,0x1b,0x20,0x14,0x21,0x13,0x20,0x14,0x5d,0x32,0x21,0x41,
0x2a,0x26,0x1c,0x25,0x20,0x04,0x00,0x06,0x08,0x16,0x2b,0x1d,0x20,0x12,0x3f,0x11,
0x20,0x0c,0x21,0x0b,0x07,0x04,0x2b,0x03,0x20,0x14,0x35,0x13,0x20,0x14,0x50,0x14,
0x2b,0x05,0x30,0x1d,0x20,0x12,0x3f,0x11,0x20,0x0c,0x0c,0x10,0x26,0x00,0x94,0x1b,
0x20,0x14,0x26,0x13,0x20,0x14,0x00,0x14,0x08,0x08,0x21,0x1f,0x20,0x12,0x3f,0x11,
0x20,0x0c,0x21,0x0b,0x20,0x14,0x3a,0x18,0x1b,0x20,0x07,0x04,0x6e,0x0d,0x21,0x27,
0x4d,0x3e,0x17,0x43,0x68,0x17,0x20,0x12,0x3f,0x11,0x20,0x0c,0x3c,0x07,0x34,0x26,
0x54,0x25,0x31,0x03,0x20,0x14,0x3f,0x18,0x21,0x27,0x07,0x1a,0x2b,0x19,0x07,0x04,
0x00,0x0c,0x43,0x0a,0x00,0x00,0x01,0x00,0x01,0x02,0x00,0x00,0x00,0x14,0x01,0xee,
0x0e,0x00,0x01,0x00,0xd7,0x40,0x0b,0x07,0x00,0x00,0x95,0xf0,0x0b,0xd7,0x41,0xf4,
0x03,0x00,0x00,0x24,0x00,0x00,0x0e,0x29,0xb4,0x04,0x8e,0x39,0x1d,0x04,0x30,0x00,
0x20,0x06,0x00,0xc5,0x00,0xc8,0x07,0x07,0xcf,0xd8,0xf8,0x69,0xdd,0x00,0x00,0x00,
0xd8,0x07,0xae,0x68,0xd5,0x00,0x00,0x00,0x38,0x9f,0x00,0x00,0x00,0x41,0xe7,0x01,
0x00,0x00,0xd8,0x24,0x01,0x00,0x95,0xf0,0x15,0x38,0xdd,0x00,0x00,0x00,0x11,0x04,
0x0c,0x07,0x00,0x00,0x04,0x07,0x02,0x00,0x00,0x21,0x02,0x00,0x30,0x38,0xc0,0x00,
0x00,0x00,0x11,0x21,0x00,0x00,0xcf,0xba,0xd0,0xcc,0xd8,0xef,0xa5,0x68,0x9b,0x00,
0x00,0x00,0xd8,0xcc,0x46,0xd1,0xcb,0x41,0x6b,0x00,0x00,0x00,0xcd,0x24,0x01,0x00,
0xf0,0x15,0x38,0xdd,0x00,0x00,0x00,0x11,0x04,0x0d,0x07,0x00,0x00,0x04,0x07,0x02,
0x00,0x00,0x21,0x02,0x00,0x30,0x38,0x95,0x00,0x00,0x00,0x40,0x0e,0x04,0x00,0x00,
0xfb,0x11,0xf0,0x0e,0x0e,0xcd,0x38,0x95,0x00,0x00,0x00,0x40,0x0e,0x04,0x00,0x00,
0xa9,0xd2,0xcd,0x38,0xad,0x00,0x00,0x00,0xa9,0x95,0xf0,0x19,0xce,0x95,0xf0,0x15,
0x38,0xdd,0x00,0x00,0x00,0x11,0x04,0x0e,0x07,0x00,0x00,0x04,0x07,0x02,0x00,0x00,
0x21,0x02,0x00,0x30,0xcd,0x38,0xad,0x00,0x00,0x00,0xa9,0xf0,0x1d,0xcd,0x40,0x0b,
0x07,0x00,0x00,0xf0,0x15,0x38,0xdd,0x00,0x00,0x00,0x11,0x04,0x0f,0x07,0x00,0x00,
0x04,0x07,0x02,0x00,0x00,0x21,0x02,0x00,0x30,0xcb,0x41,0x70,0x00,0x00,0x00,0xcd,
0x24,0x01,0x00,0x0e,0x92,0x01,0xf3,0x62,0xff,0x38,0xbf,0x00,0x00,0x00,0x11,0x21,
0x00,0x00,0xc8,0x04,0xba,0xc8,0x05,0xe5,0xf4,0xc8,0x06,0xc7,0x07,0xd7,0xf5,0x0e,
0xcb,0xf0,0x0d,0xcb,0x41,0x56,0x01,0x00,0x00,0xc5,0x01,0x24,0x01,0x00,0x0e,0xc7,
0x06,0x41,0x71,0x00,0x00,0x00,0x25,0x00,0x00,0xb4,0x04,0xce,0x37,0x05,0x33,0x27,
0x26,0x25,0x2e,0x58,0x25,0x26,0x0d,0x67,0x2c,0x44,0x1b,0x5e,0x04,0x21,0x0f,0x99,
0x46,0x20,0x36,0x44,0x6d,0x44,0x0d,0x6c,0x0a,0x53,0x09,0x67,0x17,0x20,0x20,0x37,
0x16,0x4f,0x25,0x00,0x03,0xd4,0x02,0x17,0x0c,0x04,0x22,0x00,0x20,0x28,0x00,0x0d,
0x08,0x11,0x00,0x0c,0x43,0x0a,0x00,0x88,0x1c,0x01,0x01,0x01,0x02,0x02,0x01,0x05,
0x40,0x02,0x98,0x0b,0x00,0x01,0x40,0x00,0xcc,0x05,0x00,0x00,0x40,0x01,0x80,0x1c,
0x04,0x00,0x0c,0x43,0x0a,0x00,0x00,0x00,0x00,0x00,0x03,0x00,0x02,0x00,0x06,0x00,
0x98,0x0b,0x00,0x01,0xcc,0x05,0x00,0x00,0xe3,0xe4,0x90,0xe8,0x46,0x28,0xb4,0x04,
0x97,0x39,0x0d,0x00,0x00,0x0c,0x43,0x0a,0x00,0x00,0x00,0x01,0x00,0x04,0x00,0x02,
0x00,0x27,0x01,0xba,0x09,0x00,0x00,0x00,0x98,0x0b,0x00,0x01,0xcc,0x05,0x00,0x00,
0xe3,0xe4,0x46,0xe3,0xe4,0xbb,0x9c,0x46,0xc2,0x08,0x9e,0xa3,0xe3,0xe4,0xbc,0x9c,
0x46,0xc2,0x10,0x9e,0xa3,0xe3,0xe4,0xbd,0x9c,0x46,0xc2,0x18,0x9e,0xa3,0xcf,0xe4,
0xbe,0x9c,0xe8,0xcb,0xba,0xa0,0x28,0xb4,0x04,0x9a,0x39,0x0e,0x16,0x12,0x1a,0x0c,
0x0e,0x11,0x0c,0x16,0x08,0x0c,0x0e,0x11,0x0c,0x16,0x0a,0x0c,0x0e,0x11,0x0c,0x1c,
0x7f,0x1c,0x1a,0x00,0x0c,0x43,0x0a,0x00,0x00,0x00,0x04,0x00,0x05,0x00,0x02,0x00,
0x4b,0x04,0xee,0x0e,0x00,0x00,0x00,0xb2,0x13,0x00,0x01,0x00,0xea,0x1a,0x00,0x02,
0x00,0xdc,0x0a,0x00,0x03,0x00,0x98,0x0b,0x00,0x01,0xcc,0x05,0x00,0x00,0x38,0xad,
0x00,0x00,0x00,0x11,0xc2,0x08,0x21,0x01,0x00,0xcf,0x38,0xba,0x00,0x00,0x00,0x11,
0xcb,0x21,0x01,0x00,0xd0,0x38,0xb1,0x00,0x00,0x00,0x11,0xcb,0x21,0x01,0x00,0xd1,
0xba,0xd2,0xce,0xc2,0x08,0xa5,0xf0,0x19,0xcd,0xce,0x1b,0x11,0xaf,0xf1,0x04,0x1b,
0x71,0x1b,0x1b,0xe3,0xe4,0xce,0x9c,0x46,0x1b,0x71,0x1b,0x48,0x92,0x03,0xf2,0xe3,
0xe4,0xc2,0x08,0x9c,0xe8,0xcc,0xba,0x46,0x28,0xb4,0x04,0x9f,0x39,0x0e,0x0e,0x03,
0x14,0x3e,0x30,0x39,0x34,0x49,0x55,0x1b,0x10,0x43,0x1c,0x3a,0x53,0x00,0x0c,0x43,
0x0a,0x00,0x00,0x00,0x03,0x00,0x04,0x00,0x03,0x00,0x33,0x03,0x8c,0x12,0x00,0x00,
0x00,0xba,0x11,0x00,0x01,0x00,0x10,0x00,0x01,0x00,0x98,0x0b,0x00,0x01,0xcc,0x05,
0x00,0x00,0x80,0x1c,0x00,0x02,0x08,0xd1,0xcd,0x41,0x1c,0x07,0x00,0x00,0x24,0x00,
0x00,0xd3,0xe3,0xef,0xe4,0x9d,0xa7,0xf0,0x15,0x38,0xdd,0x00,0x00,0x00,0x11,0x04,
0x28,0x07,0x00,0x00,0x04,0x07,0x02,0x00,0x00,0x21,0x02,0x00,0x30,0xe5,0xe3,0xe4,
0xcb,0xf7,0xd0,0xe4,0xcb,0x9c,0xe8,0xcc,0x28,0xb4,0x04,0xa7,0x39,0x0e,0x0c,0x2b,
0x14,0x17,0x09,0x0c,0x18,0x1b,0x1a,0x6c,0x1b,0x1c,0x25,0x00,0x0c,0x43,0x0a,0x00,
0x00,0x01,0x02,0x01,0x05,0x00,0x02,0x00,0x50,0x03,0x8c,0x12,0x00,0x01,0x00,0xce,
0x0a,0x00,0x00,0x00,0xdc,0x0a,0x00,0x01,0x00,0x98,0x0b,0x00,0x01,0xcc,0x05,0x00,
0x00,0xd7,0xe3,0xef,0xe4,0x9d,0xa7,0xf0,0x15,0x38,0xdd,0x00,0x00,0x00,0x11,0x04,
0x28,0x07,0x00,0x00,0x04,0x07,0x02,0x00,0x00,0x21,0x02,0x00,0x30,0x38,0xb1,0x00,
0x00,0x00,0x11,0xd7,0x21,0x01,0x00,0xcf,0xba,0xd0,0xcc,0xd7,0xa5,0xf0,0x18,0xca,
0x1b,0x11,0xaf,0xf1,0x04,0x1b,0x71,0x1b,0x1b,0xe3,0xe4,0xcc,0x9c,0x46,0x1b,0x71,
0x1b,0x48,0x92,0x01,0xf2,0xe5,0xe4,0xd7,0x9c,0xe8,0xcb,0x40,0xcd,0x02,0x00,0x00,
0x28,0xb4,0x04,0xae,0x39,0x10,0x10,0x08,0x06,0x0c,0x18,0x1b,0x1a,0x67,0x25,0x49,
0x0c,0x16,0x10,0x3e,0x20,0x3a,0x57,0x00,0xba,0xcf,0x0b,0xc5,0x00,0x4c,0xcc,0x02,
0x00,0x00,0x4b,0xcc,0x02,0x00,0x00,0xc5,0x01,0x4c,0x1c,0x07,0x00,0x00,0x4b,0x1c,
0x07,0x00,0x00,0xc5,0x02,0x4c,0x1d,0x07,0x00,0x00,0x4b,0x1d,0x07,0x00,0x00,0xc5,
0x03,0x4c,0x10,0x02,0x00,0x00,0x4b,0x10,0x02,0x00,0x00,0xc5,0x04,0x4c,0x05,0x03,
0x00,0x00,0x4b,0x05,0x03,0x00,0x00,0x28,0xb4,0x04,0x94,0x39,0x05,0x00,0x00,0x0c,
0x43,0x0a,0x00,0x8a,0x1c,0x01,0x03,0x01,0x04,0x03,0x02,0x01,0x18,0x04,0xa0,0x0b,
0x00,0x01,0x00,0xe6,0x05,0x00,0x00,0x40,0x00,0xbc,0x1c,0x00,0x01,0x40,0x01,0xd2,
0x1c,0x00,0x02,0x40,0x02,0xfc,0x1b,0x02,0x00,0x88,0x1c,0x08,0x00,0x0c,0x43,0x0a,
0x00,0xd2,0x1c,0x00,0x1e,0x00,0x07,0x00,0x04,0x00,0xb8,0x09,0x1e,0xd4,0x1c,0x00,
0x00,0x00,0xd6,0x1c,0x00,0x01,0x00,0xda,0x04,0x00,0x02,0x00,0xb0,0x04,0x00,0x03,
0x00,0x8c,0x12,0x00,0x04,0x00,0xba,0x0a,0x00,0x05,0x00,0xcc,0x05,0x00,0x06,0x00,
0xba,0x11,0x00,0x07,0x00,0xee,0x0e,0x00,0x08,0x00,0xe4,0x05,0x00,0x09,0x00,0xd4,
0x05,0x00,0x0a,0x00,0xd0,0x0a,0x00,0x0b,0x00,0xf0,0x09,0x00,0x0c,0x00,0x8c,0x14,
0x00,0x0d,0x00,0xa4,0x1c,0x00,0x0e,0x00,0xd8,0x1c,0x00,0x0f,0x00,0xd8,0x05,0x00,
0x10,0x00,0xda,0x1c,0x00,0x11,0x00,0xdc,0x1c,0x00,0x12,0x00,0xde,0x1c,0x00,0x13,
0x00,0xd2,0x05,0x00,0x14,0x00,0xa6,0x0e,0x00,0x15,0x00,0xd0,0x0e,0x00,0x16,0x00,
0xe0,0x1c,0x00,0x17,0x00,0xe2,0x1c,0x00,0x18,0x00,0xe4,0x1c,0x22,0x00,0x03,0xe6,
0x1c,0x00,0x19,0x00,0xe8,0x1c,0x00,0x1b,0x00,0xea,0x1c,0x00,0x1c,0x00,0xec,0x1c,
0x00,0x1d,0x00,0xe6,0x05,0x00,0x00,0xbc,0x1c,0x01,0x00,0xd2,0x1c,0x02,0x00,0xfc,
0x1b,0x00,0x02,0xe3,0x41,0xcc,0x02,0x00,0x00,0x24,0x00,0x00,0xd3,0x11,0xbb,0xad,
0xf0,0x03,0x07,0x28,0x11,0xbc,0xad,0xf0,0x02,0x29,0x11,0xbd,0xad,0xf0,0x03,0x0a,
0x28,0x11,0xbe,0xad,0xf0,0x03,0x09,0x28,0x11,0xbf,0xad,0xf0,0x0d,0xe3,0x41,0x1c,
0x07,0x00,0x00,0x24,0x00,0x00,0xba,0xa3,0x28,0x11,0xc0,0xad,0xf0,0x0a,0xe3,0x41,
0x1d,0x07,0x00,0x00,0x25,0x00,0x00,0x11,0xc1,0xad,0xf0,0x0a,0xe3,0x41,0x10,0x02,
0x00,0x00,0x25,0x00,0x00,0x11,0xc2,0x08,0xad,0xf0,0x14,0x38,0xa8,0x00,0x00,0x00,
0x11,0xe3,0x41,0x1d,0x07,0x00,0x00,0x24,0x00,0x00,0x21,0x01,0x00,0x28,0x11,0xc2,
0x09,0xad,0xf0,0x1d,0x38,0xac,0x00,0x00,0x00,0x11,0xe3,0x41,0x10,0x02,0x00,0x00,
0x24,0x00,0x00,0xe3,0x41,0x10,0x02,0x00,0x00,0x24,0x00,0x00,0x21,0x02,0x00,0x28,
0x11,0xc2,0x0a,0xad,0xf0,0x33,0xe3,0x41,0x10,0x02,0x00,0x00,0x24,0x00,0x00,0xd0,
0xe3,0x41,0x10,0x02,0x00,0x00,0x24,0x00,0x00,0xd1,0x38,0xa0,0x00,0x00,0x00,0x11,
0xcd,0x21,0x01,0x00,0xd6,0xcc,0x42,0x3a,0x00,0x00,0x00,0xe4,0x41,0x52,0x01,0x00,
0x00,0xce,0x24,0x01,0x00,0x0e,0xce,0x28,0x11,0xc2,0x0b,0xad,0xf0,0x43,0xe3,0x41,
0x1c,0x07,0x00,0x00,0x24,0x00,0x00,0xc8,0x04,0x38,0xbf,0x00,0x00,0x00,0x11,0x21,
0x00,0x00,0xc8,0x05,0xe4,0x41,0x52,0x01,0x00,0x00,0xc7,0x05,0x24,0x01,0x00,0x0e,
0xba,0xc8,0x06,0xc7,0x06,0xc7,0x04,0xa5,0xf0,0x14,0xc7,0x05,0x41,0x46,0x00,0x00,
0x00,0xe5,0xf4,0xe5,0xf4,0x24,0x02,0x00,0x0e,0x92,0x06,0xf2,0xe7,0xc7,0x05,0x28,
0x11,0xc2,0x0c,0xad,0xf0,0x41,0xe3,0x41,0x1c,0x07,0x00,0x00,0x24,0x00,0x00,0xc8,
0x04,0x38,0xc0,0x00,0x00,0x00,0x11,0x21,0x00,0x00,0xc8,0x07,0xe4,0x41,0x52,0x01,
0x00,0x00,0xc7,0x07,0x24,0x01,0x00,0x0e,0xba,0xc8,0x06,0xc7,0x06,0xc7,0x04,0xa5,
0xf0,0x12,0xc7,0x07,0x41,0x70,0x00,0x00,0x00,0xe5,0xf4,0x24,0x01,0x00,0x0e,0x92,
0x06,0xf2,0xe9,0xc7,0x07,0x28,0x11,0xc2,0x0d,0xad,0xf0,0x28,0xe3,0x41,0x1c,0x07,
0x00,0x00,0x24,0x00,0x00,0xc8,0x04,0xe3,0x41,0x05,0x03,0x00,0x00,0xc7,0x04,0x24,
0x01,0x00,0xc8,0x08,0xe4,0x41,0x52,0x01,0x00,0x00,0xc7,0x08,0x24,0x01,0x00,0x0e,
0xc7,0x08,0x28,0x11,0xc2,0x0e,0xad,0xf0,0x73,0xe4,0xef,0xc8,0x09,0xe4,0x41,0x52,
0x01,0x00,0x00,0x07,0x24,0x01,0x00,0x0e,0xe5,0xf4,0xc8,0x0a,0xe3,0x41,0x1c,0x07,
0x00,0x00,0x24,0x00,0x00,0xc8,0x0b,0xe3,0x41,0x1c,0x07,0x00,0x00,0x24,0x00,0x00,
0xc8,0x0c,0xc7,0x0b,0xc7,0x0c,0x9c,0xc7,0x0a,0x40,0xcf,0x02,0x00,0x00,0xa7,0xf0,
0x15,0x38,0xdd,0x00,0x00,0x00,0x11,0x04,0x28,0x07,0x00,0x00,0x04,0x07,0x02,0x00,
0x00,0x21,0x02,0x00,0x30,0x38,0xbb,0x00,0x00,0x00,0x11,0xc7,0x0a,0xc7,0x0b,0xc7,
0x0c,0x21,0x03,0x00,0xc8,0x0d,0xe4,0xc7,0x09,0x1b,0x11,0xaf,0xf1,0x04,0x1b,0x71,
0x1b,0x1b,0xc7,0x0d,0x1b,0x71,0x1b,0x48,0xc7,0x0d,0x28,0xcb,0xc2,0x0f,0xa8,0xf0,
0x5c,0xcb,0xc2,0x19,0xa6,0xf0,0x56,0xe6,0xcb,0xc2,0x0f,0x9d,0x46,0xc8,0x0e,0xe3,
0x41,0x1c,0x07,0x00,0x00,0x24,0x00,0x00,0xc9,0x04,0xc7,0x0e,0x40,0xb9,0x03,0x00,
0x00,0x9b,0xba,0xae,0xf0,0x15,0x38,0xdd,0x00,0x00,0x00,0x11,0x04,0x28,0x07,0x00,
0x00,0x04,0x07,0x02,0x00,0x00,0x21,0x02,0x00,0x30,0xc7,0x0e,0x11,0xe3,0x41,0x05,
0x03,0x00,0x00,0xc7,0x04,0x24,0x01,0x00,0x21,0x01,0x00,0xc8,0x0f,0xe4,0x41,0x52,
0x01,0x00,0x00,0xc7,0x0f,0x24,0x01,0x00,0x0e,0xc7,0x0f,0x28,0xcb,0xc2,0x1a,0xad,
0xf0,0x47,0xe3,0x41,0x10,0x02,0x00,0x00,0x24,0x00,0x00,0xc8,0x10,0xe3,0x41,0x1c,
0x07,0x00,0x00,0x24,0x00,0x00,0xc8,0x04,0x38,0xd1,0x02,0x00,0x00,0x11,0xe3,0x41,
0x05,0x03,0x00,0x00,0xc7,0x04,0x24,0x01,0x00,0x26,0x01,0x00,0x0b,0xc7,0x10,0x4b,
0x6c,0x01,0x00,0x00,0x21,0x02,0x00,0xc8,0x11,0xe4,0x41,0x52,0x01,0x00,0x00,0xc7,
0x11,0x24,0x01,0x00,0x0e,0xc7,0x11,0x28,0xcb,0xc2,0x1b,0xad,0xf0,0x64,0xe3,0x41,
0x10,0x02,0x00,0x00,0x24,0x00,0x00,0xd0,0xe3,0x41,0x10,0x02,0x00,0x00,0x24,0x00,
0x00,0xc8,0x10,0xe3,0x41,0x1d,0x07,0x00,0x00,0x24,0x00,0x00,0xc8,0x12,0xe3,0x41,
0x1c,0x07,0x00,0x00,0x24,0x00,0x00,0xc8,0x04,0x38,0x00,0x06,0x00,0x00,0x11,0xe3,
0x41,0x05,0x03,0x00,0x00,0xc7,0x04,0x24,0x01,0x00,0x26,0x01,0x00,0xcc,0x0b,0xc7,
0x10,0x4b,0x6c,0x01,0x00,0x00,0xc7,0x12,0x4b,0xf9,0x05,0x00,0x00,0x21,0x03,0x00,
0xc8,0x13,0xe4,0x41,0x52,0x01,0x00,0x00,0xc7,0x13,0x24,0x01,0x00,0x0e,0xc7,0x13,
0x28,0xcb,0xc2,0x1c,0xad,0xf0,0x41,0xe3,0x41,0x1c,0x07,0x00,0x00,0x24,0x00,0x00,
0xc8,0x04,0x26,0x00,0x00,0xc8,0x14,0xe4,0x41,0x52,0x01,0x00,0x00,0xc7,0x14,0x24,
0x01,0x00,0x0e,0xba,0xc8,0x06,0xc7,0x06,0xc7,0x04,0xa5,0xf0,0x18,0xc7,0x14,0xc7,
0x06,0x1b,0x11,0xaf,0xf1,0x04,0x1b,0x71,0x1b,0x1b,0xe5,0xf4,0x1b,0x71,0x1b,0x48,
0x92,0x06,0xf2,0xe3,0xc7,0x14,0x28,0xcb,0xc2,0x1d,0xad,0xf0,0x63,0xe3,0x41,0x1c,
0x07,0x00,0x00,0x24,0x00,0x00,0xc8,0x04,0x0b,0xc8,0x15,0xe4,0x41,0x52,0x01,0x00,
0x00,0xc7,0x15,0x24,0x01,0x00,0x0e,0xba,0xc8,0x06,0xc7,0x06,0xc7,0x04,0xa5,0xf0,
0x3c,0xe3,0x41,0x10,0x02,0x00,0x00,0x24,0x00,0x00,0xc8,0x16,0x38,0x9e,0x00,0x00,
0x00,0x41,0x6d,0x00,0x00,0x00,0xc7,0x15,0xc7,0x16,0x0b,0xe5,0xf4,0x4b,0x44,0x00,
0x00,0x00,0x0a,0x4b,0x42,0x00,0x00,0x00,0x0a,0x4b,0x43,0x00,0x00,0x00,0x0a,0x4b,
0x41,0x00,0x00,0x00,0x24,0x03,0x00,0x0e,0x92,0x06,0xf2,0xbf,0xc7,0x15,0x28,0xcb,
0xc2,0x1e,0xad,0xf0,0x2a,0xe3,0x41,0x1c,0x07,0x00,0x00,0x24,0x00,0x00,0xc9,0x17,
0xe4,0xef,0xa8,0xf0,0x15,0x38,0xdd,0x00,0x00,0x00,0x11,0x04,0x28,0x07,0x00,0x00,
0x04,0x07,0x02,0x00,0x00,0x21,0x02,0x00,0x30,0xe4,0xc7,0x17,0x46,0x28,0xcb,0xc2,
0x1f,0xad,0xf0,0x37,0xe3,0x41,0x10,0x02,0x00,0x00,0x24,0x00,0x00,0xc8,0x18,0x6b,
0x0e,0x00,0x00,0x00,0x38,0xbc,0x00,0x00,0x00,0xc7,0x18,0xf5,0x6e,0x28,0xc8,0x19,
0x6b,0x18,0x00,0x00,0x00,0x38,0xdd,0x00,0x00,0x00,0x11,0x04,0x28,0x07,0x00,0x00,
0x04,0x07,0x02,0x00,0x00,0x21,0x02,0x00,0x30,0x30,0xcb,0xc2,0x20,0xad,0xf0,0x78,
0xe3,0x41,0x1c,0x07,0x00,0x00,0x24,0x00,0x00,0xc8,0x1a,0xe3,0x41,0x1c,0x07,0x00,
0x00,0x24,0x00,0x00,0xc8,0x1b,0xe3,0x41,0x10,0x02,0x00,0x00,0x24,0x00,0x00,0xc8,
0x1c,0x38,0x95,0x00,0x00,0x00,0x40,0x12,0x04,0x00,0x00,0xf0,0x28,0x38,0x95,0x00,
0x00,0x00,0x41,0x12,0x04,0x00,0x00,0x0b,0xc7,0x1a,0x4b,0xd8,0x03,0x00,0x00,0xc7,
0x1b,0x4b,0xe0,0x03,0x00,0x00,0xc7,0x1c,0x4b,0x06,0x04,0x00,0x00,0x24,0x01,0x00,
0xc8,0x1d,0xf2,0x15,0x38,0xdd,0x00,0x00,0x00,0x11,0x04,0x37,0x07,0x00,0x00,0x04,
0x07,0x02,0x00,0x00,0x21,0x02,0x00,0x30,0xe4,0x41,0x52,0x01,0x00,0x00,0xc7,0x1d,
0x24,0x01,0x00,0x0e,0xc7,0x1d,0x28,0x38,0xdd,0x00,0x00,0x00,0x11,0x04,0x28,0x07,
0x00,0x00,0x04,0x07,0x02,0x00,0x00,0x21,0x02,0x00,0x30,0xb4,0x04,0xba,0x39,0x07,
0xe2,0x01,0x21,0x1c,0x00,0x2a,0x16,0x02,0x11,0x10,0x4a,0x0f,0x4a,0x00,0x31,0x04,
0x3e,0x0e,0x45,0x0d,0x3e,0x12,0x2f,0x12,0x63,0x23,0x34,0x1c,0x17,0x19,0x35,0x17,
0x26,0x00,0x20,0x14,0x00,0x13,0x08,0x00,0x1c,0x24,0x3a,0x37,0x20,0x14,0x3a,0x14,
0x1b,0x10,0x25,0x0c,0x11,0x0c,0x00,0x18,0x08,0x3b,0x1c,0x24,0x3a,0x37,0x20,0x14,
0x3a,0x14,0x1b,0x10,0x25,0x0c,0x00,0x19,0x08,0x2f,0x3a,0x0e,0x26,0x21,0x20,0x14,
0x00,0x13,0x0a,0x13,0x20,0x14,0x21,0x03,0x30,0x08,0x39,0x1e,0x26,0x21,0x11,0x0c,
0x35,0x07,0x68,0x02,0x58,0x19,0x00,0x16,0x08,0x16,0x20,0x1a,0x26,0x08,0x3f,0x1f,
0x1c,0x03,0x2a,0x36,0x17,0x2d,0x68,0x02,0x2f,0x1a,0x35,0x33,0x20,0x14,0x37,0x00,
0x3a,0x06,0x39,0x1a,0x1c,0x19,0x3e,0x1c,0x6c,0x35,0x20,0x14,0x37,0x00,0x3a,0x02,
0x34,0x20,0x39,0x1c,0x39,0x1a,0x1c,0x51,0x3e,0x1c,0x94,0x35,0x20,0x14,0x37,0x00,
0x3a,0x00,0x36,0x13,0x20,0x14,0x3a,0x14,0x1b,0x10,0x48,0x0e,0x46,0x31,0x3a,0x00,
0x2c,0x13,0x20,0x14,0x3a,0x14,0x3a,0x0f,0x1c,0x13,0x34,0x2c,0x21,0x19,0x00,0x24,
0x10,0x01,0x3a,0x06,0x1c,0x01,0x1b,0x2e,0x87,0x31,0x3a,0x0a,0x4f,0x02,0x40,0x07,
0x73,0x03,0x3a,0x04,0x39,0x22,0x39,0x1e,0x5a,0x53,0x35,0x04,0x96,0x10,0x68,0x17,
0x20,0x14,0x32,0x03,0x00,0xc5,0x00,0xd1,0xe4,0x38,0xb1,0x00,0x00,0x00,0x11,0xd7,
0x21,0x01,0x00,0xf5,0xcf,0x26,0x00,0x00,0xd0,0xcd,0x23,0x00,0x00,0xb4,0x04,0xb7,
0x39,0x05,0x07,0x17,0x32,0x00,0x11,0x92,0x02,0x1f,0x00,0xc5,0x01,0xcf,0xc5,0x02,
0xd0,0xc5,0x03,0xd2,0xc5,0x04,0xc8,0x04,0xc5,0x05,0xc8,0x05,0xc5,0x06,0xc8,0x06,
0xc5,0x07,0xc8,0x07,0xc5,0x08,0xc8,0x08,0xc5,0x09,0xc8,0x09,0x38,0x95,0x00,0x00,
0x00,0xc5,0x00,0x42,0xf7,0x03,0x00,0x00,0x38,0xb0,0x00,0x00,0x00,0x38,0xb1,0x00,
0x00,0x00,0x38,0xaf,0x00,0x00,0x00,0x38,0xb2,0x00,0x00,0x00,0x38,0xb3,0x00,0x00,
0x00,0x38,0xb4,0x00,0x00,0x00,0x38,0xb5,0x00,0x00,0x00,0x38,0xb9,0x00,0x00,0x00,
0x38,0xba,0x00,0x00,0x00,0x26,0x09,0x00,0xd1,0x37,0xb6,0x00,0x00,0x00,0xfa,0xf1,
0x15,0xcd,0x41,0x52,0x01,0x00,0x00,0x38,0xb6,0x00,0x00,0x00,0x38,0xb7,0x00,0x00,
0x00,0x24,0x02,0x00,0x0e,0x38,0x95,0x00,0x00,0x00,0xc7,0x07,0x42,0xee,0x03,0x00,
0x00,0x38,0x95,0x00,0x00,0x00,0xc7,0x09,0x42,0xfa,0x03,0x00,0x00,0x29,0xb4,0x04,
0xb0,0x35,0x03,0x12,0xa8,0x04,0x00,0x42,0xf6,0x02,0x3a,0x11,0x1a,0x20,0x1c,0x00,
0x0e,0xae,0x07,0x6f,0x3f,0x00,0x00,0x0c,0x43,0x0a,0x00,0x9e,0x04,0x01,0x06,0x01,
0x02,0x05,0x00,0x0a,0x88,0x01,0x07,0xa2,0x04,0x00,0x01,0x40,0x00,0xba,0x07,0x00,
0x00,0x00,0xf0,0x1c,0x00,0x01,0x40,0x02,0xf2,0x1c,0x00,0x02,0x40,0x01,0xf4,0x1c,
0x00,0x03,0x00,0xf6,0x1c,0x00,0x04,0x40,0x04,0xf8,0x1c,0x00,0x05,0x40,0x03,0x0c,
0x43,0x0a,0x00,0xf2,0x1c,0x01,0x00,0x01,0x05,0x00,0x01,0x00,0x45,0x01,0xd0,0x08,
0x00,0x01,0x00,0xa2,0x04,0x00,0x01,0xd7,0x96,0x04,0x4c,0x00,0x00,0x00,0xae,0x11,
0xf1,0x12,0x0e,0xd7,0x41,0x4f,0x01,0x00,0x00,0x04,0x3d,0x07,0x00,0x00,0x24,0x01,
0x00,0xba,0xae,0xf0,0x10,0x38,0xa0,0x00,0x00,0x00,0x11,0x04,0x3e,0x07,0x00,0x00,
0x21,0x01,0x00,0x30,0xe3,0x41,0x79,0x03,0x00,0x00,0xd7,0x41,0xc3,0x01,0x00,0x00,
0x04,0x3d,0x07,0x00,0x00,0xef,0x24,0x01,0x00,0x25,0x01,0x00,0xb4,0x04,0xcb,0x3a,
0x05,0x0c,0x08,0x2a,0x57,0x20,0x2a,0x2e,0x17,0x5b,0x6d,0x16,0x20,0x08,0x00,0x0c,
0x43,0x0a,0x00,0xf4,0x1c,0x01,0x04,0x01,0x06,0x01,0x03,0x06,0xe3,0x01,0x05,0xd0,
0x08,0x00,0x01,0x00,0xda,0x07,0x00,0x00,0x00,0xb0,0x0f,0x00,0x01,0x00,0xbe,0x1c,
0x00,0x02,0x40,0x00,0x10,0x00,0x01,0x00,0xf2,0x1c,0x02,0x00,0xa2,0x04,0x00,0x01,
0xf0,0x1c,0x01,0x00,0x0c,0x43,0x0a,0x00,0x00,0x00,0x00,0x00,0x01,0x00,0x01,0x00,
0x07,0x00,0xbe,0x1c,0x02,0x00,0xe3,0x40,0x3f,0x07,0x00,0x00,0x28,0xb4,0x04,0xdc,
0x3a,0x0e,0x00,0x00,0x0c,0x43,0x0a,0x00,0x00,0x01,0x00,0x01,0x02,0x00,0x01,0x00,
0x08,0x01,0xcc,0x07,0x00,0x01,0x00,0xbe,0x1c,0x02,0x00,0xe3,0xd7,0x42,0x3f,0x07,
0x00,0x00,0x29,0xb4,0x04,0xdf,0x3a,0x0e,0x02,0x03,0x05,0x00,0x0c,0x43,0x0a,0x00,
0x00,0x00,0x00,0x00,0x01,0x00,0x01,0x00,0x07,0x00,0xbe,0x1c,0x02,0x00,0xe3,0x40,
0x34,0x04,0x00,0x00,0x28,0xb4,0x04,0xe5,0x3a,0x0e,0x00,0x00,0x0c,0x43,0x0a,0x00,
0x00,0x01,0x00,0x01,0x02,0x00,0x01,0x00,0x08,0x01,0xcc,0x07,0x00,0x01,0x00,0xbe,
0x1c,0x02,0x00,0xe3,0xd7,0x42,0x34,0x04,0x00,0x00,0x29,0xb4,0x04,0xe8,0x3a,0x0e,
0x02,0x03,0x05,0x00,0x0c,0x43,0x0a,0x00,0x00,0x00,0x00,0x00,0x01,0x00,0x01,0x00,
0x07,0x00,0xbe,0x1c,0x02,0x00,0xe3,0x40,0x40,0x07,0x00,0x00,0x28,0xb4,0x04,0xee,
0x3a,0x0e,0x00,0x00,0x0c,0x43,0x0a,0x00,0x00,0x01,0x00,0x01,0x02,0x00,0x01,0x00,
0x08,0x01,0xcc,0x07,0x00,0x01,0x00,0xbe,0x1c,0x02,0x00,0xe3,0xd7,0x42,0x40,0x07,
0x00,0x00,0x29,0xb4,0x04,0xf1,0x3a,0x0e,0x02,0x03,0x05,0x00,0x08,0xd2,0xe3,0xd7,
0xf5,0xcf,0xe4,0x41,0x41,0x07,0x00,0x00,0xcb,0x24,0x01,0x00,0xd0,0xce,0xcc,0x42,
0xd7,0x03,0x00,0x00,0xce,0x07,0x42,0x3f,0x07,0x00,0x00,0xce,0x07,0x42,0x34,0x04,
0x00,0x00,0xce,0x07,0x42,0x40,0x07,0x00,0x00,0xce,0x38,0xbf,0x00,0x00,0x00,0x11,
0x21,0x00,0x00,0x42,0xaf,0x01,0x00,0x00,0xe5,0x41,0x46,0x00,0x00,0x00,0xcc,0xce,
0x24,0x02,0x00,0x0e,0xce,0xd1,0x38,0x9e,0x00,0x00,0x00,0x41,0x6d,0x00,0x00,0x00,
0xce,0x04,0x0a,0x04,0x00,0x00,0x0b,0xc5,0x00,0x4c,0x45,0x00,0x00,0x00,0x4b,0x45,
0x00,0x00,0x00,0xc5,0x01,0x4c,0x46,0x00,0x00,0x00,0x4b,0x46,0x00,0x00,0x00,0x0a,
0x4b,0x41,0x00,0x00,0x00,0x24,0x03,0x00,0x0e,0x38,0x9e,0x00,0x00,0x00,0x41,0x6d,
0x00,0x00,0x00,0xce,0x04,0x4e,0x04,0x00,0x00,0x0b,0xc5,0x02,0x4c,0x45,0x00,0x00,
0x00,0x4b,0x45,0x00,0x00,0x00,0xc5,0x03,0x4c,0x46,0x00,0x00,0x00,0x4b,0x46,0x00,
0x00,0x00,0x0a,0x4b,0x41,0x00,0x00,0x00,0x24,0x03,0x00,0x0e,0x38,0x9e,0x00,0x00,
0x00,0x41,0x6d,0x00,0x00,0x00,0xce,0x04,0x0b,0x04,0x00,0x00,0x0b,0xc5,0x04,0x4c,
0x45,0x00,0x00,0x00,0x4b,0x45,0x00,0x00,0x00,0xc5,0x05,0x4c,0x46,0x00,0x00,0x00,
0x4b,0x46,0x00,0x00,0x00,0x0a,0x4b,0x41,0x00,0x00,0x00,0x24,0x03,0x00,0x29,0xb4,
0x04,0xd1,0x3a,0x05,0x24,0x12,0x30,0x30,0x08,0x1c,0x33,0x26,0x00,0x26,0x00,0x26,
0x00,0x26,0x00,0x07,0x4c,0x49,0x4b,0x20,0x18,0x2c,0x17,0x34,0x2c,0x00,0x29,0x12,
0x2b,0x34,0x2c,0x00,0x29,0x12,0x2b,0x34,0x2c,0x00,0x0c,0x43,0x0a,0x00,0x00,0x03,
0x03,0x03,0x05,0x00,0x00,0x00,0x91,0x01,0x06,0xd8,0x05,0x00,0x01,0x00,0xaa,0x05,
0x00,0x01,0x00,0xc6,0x04,0x00,0x01,0x00,0xfc,0x06,0x00,0x00,0x00,0xcc,0x05,0x00,
0x01,0x00,0x10,0x00,0x01,0x00,0x08,0xd1,0xd7,0x96,0x04,0x4c,0x00,0x00,0x00,0xae,
0xf0,0x02,0x29,0xd8,0xfb,0xf1,0x11,0xd8,0x11,0xf0,0x09,0x0e,0xd8,0x40,0xc4,0x01,
0x00,0x00,0xfb,0x95,0xf0,0x02,0x29,0xcd,0x40,0xaf,0x01,0x00,0x00,0x41,0x6b,0x00,
0x00,0x00,0xd7,0x24,0x01,0x00,0x95,0xf0,0x14,0xcd,0x40,0xaf,0x01,0x00,0x00,0x41,
0x46,0x00,0x00,0x00,0xd7,0x26,0x00,0x00,0x24,0x02,0x00,0x0e,0xcd,0x40,0xaf,0x01,
0x00,0x00,0x41,0x45,0x00,0x00,0x00,0xd7,0x24,0x01,0x00,0xcf,0xba,0xd0,0xcc,0xcb,
0xef,0xa5,0xf0,0x11,0xca,0x46,0x40,0x55,0x01,0x00,0x00,0xd8,0xad,0xf0,0x02,0x29,
0x92,0x01,0xf2,0xeb,0xcb,0x41,0x52,0x01,0x00,0x00,0x0b,0xd8,0x4b,0x55,0x01,0x00,
0x00,0xd9,0x11,0xf0,0x08,0x0e,0xd9,0x40,0xb2,0x01,0x00,0x00,0x95,0x95,0x4b,0xb2,
0x01,0x00,0x00,0x24,0x01,0x00,0x29,0xb4,0x04,0xf7,0x3a,0x29,0x16,0x12,0x1b,0x3a,
0x08,0x48,0x78,0x53,0x75,0x25,0x0e,0x39,0x28,0x62,0x29,0x2b,0x15,0x3f,0x0e,0x31,
0x35,0x20,0x0a,0x00,0x0c,0x43,0x0a,0x00,0x00,0x02,0x03,0x02,0x04,0x00,0x00,0x00,
0x45,0x05,0xd8,0x05,0x00,0x01,0x00,0xaa,0x05,0x00,0x01,0x00,0xfc,0x06,0x00,0x00,
0x00,0xcc,0x05,0x00,0x01,0x00,0x10,0x00,0x01,0x00,0x08,0xd1,0xd7,0x96,0x04,0x4c,
0x00,0x00,0x00,0xae,0xf0,0x02,0x29,0xcd,0x40,0xaf,0x01,0x00,0x00,0x41,0x45,0x00,
0x00,0x00,0xd7,0x24,0x01,0x00,0xd3,0x95,0xf0,0x02,0x29,0xba,0xd0,0xcc,0xcb,0xef,
0xa5,0xf0,0x1c,0xca,0x46,0x40,0x55,0x01,0x00,0x00,0xd8,0xad,0xf0,0x0d,0xcb,0x41,
0x67,0x01,0x00,0x00,0xcc,0xbb,0x24,0x02,0x00,0x29,0x92,0x01,0xf2,0xe0,0x29,0xb4,
0x04,0x81,0x3b,0x2c,0x0c,0x12,0x21,0x6c,0x16,0x40,0x15,0x3f,0x0e,0x17,0x2d,0x20,
0x18,0x00,0x0c,0x43,0x0a,0x00,0x00,0x01,0x09,0x01,0x05,0x00,0x00,0x00,0xeb,0x02,
0x0a,0xf2,0x06,0x00,0x01,0x00,0xd8,0x05,0x00,0x00,0x00,0x84,0x1d,0x00,0x01,0x00,
0xfc,0x06,0x00,0x02,0x00,0xcc,0x05,0x00,0x03,0x00,0x94,0x05,0x00,0x04,0x00,0x86,
0x0c,0x00,0x05,0x00,0x82,0x06,0x0b,0x00,0x03,0xe4,0x05,0x00,0x06,0x00,0x10,0x00,
0x01,0x00,0x08,0xc8,0x08,0xd7,0x11,0xf0,0x08,0x0e,0xd7,0x40,0x6c,0x01,0x00,0x00,
0xd3,0x96,0x04,0x4c,0x00,0x00,0x00,0xae,0xf0,0x03,0x09,0x28,0x26,0x00,0x00,0xd0,
0xc7,0x08,0x40,0xaf,0x01,0x00,0x00,0x41,0x45,0x00,0x00,0x00,0xcb,0x24,0x01,0x00,
0xd5,0xf0,0x14,0xcc,0x41,0x64,0x00,0x00,0x00,0xcd,0x41,0xc3,0x01,0x00,0x00,0x24,
0x00,0x00,0x24,0x01,0x00,0xd0,0xcb,0x04,0x34,0x00,0x00,0x00,0xad,0xf0,0x1c,0xc7,
0x08,0x40,0x3f,0x07,0x00,0x00,0xfb,0xf0,0x12,0xcc,0x41,0x52,0x01,0x00,0x00,0xc7,
0x08,0x40,0x3f,0x07,0x00,0x00,0x24,0x01,0x00,0x0e,0xcb,0x04,0x37,0x00,0x00,0x00,
0xad,0xf0,0x1c,0xc7,0x08,0x40,0x34,0x04,0x00,0x00,0xfb,0xf0,0x12,0xcc,0x41,0x52,
0x01,0x00,0x00,0xc7,0x08,0x40,0x34,0x04,0x00,0x00,0x24,0x01,0x00,0x0e,0xcb,0x04,
0xeb,0x03,0x00,0x00,0xad,0xf0,0x1c,0xc7,0x08,0x40,0x40,0x07,0x00,0x00,0xfb,0xf0,
0x12,0xcc,0x41,0x52,0x01,0x00,0x00,0xc7,0x08,0x40,0x40,0x07,0x00,0x00,0x24,0x01,
0x00,0x0e,0xba,0xd2,0xce,0xcc,0xef,0xa5,0x68,0xb2,0x00,0x00,0x00,0xcc,0xce,0x46,
0xc8,0x04,0x6b,0x2a,0x00,0x00,0x00,0xc7,0x04,0xfb,0xf0,0x05,0xc7,0x04,0xf2,0x08,
0xc7,0x04,0x40,0xc4,0x01,0x00,0x00,0xc9,0x05,0xfb,0xf0,0x0f,0xc7,0x05,0x41,0xc5,
0x01,0x00,0x00,0xc7,0x08,0xd7,0x24,0x02,0x00,0x0e,0x0e,0xf2,0x4c,0xc8,0x06,0x6b,
0x47,0x00,0x00,0x00,0x38,0x95,0x00,0x00,0x00,0x40,0x83,0x01,0x00,0x00,0xfb,0xf0,
0x13,0x38,0x95,0x00,0x00,0x00,0x41,0x83,0x01,0x00,0x00,0xc7,0x06,0x24,0x01,0x00,
0x0e,0xf2,0x22,0x38,0x95,0x00,0x00,0x00,0x40,0x3f,0x01,0x00,0x00,0xf0,0x16,0x38,
0x3f,0x01,0x00,0x00,0x41,0x37,0x00,0x00,0x00,0x04,0x43,0x07,0x00,0x00,0xc7,0x06,
0x24,0x02,0x00,0x0e,0x0e,0xf2,0x02,0x30,0xc7,0x04,0xf0,0x2b,0xc7,0x04,0x40,0xb2,
0x01,0x00,0x00,0xf0,0x22,0xcd,0xf0,0x1f,0xcd,0x41,0x4f,0x01,0x00,0x00,0xc7,0x04,
0x24,0x01,0x00,0xc9,0x07,0xba,0xa8,0xf0,0x0e,0xcd,0x41,0x67,0x01,0x00,0x00,0xc7,
0x07,0xbb,0x24,0x02,0x00,0x0e,0x92,0x03,0xf3,0x4b,0xff,0x0a,0x28,0xb4,0x04,0x8c,
0x3b,0x26,0x3e,0x4f,0x15,0x8b,0x16,0x26,0x29,0x20,0x36,0x20,0x0a,0x2b,0x39,0x4d,
0x48,0x11,0x18,0x20,0x1c,0x3f,0x7b,0x4d,0x48,0x11,0x18,0x20,0x1c,0x3f,0x7b,0x4d,
0x58,0x11,0x18,0x20,0x1c,0x49,0x7d,0x69,0x14,0x53,0x0f,0x11,0x18,0x25,0x10,0x8b,
0x00,0x11,0x18,0x34,0x2e,0x67,0x57,0x34,0x10,0xbe,0x1b,0x26,0x17,0x16,0x06,0x20,
0x18,0x00,0x0c,0x43,0x0a,0x00,0x00,0x01,0x04,0x01,0x09,0x00,0x00,0x00,0xad,0x01,
0x05,0x82,0x10,0x00,0x01,0x00,0x94,0x14,0x00,0x00,0x00,0x82,0x06,0x03,0x00,0x03,
0xe4,0x1c,0x07,0x02,0x03,0x10,0x00,0x01,0x00,0x08,0xd2,0x6b,0x3e,0x00,0x00,0x00,
0x38,0xcf,0x03,0x00,0x00,0x11,0x04,0x37,0x00,0x00,0x00,0x0b,0x38,0xa2,0x00,0x00,
0x00,0xd7,0xf5,0x4b,0x34,0x00,0x00,0x00,0x38,0xa0,0x00,0x00,0x00,0x11,0x38,0xa2,
0x00,0x00,0x00,0xd7,0xf5,0x21,0x01,0x00,0x4b,0x37,0x00,0x00,0x00,0x0a,0x4b,0x9b,
0x01,0x00,0x00,0x21,0x02,0x00,0xcf,0x0e,0xf2,0x45,0xd0,0x6b,0x41,0x00,0x00,0x00,
0x6b,0x16,0x00,0x00,0x00,0x38,0xd3,0x01,0x00,0x00,0x11,0x04,0x37,0x00,0x00,0x00,
0x21,0x01,0x00,0xcf,0x0e,0xf2,0x17,0xd1,0x6b,0x13,0x00,0x00,0x00,0x0b,0x04,0x37,
0x00,0x00,0x00,0x4b,0x6c,0x01,0x00,0x00,0xcf,0x0e,0xf2,0x02,0x30,0xcb,0x38,0xa2,
0x00,0x00,0x00,0xd7,0xf5,0x42,0x34,0x00,0x00,0x00,0x0e,0xf2,0x02,0x30,0xcb,0x0b,
0x04,0x37,0x00,0x00,0x00,0x4b,0x6c,0x01,0x00,0x00,0x38,0xa2,0x00,0x00,0x00,0xd7,
0xf5,0x4b,0x37,0x00,0x00,0x00,0x42,0x34,0x01,0x00,0x00,0xce,0x41,0xd2,0x01,0x00,
0x00,0xcb,0x24,0x01,0x00,0x29,0xb4,0x04,0xa5,0x3b,0x26,0x19,0x28,0x27,0x57,0x4c,
0x25,0x22,0x39,0x1a,0xaf,0x83,0x01,0x7c,0x11,0x54,0x03,0x20,0x28,0x3b,0x2b,0x57,
0x52,0x3f,0x51,0x20,0x26,0x00,0x0c,0x43,0x0a,0x00,0x00,0x02,0x08,0x02,0x05,0x00,
0x01,0x00,0x8a,0x02,0x0a,0x88,0x01,0x00,0x01,0x00,0xe8,0x0f,0x00,0x01,0x00,0xbc,
0x0f,0x00,0x00,0x00,0x88,0x1d,0x00,0x01,0x00,0xcc,0x05,0x00,0x02,0x00,0xb0,0x13,
0x00,0x03,0x00,0x88,0x10,0x00,0x04,0x00,0x8a,0x1d,0x00,0x05,0x00,0xda,0x0f,0x00,
0x06,0x00,0x10,0x00,0x01,0x00,0xa2,0x04,0x00,0x01,0x08,0xc8,0x07,0x26,0x00,0x00,
0xcf,0xd8,0x68,0xb5,0x00,0x00,0x00,0xd8,0xef,0x68,0xae,0x00,0x00,0x00,0x26,0x00,
0x00,0xd0,0xba,0xd1,0xcd,0xd8,0xef,0xa5,0x68,0x98,0x00,0x00,0x00,0xd8,0xcd,0x46,
0xd2,0x37,0x0e,0x04,0x00,0x00,0xfa,0xf1,0x79,0xce,0x38,0x0e,0x04,0x00,0x00,0xa9,
0xf0,0x70,0xcb,0x41,0x52,0x01,0x00,0x00,0x0b,0xce,0x40,0xd7,0x03,0x00,0x00,0x4b,
0xd8,0x03,0x00,0x00,0xce,0x40,0xe1,0x03,0x00,0x00,0x4b,0xe0,0x03,0x00,0x00,0xce,
0x40,0xe4,0x03,0x00,0x00,0x04,0xe3,0x03,0x00,0x00,0xad,0xf0,0x08,0x04,0x07,0x04,
0x00,0x00,0xf2,0x07,0xce,0x40,0xe4,0x03,0x00,0x00,0x4b,0x06,0x04,0x00,0x00,0x24,
0x01,0x00,0x0e,0xce,0x0a,0x42,0xe5,0x03,0x00,0x00,0x38,0x95,0x00,0x00,0x00,0x41,
0x10,0x04,0x00,0x00,0xce,0x40,0xe1,0x03,0x00,0x00,0x24,0x01,0x00,0xc9,0x04,0xf0,
0x1c,0xc7,0x04,0xc7,0x07,0x40,0xd7,0x03,0x00,0x00,0x42,0xe4,0x03,0x00,0x00,0xf2,
0x0c,0xcc,0x41,0x52,0x01,0x00,0x00,0xce,0x24,0x01,0x00,0x0e,0x92,0x02,0xf3,0x65,
0xff,0xcc,0xef,0x95,0xf0,0x03,0x06,0xd0,0x38,0xee,0x03,0x00,0x00,0xd7,0xcc,0xf6,
0xc8,0x05,0xcb,0xef,0xf0,0x2b,0x38,0xee,0x03,0x00,0x00,0x0b,0xcb,0x4b,0x46,0x07,
0x00,0x00,0xc7,0x05,0x4b,0x47,0x07,0x00,0x00,0xf5,0xc8,0x06,0xe3,0x41,0xf2,0x03,
0x00,0x00,0xc7,0x07,0x40,0xd7,0x03,0x00,0x00,0xc7,0x06,0x24,0x02,0x00,0x0e,0x29,
0xe3,0x41,0xf2,0x03,0x00,0x00,0xc7,0x07,0x40,0xd7,0x03,0x00,0x00,0xc7,0x05,0x24,
0x02,0x00,0x0e,0x29,0xb4,0x04,0xb4,0x3b,0x24,0x2a,0x00,0x14,0x08,0x35,0x26,0x28,
0x59,0x12,0x16,0x38,0x2b,0x69,0x20,0x0c,0x93,0x86,0x01,0x99,0x91,0x01,0x58,0x56,
0x44,0x41,0x54,0x13,0x20,0x20,0x50,0x08,0x27,0x12,0x4b,0x3d,0x59,0x03,0x20,0x20,
0x4a,0x1f,0x20,0x20,0x00,0x0c,0x43,0x0a,0x00,0x00,0x00,0x01,0x00,0x03,0x00,0x02,
0x00,0x22,0x01,0x10,0x00,0x01,0x00,0xa2,0x04,0x00,0x01,0xf0,0x1c,0x01,0x00,0x08,
0xcf,0xe3,0x41,0x48,0x07,0x00,0x00,0xcb,0x40,0xd7,0x03,0x00,0x00,0x24,0x01,0x00,
0x0e,0xe4,0x41,0x09,0x00,0x00,0x00,0xcb,0x40,0xd7,0x03,0x00,0x00,0x24,0x01,0x00,
0x29,0xb4,0x04,0xd0,0x3b,0x22,0x08,0x0d,0x35,0x20,0x2a,0x35,0x29,0x20,0x1e,0x00,
0x0c,0x43,0x0a,0x00,0xf6,0x1c,0x01,0x00,0x01,0x02,0x00,0x00,0x00,0x2f,0x01,0x80,
0x0a,0x00,0x01,0x00,0xd7,0x11,0xf0,0x2b,0x0e,0xd7,0x96,0x04,0x4d,0x00,0x00,0x00,
0xad,0x11,0xf0,0x1f,0x0e,0xd7,0x40,0x6c,0x01,0x00,0x00,0x04,0x37,0x00,0x00,0x00,
0xad,0x11,0xf0,0x0f,0x0e,0xd7,0x40,0x37,0x00,0x00,0x00,0x96,0x04,0x4c,0x00,0x00,
0x00,0xad,0x28,0xb4,0x04,0xd4,0x3b,0x05,0x06,0x21,0x36,0x57,0x2e,0x52,0x3c,0x00,
0x0c,0x43,0x0a,0x00,0x00,0x02,0x0f,0x02,0x07,0x00,0x03,0x00,0xf7,0x03,0x11,0xe8,
0x04,0x00,0x01,0x00,0xe8,0x01,0x00,0x01,0x00,0x80,0x0a,0x00,0x00,0x00,0x82,0x06,
0x05,0x00,0x03,0x92,0x1d,0x00,0x01,0x00,0x94,0x1d,0x00,0x03,0x00,0xe4,0x1c,0x0b,
0x02,0x03,0xbe,0x1c,0x00,0x04,0x00,0xbc,0x0f,0x00,0x06,0x00,0xcc,0x05,0x00,0x07,
0x00,0x82,0x06,0x16,0x00,0x03,0x96,0x1d,0x00,0x08,0x00,0x82,0x06,0x1a,0x00,0x03,
0x98,0x14,0x00,0x0a,0x00,0x82,0x06,0x20,0x00,0x03,0xb0,0x04,0x00,0x0c,0x00,0x82,
0x06,0x26,0x00,0x03,0xf8,0x1c,0x05,0x00,0xf0,0x1c,0x01,0x00,0xf6,0x1c,0x04,0x00,
0xd8,0xba,0xad,0xf0,0x06,0xe3,0xd7,0xd8,0xf6,0x29,0x6b,0x0f,0x00,0x00,0x00,0x38,
0xfa,0x03,0x00,0x00,0xd7,0xf5,0xcf,0x0e,0xf2,0x5e,0xd0,0x6b,0x5a,0x00,0x00,0x00,
0xe4,0x41,0x45,0x00,0x00,0x00,0xd8,0x24,0x01,0x00,0xd5,0xf0,0x3f,0x6b,0x16,0x00,
0x00,0x00,0x38,0x0f,0x04,0x00,0x00,0x11,0x04,0xeb,0x03,0x00,0x00,0x21,0x01,0x00,
0xd2,0x0e,0xf2,0x1b,0xc8,0x04,0x6b,0x16,0x00,0x00,0x00,0x38,0xd3,0x01,0x00,0x00,
0x11,0x04,0xeb,0x03,0x00,0x00,0x21,0x01,0x00,0xd2,0x0e,0xf2,0x02,0x30,0xcd,0x41,
0xd2,0x01,0x00,0x00,0xce,0x24,0x01,0x00,0x0e,0xf2,0x09,0x38,0x83,0x01,0x00,0x00,
0xcc,0xf5,0x0e,0x06,0x6e,0x28,0x30,0x38,0x95,0x00,0x00,0x00,0x40,0x11,0x04,0x00,
0x00,0xf0,0x12,0x38,0x95,0x00,0x00,0x00,0x41,0x11,0x04,0x00,0x00,0xcb,0x24,0x01,
0x00,0xf0,0x02,0x29,0xe4,0x41,0x45,0x00,0x00,0x00,0xd8,0x24,0x01,0x00,0xc9,0x05,
0x95,0xf0,0x02,0x29,0xcb,0x68,0xfb,0x00,0x00,0x00,0xcb,0x96,0x04,0x4d,0x00,0x00,
0x00,0xad,0x68,0xee,0x00,0x00,0x00,0xcb,0x40,0x46,0x07,0x00,0x00,0x68,0xe3,0x00,
0x00,0x00,0x26,0x00,0x00,0xc8,0x06,0x6b,0x3b,0x00,0x00,0x00,0xba,0xc8,0x07,0xc7,
0x07,0xcb,0x40,0x46,0x07,0x00,0x00,0xef,0xa5,0xf0,0x26,0xc7,0x06,0x41,0x52,0x01,
0x00,0x00,0x38,0x95,0x00,0x00,0x00,0x41,0x12,0x04,0x00,0x00,0xcb,0x40,0x46,0x07,
0x00,0x00,0xc7,0x07,0x46,0x24,0x01,0x00,0x24,0x01,0x00,0x0e,0x92,0x07,0xf2,0xd0,
0x0e,0xf2,0x15,0xc8,0x08,0x6b,0x10,0x00,0x00,0x00,0x38,0x83,0x01,0x00,0x00,0xc7,
0x08,0xf5,0x0e,0x06,0x6e,0x28,0x30,0x6b,0x15,0x00,0x00,0x00,0x38,0xfa,0x03,0x00,
0x00,0xcb,0x40,0x47,0x07,0x00,0x00,0xf5,0xc8,0x09,0x0e,0xf2,0x15,0xc8,0x0a,0x6b,
0x10,0x00,0x00,0x00,0x38,0x83,0x01,0x00,0x00,0xc7,0x0a,0xf5,0x0e,0x06,0x6e,0x28,
0x30,0xe5,0xc7,0x09,0xf5,0xf0,0x13,0xc7,0x05,0x41,0x4c,0x07,0x00,0x00,0xc7,0x09,
0x40,0x37,0x00,0x00,0x00,0x24,0x01,0x00,0x29,0x6b,0x26,0x00,0x00,0x00,0x38,0x0f,
0x04,0x00,0x00,0x11,0x04,0x34,0x00,0x00,0x00,0x0b,0xc7,0x09,0x4b,0x34,0x01,0x00,
0x00,0xc7,0x06,0x4b,0xde,0x03,0x00,0x00,0x21,0x02,0x00,0xc8,0x0b,0x0e,0xf2,0x15,
0xc8,0x0c,0x6b,0x10,0x00,0x00,0x00,0x38,0x83,0x01,0x00,0x00,0xc7,0x0c,0xf5,0x0e,
0x06,0x6e,0x28,0x30,0xc7,0x05,0x41,0xd2,0x01,0x00,0x00,0xc7,0x0b,0x24,0x01,0x00,
0x29,0xe5,0xcb,0xf5,0xf0,0x12,0xc7,0x05,0x41,0x4c,0x07,0x00,0x00,0xcb,0x40,0x37,
0x00,0x00,0x00,0x24,0x01,0x00,0x29,0x6b,0x1e,0x00,0x00,0x00,0x38,0x0f,0x04,0x00,
0x00,0x11,0x04,0x34,0x00,0x00,0x00,0x0b,0xcb,0x4b,0x34,0x01,0x00,0x00,0x21,0x02,
0x00,0xc8,0x0d,0x0e,0xf2,0x15,0xc8,0x0e,0x6b,0x10,0x00,0x00,0x00,0x38,0x83,0x01,
0x00,0x00,0xc7,0x0e,0xf5,0x0e,0x06,0x6e,0x28,0x30,0xc7,0x05,0x41,0xd2,0x01,0x00,
0x00,0xc7,0x0d,0x24,0x01,0x00,0x29,0xb4,0x04,0xd9,0x3b,0x24,0x5f,0x08,0x1b,0x17,
0x19,0x07,0x1a,0x00,0x09,0x0a,0x19,0x1b,0x32,0x5e,0x07,0x00,0x0c,0x08,0x09,0x81,
0x00,0x63,0x1b,0x20,0x22,0x27,0x21,0x1b,0x18,0x00,0x1d,0x08,0x82,0x01,0x44,0x79,
0x59,0x04,0xc3,0x04,0x35,0x23,0x25,0x16,0x34,0x44,0x9b,0x5d,0x1b,0x18,0x00,0x0d,
0x0a,0x17,0x1b,0x3a,0x63,0x39,0x1b,0x18,0x32,0x08,0x1c,0x1f,0x25,0x20,0x00,0x10,
0x0a,0x0b,0xd1,0x13,0x1b,0x18,0x2d,0x1b,0x25,0x20,0x28,0x00,0x17,0x1f,0x25,0x20,
0x00,0x0f,0x0a,0x0f,0xa9,0x0f,0x1b,0x18,0x2d,0x1b,0x25,0x20,0x00,0xc5,0x00,0xd1,
0xc5,0x01,0xd2,0xc5,0x08,0xc8,0x04,0x38,0x95,0x00,0x00,0x00,0xcf,0x38,0xbf,0x00,
0x00,0x00,0x11,0x21,0x00,0x00,0xd0,0xce,0x40,0x3f,0x00,0x00,0x00,0xc5,0x02,0x42,
0xd0,0x01,0x00,0x00,0xce,0x40,0x3f,0x00,0x00,0x00,0xc5,0x03,0x42,0xd1,0x01,0x00,
0x00,0xce,0x40,0x3f,0x00,0x00,0x00,0xc5,0x04,0x42,0xd2,0x01,0x00,0x00,0xce,0x40,
0x3f,0x00,0x00,0x00,0xc5,0x05,0x42,0x4c,0x07,0x00,0x00,0xce,0x40,0x3f,0x00,0x00,
0x00,0xc5,0x06,0x42,0xf1,0x03,0x00,0x00,0xce,0x40,0x3f,0x00,0x00,0x00,0xc5,0x07,
0x42,0xc6,0x05,0x00,0x00,0x38,0x95,0x00,0x00,0x00,0xce,0x42,0x3a,0x07,0x00,0x00,
0xcb,0x40,0x4f,0x05,0x00,0x00,0xc8,0x05,0x38,0x95,0x00,0x00,0x00,0xc5,0x09,0x42,
0x4f,0x05,0x00,0x00,0x29,0xb4,0x04,0xc8,0x3a,0x03,0x20,0x54,0x48,0x00,0x0a,0x5a,
0x43,0x00,0x0d,0x14,0x00,0x00,0x0d,0x16,0x00,0x00,0x0d,0x32,0x00,0x00,0x0d,0x1e,
0x00,0x00,0x0d,0x38,0x00,0x00,0x0d,0x0e,0x00,0x63,0x00,0x00,0x0c,0x43,0x0a,0x00,
0xa0,0x04,0x01,0x04,0x01,0x03,0x03,0x00,0x06,0xa7,0x01,0x05,0xa2,0x04,0x00,0x01,
0x40,0x02,0x9a,0x1d,0x00,0x00,0x40,0x00,0xba,0x18,0x00,0x01,0x00,0xcc,0x05,0x00,
0x02,0x00,0x9c,0x1d,0x00,0x03,0x40,0x01,0x0c,0x43,0x0a,0x00,0x00,0x00,0x08,0x00,
0x08,0x00,0x02,0x00,0xcb,0x01,0x08,0x9e,0x1d,0x00,0x00,0x00,0xa0,0x1d,0x00,0x01,
0x00,0x62,0x00,0x02,0x00,0xee,0x09,0x00,0x03,0x00,0x8c,0x12,0x00,0x04,0x00,0xba,
0x09,0x00,0x05,0x00,0xb0,0x04,0x06,0x00,0x03,0xb0,0x04,0x0a,0x00,0x03,0x9a,0x1d,
0x00,0x00,0x9c,0x1d,0x03,0x00,0x38,0x9e,0x00,0x00,0x00,0x41,0x1e,0x03,0x00,0x00,
0x07,0x24,0x01,0x00,0xcf,0x26,0x00,0x00,0xd0,0x38,0x9e,0x00,0x00,0x00,0x41,0x31,
0x00,0x00,0x00,0x38,0x95,0x00,0x00,0x00,0x24,0x01,0x00,0xd1,0xba,0xd2,0xce,0xcd,
0xef,0xa5,0x68,0x89,0x00,0x00,0x00,0xcd,0xce,0x46,0xc8,0x04,0xe3,0xc7,0x04,0x46,
0x11,0xf1,0x06,0x0e,0xe4,0xc7,0x04,0x46,0xf1,0x6e,0x6b,0x11,0x00,0x00,0x00,0x38,
0x95,0x00,0x00,0x00,0xc7,0x04,0x46,0xc8,0x05,0x0e,0xf2,0x0c,0xc8,0x06,0x6b,0x07,
0x00,0x00,0x00,0x0e,0xf2,0x52,0x30,0x6b,0x38,0x00,0x00,0x00,0x38,0x9e,0x00,0x00,
0x00,0x41,0x6d,0x00,0x00,0x00,0xcb,0xc7,0x04,0x0b,0x38,0xee,0x03,0x00,0x00,0xc7,
0x05,0xf5,0x4b,0x44,0x00,0x00,0x00,0x0a,0x4b,0x42,0x00,0x00,0x00,0x0a,0x4b,0x43,
0x00,0x00,0x00,0x0a,0x4b,0x41,0x00,0x00,0x00,0x24,0x03,0x00,0x0e,0x0e,0xf2,0x18,
0xc8,0x07,0x6b,0x13,0x00,0x00,0x00,0xcc,0x41,0x52,0x01,0x00,0x00,0xc7,0x04,0x24,
0x01,0x00,0x0e,0x0e,0xf2,0x02,0x30,0x92,0x03,0xf3,0x74,0xff,0x38,0xee,0x03,0x00,
0x00,0x0b,0xcb,0x4b,0x4f,0x07,0x00,0x00,0xcc,0x4b,0x50,0x07,0x00,0x00,0x23,0x01,
0x00,0xb4,0x04,0xab,0x3c,0x27,0x1a,0x35,0x14,0x63,0x25,0x3f,0x01,0x00,0x20,0x0a,
0x23,0x00,0x1d,0x0a,0x00,0x34,0x2c,0x30,0x0c,0x00,0x28,0x0c,0x37,0x20,0x1a,0x69,
0x13,0x00,0x0c,0x43,0x0a,0x00,0x00,0x01,0x08,0x01,0x07,0x00,0x01,0x00,0xb2,0x01,
0x09,0x8a,0x0c,0x00,0x01,0x00,0xa2,0x1d,0x00,0x00,0x00,0xc2,0x08,0x00,0x01,0x00,
0x62,0x00,0x02,0x00,0xee,0x09,0x00,0x03,0x00,0x8c,0x12,0x00,0x04,0x00,0xba,0x09,
0x00,0x05,0x00,0xb0,0x04,0x06,0x00,0x03,0xb0,0x04,0x0a,0x00,0x03,0x9c,0x1d,0x03,
0x00,0x38,0xfa,0x03,0x00,0x00,0xd7,0xf5,0xd3,0x11,0xf0,0x08,0x0e,0xcb,0x40,0x4f,
0x07,0x00,0x00,0x11,0xf1,0x03,0x0e,0x0b,0xd0,0x38,0x9e,0x00,0x00,0x00,0x41,0x31,
0x00,0x00,0x00,0xcc,0x24,0x01,0x00,0xd1,0xba,0xd2,0xce,0xcd,0xef,0xa5,0xf0,0x71,
0xcd,0xce,0x46,0xc8,0x04,0xe3,0xc7,0x04,0x46,0xf1,0x62,0x6b,0x13,0x00,0x00,0x00,
0x38,0xfa,0x03,0x00,0x00,0xcc,0xc7,0x04,0x46,0xf5,0xc8,0x05,0x0e,0xf2,0x0c,0xc8,
0x06,0x6b,0x07,0x00,0x00,0x00,0x0e,0xf2,0x44,0x30,0x6b,0x36,0x00,0x00,0x00,0x38,
0x9e,0x00,0x00,0x00,0x41,0x6d,0x00,0x00,0x00,0x38,0x95,0x00,0x00,0x00,0xc7,0x04,
0x0b,0xc7,0x05,0x4b,0x44,0x00,0x00,0x00,0x0a,0x4b,0x42,0x00,0x00,0x00,0x0a,0x4b,
0x43,0x00,0x00,0x00,0x0a,0x4b,0x41,0x00,0x00,0x00,0x24,0x03,0x00,0x0e,0x0e,0xf2,
0x0c,0xc8,0x07,0x6b,0x07,0x00,0x00,0x00,0x0e,0xf2,0x02,0x30,0x92,0x03,0xf2,0x8b,
0xcb,0x11,0xf0,0x08,0x0e,0xcb,0x40,0x50,0x07,0x00,0x00,0x11,0xf1,0x05,0x0e,0x26,
0x00,0x00,0x28,0xb4,0x04,0xc5,0x3c,0x27,0x12,0x1c,0x01,0x95,0x0f,0x2b,0x01,0x00,
0x15,0x0a,0x23,0x1b,0x32,0x00,0x1a,0x0a,0x31,0x34,0x2c,0x00,0x0c,0x43,0x0a,0x00,
0x00,0x01,0x00,0x01,0x04,0x00,0x01,0x00,0x10,0x01,0xba,0x11,0x00,0x01,0x00,0xa2,
0x04,0x00,0x01,0xe3,0x41,0x52,0x07,0x00,0x00,0x38,0xa2,0x00,0x00,0x00,0xd7,0xf5,
0x25,0x01,0x00,0xb4,0x04,0xdf,0x3c,0x0e,0x04,0x21,0x28,0x1b,0x0e,0x00,0x0c,0x43,
0x0a,0x00,0x00,0x02,0x00,0x02,0x05,0x00,0x01,0x00,0x17,0x02,0xb0,0x0f,0x00,0x01,
0x00,0xc2,0x08,0x00,0x01,0x00,0xa2,0x04,0x00,0x01,0xe3,0x41,0x53,0x07,0x00,0x00,
0x38,0xa1,0x00,0x00,0x00,0xd7,0xf5,0x38,0xa2,0x00,0x00,0x00,0xd8,0xf5,0x25,0x02,
0x00,0xb4,0x04,0xe2,0x3c,0x10,0x06,0x21,0x28,0x1b,0x0e,0x25,0x18,0x00,0x0c,0x43,
0x0a,0x00,0x00,0x03,0x00,0x03,0x06,0x00,0x01,0x00,0x1e,0x03,0xb0,0x0f,0x00,0x01,
0x00,0xba,0x11,0x00,0x01,0x00,0xc2,0x08,0x00,0x01,0x00,0xa2,0x04,0x00,0x01,0xe3,
0x41,0x54,0x07,0x00,0x00,0x38,0xa1,0x00,0x00,0x00,0xd7,0xf5,0x38,0xa2,0x00,0x00,
0x00,0xd8,0xf5,0x38,0xa2,0x00,0x00,0x00,0xd9,0xf5,0x25,0x03,0x00,0xb4,0x04,0xe5,
0x3c,0x0f,0x08,0x21,0x28,0x1b,0x0e,0x25,0x18,0x25,0x16,0x00,0x0c,0x43,0x0a,0x00,
0x00,0x01,0x00,0x01,0x04,0x00,0x01,0x00,0x10,0x01,0xb0,0x0f,0x00,0x01,0x00,0xa2,
0x04,0x00,0x01,0xe3,0x41,0x55,0x07,0x00,0x00,0x38,0xa1,0x00,0x00,0x00,0xd7,0xf5,
0x25,0x01,0x00,0xb4,0x04,0xe8,0x3c,0x10,0x04,0x21,0x28,0x1b,0x0e,0x00,0x38,0x9e,
0x00,0x00,0x00,0x41,0x1e,0x03,0x00,0x00,0x07,0x24,0x01,0x00,0xcf,0x38,0x9e,0x00,
0x00,0x00,0x41,0x31,0x00,0x00,0x00,0x38,0x95,0x00,0x00,0x00,0x24,0x01,0x00,0xd0,
0xba,0xd1,0xcd,0xcc,0xef,0xa5,0xf0,0x16,0xca,0xcd,0x46,0x1b,0x11,0xaf,0xf1,0x04,
0x1b,0x71,0x1b,0x1b,0xbb,0x1b,0x71,0x1b,0x48,0x92,0x02,0xf2,0xe6,0x0b,0xbb,0x4b,
0x56,0x07,0x00,0x00,0xbb,0x4b,0x57,0x07,0x00,0x00,0xbb,0x4b,0x58,0x07,0x00,0x00,
0xd2,0x38,0x95,0x00,0x00,0x00,0xc5,0x00,0x42,0x56,0x07,0x00,0x00,0x38,0x95,0x00,
0x00,0x00,0xc5,0x01,0x42,0x57,0x07,0x00,0x00,0x38,0x95,0x00,0x00,0x00,0x0b,0xc5,
0x02,0x4c,0x59,0x07,0x00,0x00,0x4b,0x59,0x07,0x00,0x00,0xc5,0x03,0x4c,0x5a,0x07,
0x00,0x00,0x4b,0x5a,0x07,0x00,0x00,0xc5,0x04,0x4c,0x5b,0x07,0x00,0x00,0x4b,0x5b,
0x07,0x00,0x00,0xc5,0x05,0x4c,0x5c,0x07,0x00,0x00,0x4b,0x5c,0x07,0x00,0x00,0x42,
0x58,0x07,0x00,0x00,0x29,0xb4,0x04,0xa2,0x3c,0x03,0x14,0x35,0x60,0x4e,0x2b,0x3f,
0x07,0x1b,0x26,0x00,0x29,0x0c,0x4d,0x00,0x0c,0x34,0x00,0x00,0x0c,0x32,0x00,0x00,
0x0c,0x43,0x0a,0x00,0x00,0x01,0x00,0x01,0x03,0x00,0x00,0x00,0x2a,0x01,0xaa,0x05,
0x00,0x01,0x00,0xd7,0xfb,0xf1,0x10,0x38,0xda,0x00,0x00,0x00,0x11,0x04,0x5d,0x07,
0x00,0x00,0x21,0x01,0x00,0x30,0x38,0xce,0x00,0x00,0x00,0x41,0x8a,0x00,0x00,0x00,
0x24,0x00,0x00,0x41,0x89,0x00,0x00,0x00,0xd7,0x24,0x01,0x00,0x29,0xb4,0x04,0x8d,
0x3d,0x21,0x0a,0x08,0x03,0x12,0x17,0x4f,0x17,0x34,0x10,0x2a,0x1e,0x00,0xc5,0x00,
0xcf,0xc5,0x01,0xd0,0xc5,0x02,0xd1,0xc5,0x03,0xd2,0xc5,0x04,0xc8,0x04,0xc5,0x05,
0xc8,0x05,0xc5,0x06,0xc8,0x06,0xc5,0x07,0xc8,0x07,0xc5,0x08,0xc8,0x08,0xc5,0x09,
0xc8,0x09,0xc5,0x0a,0xc8,0x0a,0xc5,0x0b,0xc8,0x0b,0xc5,0x0c,0xc8,0x0c,0xc5,0x0d,
0xc8,0x0d,0xc5,0x0e,0xc8,0x0e,0xc5,0x0f,0xc8,0x0f,0xc5,0x10,0xc8,0x10,0xc5,0x11,
0xc8,0x11,0xc5,0x12,0xc8,0x12,0xc5,0x13,0xc8,0x13,0xc5,0x14,0xc8,0x14,0xc5,0x15,
0xc8,0x15,0xc5,0x16,0xc8,0x16,0xc5,0x17,0xc8,0x17,0xc5,0x18,0xc8,0x18,0xc5,0x19,
0xc8,0x19,0xc5,0x1a,0xc8,0x1a,0xc5,0x1b,0xc8,0x1b,0xc5,0x1c,0xc8,0x1c,0xc5,0x1d,
0xc8,0x1d,0xcb,0xd7,0xf5,0x0e,0xcc,0xd7,0xf5,0x0e,0xcd,0xd7,0xf5,0x0e,0xce,0xf4,
0x0e,0xc7,0x04,0xf4,0x0e,0xc7,0x0d,0xf4,0x0e,0xc7,0x05,0xf4,0x0e,0xc7,0x06,0xd7,
0xf5,0x0e,0xc7,0x07,0xd7,0xf5,0x0e,0xc7,0x0e,0xd7,0xf5,0x0e,0xc7,0x0f,0xf4,0x0e,
0xc7,0x10,0xf4,0x0e,0xc7,0x11,0xd7,0xf5,0x0e,0xc7,0x12,0xd7,0xf5,0x0e,0xc7,0x13,
0xd7,0xf5,0x0e,0xc7,0x14,0xd7,0xf5,0x0e,0xc7,0x15,0xd7,0xf5,0x0e,0xc7,0x16,0xf4,
0x0e,0xc7,0x17,0xf4,0x0e,0xc7,0x18,0xf4,0x0e,0xc7,0x08,0xd7,0xf5,0x0e,0xc7,0x09,
0xd7,0xf5,0x0e,0xc7,0x0a,0xd7,0xf5,0x0e,0xc7,0x0b,0xd7,0xf5,0x0e,0xc7,0x0c,0xd7,
0xf5,0x0e,0xc7,0x19,0xd7,0xf5,0x0e,0xc7,0x1b,0xf4,0x0e,0xc7,0x1c,0xd7,0xf5,0x0e,
0xc7,0x1d,0xd7,0xf5,0x0e,0x38,0x95,0x00,0x00,0x00,0x40,0x5e,0x07,0x00,0x00,0xfb,
0xf1,0x0d,0x38,0x95,0x00,0x00,0x00,0xc5,0x1e,0x42,0x5e,0x07,0x00,0x00,0x29,0xb4,
0x04,0x01,0x01,0x67,0x00,0x74,0xdc,0x79,0x04,0x07,0x1a,0x12,0x19,0x07,0x22,0x12,
0x21,0x07,0x18,0x12,0x17,0x12,0x00,0x17,0x00,0x17,0x00,0x17,0x00,0x0c,0x1c,0x12,
0x1b,0x0c,0x16,0x12,0x15,0x0c,0x28,0x12,0x27,0x17,0x00,0x17,0x00,0x0c,0x22,0x12,
0x21,0x0c,0x1e,0x12,0x1d,0x0c,0x20,0x12,0x1f,0x0c,0x26,0x12,0x25,0x0c,0x1a,0x12,
0x19,0x17,0x00,0x17,0x00,0x17,0x00,0x0c,0x10,0x12,0x0f,0x0c,0x1a,0x12,0x19,0x0c,
0x24,0x12,0x23,0x0c,0x24,0x12,0x23,0x0c,0x18,0x12,0x17,0x0c,0x24,0x12,0x23,0x17,
0x00,0x0c,0x18,0x12,0x17,0x0c,0x1a,0x44,0x38,0x12,0x4d,0x00,0xc5,0x00,0x38,0x5f,
0x07,0x00,0x00,0xf5,0xd3,0x28,0xb4,0x04,0x01,0x01,0x05,0x00,0x02,0xa6,0x7a,0x06,
0x00,
};

const size_t qwrt_default_polyfill_len = 145265;
